CREATE DATABASE  IF NOT EXISTS `tc` /*!40100 DEFAULT CHARACTER SET utf8 COLLATE utf8_unicode_ci */;
USE `tc`;
-- MySQL dump 10.13  Distrib 5.7.17, for Win64 (x86_64)
--
-- Host: localhost    Database: tc
-- ------------------------------------------------------
-- Server version	5.6.37-log

/*!40101 SET @OLD_CHARACTER_SET_CLIENT=@@CHARACTER_SET_CLIENT */;
/*!40101 SET @OLD_CHARACTER_SET_RESULTS=@@CHARACTER_SET_RESULTS */;
/*!40101 SET @OLD_COLLATION_CONNECTION=@@COLLATION_CONNECTION */;
/*!40101 SET NAMES utf8 */;
/*!40103 SET @OLD_TIME_ZONE=@@TIME_ZONE */;
/*!40103 SET TIME_ZONE='+00:00' */;
/*!40014 SET @OLD_UNIQUE_CHECKS=@@UNIQUE_CHECKS, UNIQUE_CHECKS=0 */;
/*!40014 SET @OLD_FOREIGN_KEY_CHECKS=@@FOREIGN_KEY_CHECKS, FOREIGN_KEY_CHECKS=0 */;
/*!40101 SET @OLD_SQL_MODE=@@SQL_MODE, SQL_MODE='NO_AUTO_VALUE_ON_ZERO' */;
/*!40111 SET @OLD_SQL_NOTES=@@SQL_NOTES, SQL_NOTES=0 */;

--
-- Table structure for table `base_content`
--

DROP TABLE IF EXISTS `base_content`;
/*!40101 SET @saved_cs_client     = @@character_set_client */;
/*!40101 SET character_set_client = utf8 */;
CREATE TABLE `base_content` (
  `base_content_id` int(10) unsigned zerofill NOT NULL AUTO_INCREMENT,
  `base_content_type_id` int(10) unsigned zerofill NOT NULL,
  `base_content_key` varchar(45) COLLATE utf8_unicode_ci NOT NULL,
  `base_content_value` longtext COLLATE utf8_unicode_ci NOT NULL,
  `base_content_locale_id` int(10) unsigned zerofill NOT NULL,
  PRIMARY KEY (`base_content_id`)
) ENGINE=InnoDB AUTO_INCREMENT=74 DEFAULT CHARSET=utf8 COLLATE=utf8_unicode_ci;
/*!40101 SET character_set_client = @saved_cs_client */;

--
-- Dumping data for table `base_content`
--

LOCK TABLES `base_content` WRITE;
/*!40000 ALTER TABLE `base_content` DISABLE KEYS */;
INSERT INTO `base_content` VALUES (0000000001,0000000001,'title','Talent Cloud',0000000001),(0000000002,0000000001,'title','Nuage de talents',0000000002),(0000000004,0000000001,'helpLearn','Help / Learn',0000000001),(0000000005,0000000001,'helpLearn','Aide / Apprenez',0000000002),(0000000006,0000000001,'languageSelect','Français',0000000001),(0000000007,0000000001,'languageSelect','English',0000000002),(0000000008,0000000001,'loginLink','Login',0000000001),(0000000009,0000000001,'loginLink','S\'identifier',0000000002),(0000000010,0000000001,'logoutLink','Logout',0000000001),(0000000011,0000000001,'logoutLink','Se déconnecter',0000000002),(0000000012,0000000001,'registerLink','Register',0000000001),(0000000013,0000000001,'registerLink','Enregistrer',0000000002),(0000000014,0000000001,'applyNow','Apply Now',0000000001),(0000000015,0000000001,'applyNow','Appliquer maintenant',0000000002),(0000000016,0000000001,'searchPlaceholder','search',0000000001),(0000000017,0000000001,'searchPlaceholder','chercher',0000000002),(0000000018,0000000001,'homeLink','My TalentCloud',0000000001),(0000000019,0000000001,'homeLink','Mon Nuage de talents',0000000002),(0000000020,0000000001,'profileLink','My Profile',0000000001),(0000000021,0000000001,'profileLink','Mon profil',0000000002),(0000000022,0000000001,'jobPostersLink','My Job Posters',0000000001),(0000000023,0000000001,'jobPostersLink','Mes offres d\'emploi',0000000002),(0000000024,0000000001,'teamsLink','My Teams',0000000001),(0000000025,0000000001,'teamsLink','Mes équipes',0000000002),(0000000026,0000000001,'jobNumber','Job Number',0000000001),(0000000027,0000000001,'jobNumber','Numéro d\'emploi',0000000002),(0000000028,0000000001,'jobTitle','Job Title',0000000001),(0000000029,0000000001,'jobTitle','Profession',0000000002),(0000000030,0000000001,'jobLocation','Job Location',0000000001),(0000000031,0000000001,'jobLocation','Lieu de travail',0000000002),(0000000032,0000000001,'jobCity','City',0000000001),(0000000033,0000000001,'jobCity','Ville',0000000002),(0000000034,0000000001,'jobProvince','Province',0000000001),(0000000035,0000000001,'jobProvince','Province',0000000002),(0000000036,0000000001,'jobApplicantsSoFar','applicants so far',0000000001),(0000000037,0000000001,'jobApplicantsSoFar','demandeurs jusqu\'à présent',0000000002),(0000000038,0000000001,'jobTimeToClose','until close',0000000001),(0000000039,0000000001,'jobTimeToClose','jusqu\'à la fermeture',0000000002),(0000000040,0000000001,'jobUnitsToCloseHours','hours',0000000001),(0000000041,0000000001,'jobUnitsToCloseHours','heures',0000000002),(0000000042,0000000001,'jobUnitsToCloseDays','days',0000000001),(0000000043,0000000001,'jobUnitsToCloseDays','journées',0000000002),(0000000044,0000000001,'jobUnitsToCloseMonths','months',0000000001),(0000000045,0000000001,'jobUnitsToCloseMonths','mois',0000000002),(0000000046,0000000001,'jobUntilClose','until close',0000000001),(0000000047,0000000001,'jobUntilClose','jusqu\'à la fermeture',0000000002),(0000000048,0000000001,'jobTerm','term',0000000001),(0000000049,0000000001,'jobTerm','terme',0000000002),(0000000050,0000000001,'viewButton','View',0000000001),(0000000051,0000000001,'viewButton','Vue',0000000002),(0000000052,0000000001,'jobSalaryRange','Job Salary Range',0000000001),(0000000053,0000000001,'jobSalaryRange','Offre d\'emploi',0000000002),(0000000054,0000000001,'submitApplication','Submit Application',0000000001),(0000000055,0000000001,'submitApplication','Présenter une demande',0000000002),(0000000056,0000000001,'step1','Step 1',0000000001),(0000000057,0000000001,'step1','Step 1_fr',0000000002),(0000000058,0000000001,'step2','Step 2',0000000001),(0000000059,0000000001,'step2','Step 2_fr',0000000002),(0000000060,0000000001,'step3','Step 3',0000000001),(0000000061,0000000001,'step3','Step 3_fr',0000000002),(0000000062,0000000001,'review','Review',0000000001),(0000000063,0000000001,'review','Review_fr',0000000002),(0000000064,0000000001,'goToStep2','Go to Step 2',0000000001),(0000000065,0000000001,'goToStep2','Go to Step 2_fr',0000000002),(0000000066,0000000001,'goToStep1','Go to Step 1',0000000001),(0000000067,0000000001,'goToStep1','Go to Step 1_fr',0000000002),(0000000068,0000000001,'goToStep3','Go to Step 3',0000000001),(0000000069,0000000001,'goToStep3','Go to Step 3_fr',0000000002),(0000000070,0000000001,'goToReview','Go to Review',0000000001),(0000000071,0000000001,'goToReview','Go to Review_fr',0000000002),(0000000072,0000000001,'createJobPosterWindowTitle','Create Job Poster',0000000001),(0000000073,0000000001,'createJobPosterWindowTitle','Create Job Poster_fr',0000000002);
/*!40000 ALTER TABLE `base_content` ENABLE KEYS */;
UNLOCK TABLES;

--
-- Table structure for table `base_content_type`
--

DROP TABLE IF EXISTS `base_content_type`;
/*!40101 SET @saved_cs_client     = @@character_set_client */;
/*!40101 SET character_set_client = utf8 */;
CREATE TABLE `base_content_type` (
  `base_content_type_id` int(10) unsigned zerofill NOT NULL AUTO_INCREMENT,
  `base_content_type_name` varchar(45) DEFAULT NULL,
  PRIMARY KEY (`base_content_type_id`)
) ENGINE=InnoDB AUTO_INCREMENT=4 DEFAULT CHARSET=utf8;
/*!40101 SET character_set_client = @saved_cs_client */;

--
-- Dumping data for table `base_content_type`
--

LOCK TABLES `base_content_type` WRITE;
/*!40000 ALTER TABLE `base_content_type` DISABLE KEYS */;
INSERT INTO `base_content_type` VALUES (0000000001,'label'),(0000000002,'image'),(0000000003,'html');
/*!40000 ALTER TABLE `base_content_type` ENABLE KEYS */;
UNLOCK TABLES;

--
-- Table structure for table `city`
--

DROP TABLE IF EXISTS `city`;
/*!40101 SET @saved_cs_client     = @@character_set_client */;
/*!40101 SET character_set_client = utf8 */;
CREATE TABLE `city` (
  `city_id` int(10) unsigned zerofill NOT NULL AUTO_INCREMENT,
  `city_gps_coords` varchar(65) COLLATE utf8_unicode_ci DEFAULT NULL,
  `city_common_name` varchar(65) COLLATE utf8_unicode_ci NOT NULL,
  PRIMARY KEY (`city_id`)
) ENGINE=InnoDB AUTO_INCREMENT=3 DEFAULT CHARSET=utf8 COLLATE=utf8_unicode_ci;
/*!40101 SET character_set_client = @saved_cs_client */;

--
-- Dumping data for table `city`
--

LOCK TABLES `city` WRITE;
/*!40000 ALTER TABLE `city` DISABLE KEYS */;
INSERT INTO `city` VALUES (0000000001,'','Ottawa'),(0000000002,'','Montreal');
/*!40000 ALTER TABLE `city` ENABLE KEYS */;
UNLOCK TABLES;

--
-- Table structure for table `city_details`
--

DROP TABLE IF EXISTS `city_details`;
/*!40101 SET @saved_cs_client     = @@character_set_client */;
/*!40101 SET character_set_client = utf8 */;
CREATE TABLE `city_details` (
  `city_details_id` int(10) unsigned zerofill NOT NULL AUTO_INCREMENT,
  `city_details_city_id` int(10) NOT NULL,
  `city_details_locale_id` int(10) unsigned zerofill NOT NULL,
  `city_details_name` varchar(65) COLLATE utf8_unicode_ci NOT NULL,
  PRIMARY KEY (`city_details_id`)
) ENGINE=InnoDB AUTO_INCREMENT=3 DEFAULT CHARSET=utf8 COLLATE=utf8_unicode_ci;
/*!40101 SET character_set_client = @saved_cs_client */;

--
-- Dumping data for table `city_details`
--

LOCK TABLES `city_details` WRITE;
/*!40000 ALTER TABLE `city_details` DISABLE KEYS */;
INSERT INTO `city_details` VALUES (0000000001,1,0000000001,'Ottawa'),(0000000002,1,0000000002,'Ottawa');
/*!40000 ALTER TABLE `city_details` ENABLE KEYS */;
UNLOCK TABLES;

--
-- Table structure for table `department`
--

DROP TABLE IF EXISTS `department`;
/*!40101 SET @saved_cs_client     = @@character_set_client */;
/*!40101 SET character_set_client = utf8 */;
CREATE TABLE `department` (
  `department_id` int(10) unsigned zerofill NOT NULL AUTO_INCREMENT,
  `department_common_name` varchar(45) COLLATE utf8_unicode_ci NOT NULL,
  `department_province_id` int(10) unsigned zerofill NOT NULL,
  `department_city_id` int(10) unsigned zerofill NOT NULL,
  PRIMARY KEY (`department_id`)
) ENGINE=InnoDB AUTO_INCREMENT=3 DEFAULT CHARSET=utf8 COLLATE=utf8_unicode_ci;
/*!40101 SET character_set_client = @saved_cs_client */;

--
-- Dumping data for table `department`
--

LOCK TABLES `department` WRITE;
/*!40000 ALTER TABLE `department` DISABLE KEYS */;
INSERT INTO `department` VALUES (0000000001,'Natural Resources Canada',0000000009,0000000001);
/*!40000 ALTER TABLE `department` ENABLE KEYS */;
UNLOCK TABLES;

--
-- Table structure for table `department_details`
--

DROP TABLE IF EXISTS `department_details`;
/*!40101 SET @saved_cs_client     = @@character_set_client */;
/*!40101 SET character_set_client = utf8 */;
CREATE TABLE `department_details` (
  `department_details_id` int(10) unsigned zerofill NOT NULL AUTO_INCREMENT,
  `department_id` int(10) unsigned zerofill NOT NULL,
  `deparment_details_locale_id` int(10) unsigned zerofill NOT NULL,
  `department_details_name` varchar(65) COLLATE utf8_unicode_ci NOT NULL,
  PRIMARY KEY (`department_details_id`)
) ENGINE=InnoDB AUTO_INCREMENT=3 DEFAULT CHARSET=utf8 COLLATE=utf8_unicode_ci;
/*!40101 SET character_set_client = @saved_cs_client */;

--
-- Dumping data for table `department_details`
--

LOCK TABLES `department_details` WRITE;
/*!40000 ALTER TABLE `department_details` DISABLE KEYS */;
INSERT INTO `department_details` VALUES (0000000001,0000000001,0000000001,'National Resources Canada'),(0000000002,0000000001,0000000002,'Ressources naturelles Canada');
/*!40000 ALTER TABLE `department_details` ENABLE KEYS */;
UNLOCK TABLES;

--
-- Table structure for table `job_level`
--

DROP TABLE IF EXISTS `job_level`;
/*!40101 SET @saved_cs_client     = @@character_set_client */;
/*!40101 SET character_set_client = utf8 */;
CREATE TABLE `job_level` (
  `job_level_id` int(10) unsigned zerofill NOT NULL AUTO_INCREMENT,
  `job_level` varchar(5) COLLATE utf8_unicode_ci NOT NULL,
  PRIMARY KEY (`job_level_id`)
) ENGINE=InnoDB AUTO_INCREMENT=4 DEFAULT CHARSET=utf8 COLLATE=utf8_unicode_ci;
/*!40101 SET character_set_client = @saved_cs_client */;

--
-- Dumping data for table `job_level`
--

LOCK TABLES `job_level` WRITE;
/*!40000 ALTER TABLE `job_level` DISABLE KEYS */;
INSERT INTO `job_level` VALUES (0000000001,'CS1'),(0000000002,'CS2'),(0000000003,'CS3');
/*!40000 ALTER TABLE `job_level` ENABLE KEYS */;
UNLOCK TABLES;

--
-- Table structure for table `job_poster`
--

DROP TABLE IF EXISTS `job_poster`;
/*!40101 SET @saved_cs_client     = @@character_set_client */;
/*!40101 SET character_set_client = utf8 */;
CREATE TABLE `job_poster` (
  `job_poster_id` int(10) unsigned zerofill NOT NULL AUTO_INCREMENT,
  `job_term_id` int(10) unsigned zerofill NOT NULL,
  `job_poster_term_qty` varchar(5) COLLATE utf8_unicode_ci NOT NULL,
  `job_poster_job_min_level_id` int(10) unsigned zerofill NOT NULL,
  `job_poster_job_max_level_id` int(10) unsigned zerofill NOT NULL,
  `job_poster_start_date` datetime NOT NULL,
  `job_poster_end_date` datetime NOT NULL,
  `job_poster_close_date_time` datetime NOT NULL,
  `job_poster_department_id` int(10) NOT NULL,
  PRIMARY KEY (`job_poster_id`)
) ENGINE=InnoDB AUTO_INCREMENT=3 DEFAULT CHARSET=utf8 COLLATE=utf8_unicode_ci;
/*!40101 SET character_set_client = @saved_cs_client */;

--
-- Dumping data for table `job_poster`
--

LOCK TABLES `job_poster` WRITE;
/*!40000 ALTER TABLE `job_poster` DISABLE KEYS */;
INSERT INTO `job_poster` VALUES (0000000001,0000000002,'6',0000000001,0000000002,'2018-02-01 08:00:00','2018-08-01 17:00:00','2018-01-01 23:59:59',1);
/*!40000 ALTER TABLE `job_poster` ENABLE KEYS */;
UNLOCK TABLES;

--
-- Table structure for table `job_poster_application`
--

DROP TABLE IF EXISTS `job_poster_application`;
/*!40101 SET @saved_cs_client     = @@character_set_client */;
/*!40101 SET character_set_client = utf8 */;
CREATE TABLE `job_poster_application` (
  `job_poster_application_id` int(10) unsigned zerofill NOT NULL AUTO_INCREMENT,
  `application_job_poster_id` int(10) unsigned zerofill NOT NULL,
  `application_job_seeker_profile_id` int(10) unsigned zerofill NOT NULL,
  PRIMARY KEY (`job_poster_application_id`)
) ENGINE=InnoDB AUTO_INCREMENT=2 DEFAULT CHARSET=utf8 COLLATE=utf8_unicode_ci;
/*!40101 SET character_set_client = @saved_cs_client */;

--
-- Dumping data for table `job_poster_application`
--

LOCK TABLES `job_poster_application` WRITE;
/*!40000 ALTER TABLE `job_poster_application` DISABLE KEYS */;
INSERT INTO `job_poster_application` VALUES (0000000001,0000000001,0000000001);
/*!40000 ALTER TABLE `job_poster_application` ENABLE KEYS */;
UNLOCK TABLES;

--
-- Table structure for table `job_poster_details`
--

DROP TABLE IF EXISTS `job_poster_details`;
/*!40101 SET @saved_cs_client     = @@character_set_client */;
/*!40101 SET character_set_client = utf8 */;
CREATE TABLE `job_poster_details` (
  `job_poster_details` int(10) unsigned zerofill NOT NULL AUTO_INCREMENT,
  `job_poster_id` int(10) unsigned zerofill NOT NULL,
  `locale_id` int(10) unsigned zerofill NOT NULL,
  `job_poster_desc_title` varchar(65) COLLATE utf8_unicode_ci NOT NULL,
  `job_poster_desc_content` longtext COLLATE utf8_unicode_ci NOT NULL,
  PRIMARY KEY (`job_poster_details`)
) ENGINE=InnoDB AUTO_INCREMENT=3 DEFAULT CHARSET=utf8 COLLATE=utf8_unicode_ci;
/*!40101 SET character_set_client = @saved_cs_client */;

--
-- Dumping data for table `job_poster_details`
--

LOCK TABLES `job_poster_details` WRITE;
/*!40000 ALTER TABLE `job_poster_details` DISABLE KEYS */;
INSERT INTO `job_poster_details` VALUES (0000000001,0000000001,0000000001,'Web Developer','This is the description for the job in English'),(0000000002,0000000001,0000000002,'Développeur web','This is the description for the job in French');
/*!40000 ALTER TABLE `job_poster_details` ENABLE KEYS */;
UNLOCK TABLES;

--
-- Table structure for table `job_poster_v1`
--

DROP TABLE IF EXISTS `job_poster_v1`;
/*!40101 SET @saved_cs_client     = @@character_set_client */;
/*!40101 SET character_set_client = utf8 */;
CREATE TABLE `job_poster_v1` (
  `job_poster_id` int(10) unsigned zerofill NOT NULL AUTO_INCREMENT,
  `job_number` int(10) unsigned zerofill NOT NULL,
  `job_poster_title` varchar(65) COLLATE utf8_unicode_ci NOT NULL,
  `job_poster_description` mediumtext COLLATE utf8_unicode_ci NOT NULL,
  `job_term_id` int(10) unsigned zerofill NOT NULL,
  `job_poster_term_qty` varchar(5) COLLATE utf8_unicode_ci NOT NULL,
  `job_poster_job_min_level_id` int(10) unsigned zerofill NOT NULL,
  `job_poster_job_max_level_id` int(10) unsigned zerofill NOT NULL,
  `job_poster_start_date` datetime NOT NULL,
  `job_poster_end_date` datetime NOT NULL,
  `job_poster_close_date_time` datetime NOT NULL,
  `job_poster_department_id` int(10) unsigned zerofill NOT NULL,
  `job_poster_location_province_id` int(10) unsigned zerofill NOT NULL,
  `job_poster_location_city_id` int(10) unsigned zerofill NOT NULL,
  PRIMARY KEY (`job_poster_id`)
) ENGINE=InnoDB DEFAULT CHARSET=utf8 COLLATE=utf8_unicode_ci;
/*!40101 SET character_set_client = @saved_cs_client */;

--
-- Dumping data for table `job_poster_v1`
--

LOCK TABLES `job_poster_v1` WRITE;
/*!40000 ALTER TABLE `job_poster_v1` DISABLE KEYS */;
/*!40000 ALTER TABLE `job_poster_v1` ENABLE KEYS */;
UNLOCK TABLES;

--
-- Table structure for table `job_seeker_profile`
--

DROP TABLE IF EXISTS `job_seeker_profile`;
/*!40101 SET @saved_cs_client     = @@character_set_client */;
/*!40101 SET character_set_client = utf8 */;
CREATE TABLE `job_seeker_profile` (
  `job_seeker_profile_id` int(10) unsigned zerofill NOT NULL AUTO_INCREMENT,
  `job_seeker_profile_link` varchar(65) COLLATE utf8_unicode_ci DEFAULT NULL,
  `job_seeker_profile_accomp` longtext COLLATE utf8_unicode_ci NOT NULL,
  `job_seeker_profile_best_exp` longtext COLLATE utf8_unicode_ci NOT NULL,
  `job_seeker_profile_worst_exp` longtext COLLATE utf8_unicode_ci NOT NULL,
  `job_seeker_profile_superpower` longtext COLLATE utf8_unicode_ci NOT NULL,
  `last_updated` timestamp NOT NULL DEFAULT CURRENT_TIMESTAMP,
  PRIMARY KEY (`job_seeker_profile_id`)
) ENGINE=InnoDB AUTO_INCREMENT=2 DEFAULT CHARSET=utf8 COLLATE=utf8_unicode_ci;
/*!40101 SET character_set_client = @saved_cs_client */;

--
-- Dumping data for table `job_seeker_profile`
--

LOCK TABLES `job_seeker_profile` WRITE;
/*!40000 ALTER TABLE `job_seeker_profile` DISABLE KEYS */;
INSERT INTO `job_seeker_profile` VALUES (0000000001,'http://www.mysite.ca','These are my accomplishments','This is my best experience','This is my worst experience','This is my superpower','2017-11-28 02:46:28');
/*!40000 ALTER TABLE `job_seeker_profile` ENABLE KEYS */;
UNLOCK TABLES;

--
-- Table structure for table `job_term`
--

DROP TABLE IF EXISTS `job_term`;
/*!40101 SET @saved_cs_client     = @@character_set_client */;
/*!40101 SET character_set_client = utf8 */;
CREATE TABLE `job_term` (
  `job_term_id` int(10) unsigned zerofill NOT NULL AUTO_INCREMENT,
  `job_term` varchar(45) COLLATE utf8_unicode_ci NOT NULL,
  `job_term_locale_id` int(10) unsigned zerofill NOT NULL,
  PRIMARY KEY (`job_term_id`)
) ENGINE=InnoDB AUTO_INCREMENT=9 DEFAULT CHARSET=utf8 COLLATE=utf8_unicode_ci;
/*!40101 SET character_set_client = @saved_cs_client */;

--
-- Dumping data for table `job_term`
--

LOCK TABLES `job_term` WRITE;
/*!40000 ALTER TABLE `job_term` DISABLE KEYS */;
INSERT INTO `job_term` VALUES (0000000001,'week',0000000001),(0000000002,'month',0000000001),(0000000003,'year',0000000001),(0000000004,'permanent',0000000001),(0000000005,'semaine',0000000002),(0000000006,'mois',0000000002),(0000000007,'an',0000000002),(0000000008,'permanent',0000000002);
/*!40000 ALTER TABLE `job_term` ENABLE KEYS */;
UNLOCK TABLES;

--
-- Table structure for table `locale`
--

DROP TABLE IF EXISTS `locale`;
/*!40101 SET @saved_cs_client     = @@character_set_client */;
/*!40101 SET character_set_client = utf8 */;
CREATE TABLE `locale` (
  `locale_id` int(10) unsigned zerofill NOT NULL AUTO_INCREMENT,
  `locale_iso` varchar(12) COLLATE utf8_unicode_ci NOT NULL,
  PRIMARY KEY (`locale_id`)
) ENGINE=InnoDB AUTO_INCREMENT=3 DEFAULT CHARSET=utf8 COLLATE=utf8_unicode_ci;
/*!40101 SET character_set_client = @saved_cs_client */;

--
-- Dumping data for table `locale`
--

LOCK TABLES `locale` WRITE;
/*!40000 ALTER TABLE `locale` DISABLE KEYS */;
INSERT INTO `locale` VALUES (0000000001,'en_CA'),(0000000002,'fr_CA');
/*!40000 ALTER TABLE `locale` ENABLE KEYS */;
UNLOCK TABLES;

--
-- Table structure for table `province`
--

DROP TABLE IF EXISTS `province`;
/*!40101 SET @saved_cs_client     = @@character_set_client */;
/*!40101 SET character_set_client = utf8 */;
CREATE TABLE `province` (
  `province_id` int(10) unsigned zerofill NOT NULL AUTO_INCREMENT,
  `province_common_name` varchar(45) COLLATE utf8_unicode_ci DEFAULT NULL,
  PRIMARY KEY (`province_id`)
) ENGINE=InnoDB AUTO_INCREMENT=40 DEFAULT CHARSET=utf8 COLLATE=utf8_unicode_ci;
/*!40101 SET character_set_client = @saved_cs_client */;

--
-- Dumping data for table `province`
--

LOCK TABLES `province` WRITE;
/*!40000 ALTER TABLE `province` DISABLE KEYS */;
INSERT INTO `province` VALUES (0000000001,'Alberta'),(0000000002,'British Columbia'),(0000000003,'Manitoba'),(0000000004,'Newfoundland and Labrador'),(0000000005,'New Brunswick'),(0000000006,'Nova Scotia'),(0000000007,'Nunavut'),(0000000008,'North West Territories'),(0000000009,'Ontario'),(0000000010,'Prince Edward Island'),(0000000011,'Quebec'),(0000000012,'Saskatchewan'),(0000000013,'Yukon');
/*!40000 ALTER TABLE `province` ENABLE KEYS */;
UNLOCK TABLES;

--
-- Table structure for table `province_details`
--

DROP TABLE IF EXISTS `province_details`;
/*!40101 SET @saved_cs_client     = @@character_set_client */;
/*!40101 SET character_set_client = utf8 */;
CREATE TABLE `province_details` (
  `province_details_id` int(10) unsigned zerofill NOT NULL AUTO_INCREMENT,
  `province_details_province_id` int(10) unsigned zerofill NOT NULL,
  `province_details_locale_id` int(10) unsigned zerofill NOT NULL,
  `province_details_name` varchar(45) COLLATE utf8_unicode_ci NOT NULL,
  PRIMARY KEY (`province_details_id`)
) ENGINE=InnoDB AUTO_INCREMENT=27 DEFAULT CHARSET=utf8 COLLATE=utf8_unicode_ci;
/*!40101 SET character_set_client = @saved_cs_client */;

--
-- Dumping data for table `province_details`
--

LOCK TABLES `province_details` WRITE;
/*!40000 ALTER TABLE `province_details` DISABLE KEYS */;
INSERT INTO `province_details` VALUES (0000000001,0000000001,0000000001,'Alberta'),(0000000002,0000000001,0000000002,'Alberta'),(0000000003,0000000002,0000000001,'British Columbia'),(0000000004,0000000002,0000000002,'Colombie-Britannique'),(0000000005,0000000003,0000000001,'Manitoba'),(0000000006,0000000003,0000000002,'Manitoba'),(0000000007,0000000004,0000000001,'New Brunswick'),(0000000008,0000000004,0000000002,'Nouveau-Brunswick'),(0000000009,0000000005,0000000001,'Newfoundland and Labrador'),(0000000010,0000000005,0000000002,'Terre-Neuve-et-Labrador'),(0000000011,0000000006,0000000001,'Nova Scotia'),(0000000012,0000000006,0000000002,'Nouvelle-Écosse'),(0000000013,0000000007,0000000001,'Northwest Territories'),(0000000014,0000000007,0000000002,'Territoires du Nord-Ouest'),(0000000015,0000000008,0000000001,'Nunavut'),(0000000016,0000000008,0000000002,'Nunavut'),(0000000017,0000000009,0000000001,'Ontario'),(0000000018,0000000009,0000000002,'Ontario'),(0000000019,0000000010,0000000001,'Prince Edward Island'),(0000000020,0000000010,0000000002,'Île-du-Prince-Édouard'),(0000000021,0000000011,0000000001,'Quebec'),(0000000022,0000000011,0000000002,'Québec'),(0000000023,0000000012,0000000001,'Saskatchewan'),(0000000024,0000000012,0000000002,'Saskatchewan'),(0000000025,0000000013,0000000001,'Yukon'),(0000000026,0000000013,0000000002,'Yukon');
/*!40000 ALTER TABLE `province_details` ENABLE KEYS */;
UNLOCK TABLES;

--
-- Table structure for table `user`
--

DROP TABLE IF EXISTS `user`;
/*!40101 SET @saved_cs_client     = @@character_set_client */;
/*!40101 SET character_set_client = utf8 */;
CREATE TABLE `user` (
  `user_id` int(10) unsigned zerofill NOT NULL AUTO_INCREMENT,
  `email` varchar(65) COLLATE utf8_unicode_ci NOT NULL,
  `password` varchar(45) COLLATE utf8_unicode_ci NOT NULL,
  `firstname` varchar(65) COLLATE utf8_unicode_ci DEFAULT NULL,
  `lastname` varchar(65) COLLATE utf8_unicode_ci DEFAULT NULL,
  `is_confirmed` tinyint(1) DEFAULT '0',
  `user_role_id` int(10) unsigned zerofill NOT NULL,
  PRIMARY KEY (`user_id`),
  UNIQUE KEY `email_UNIQUE` (`email`)
) ENGINE=InnoDB AUTO_INCREMENT=15 DEFAULT CHARSET=utf8 COLLATE=utf8_unicode_ci;
/*!40101 SET character_set_client = @saved_cs_client */;

--
-- Dumping data for table `user`
--

LOCK TABLES `user` WRITE;
/*!40000 ALTER TABLE `user` DISABLE KEYS */;
INSERT INTO `user` VALUES (0000000001,'gregg@blackchicken.ca','73ba3da8dd8d8cb991487261ef51f2cb','Gregg','Bowden',1,0000000001),(0000000013,'test1234@test.com','cc03e747a6afbbcbf8be7668acfebee5',NULL,NULL,0,0000000001),(0000000014,'test@test.com','cc03e747a6afbbcbf8be7668acfebee5',NULL,NULL,0,0000000001);
/*!40000 ALTER TABLE `user` ENABLE KEYS */;
UNLOCK TABLES;

--
-- Table structure for table `user_role`
--

DROP TABLE IF EXISTS `user_role`;
/*!40101 SET @saved_cs_client     = @@character_set_client */;
/*!40101 SET character_set_client = utf8 */;
CREATE TABLE `user_role` (
  `user_role_id` int(10) unsigned zerofill NOT NULL AUTO_INCREMENT,
  `user_role` varchar(45) COLLATE utf8_unicode_ci DEFAULT NULL,
  PRIMARY KEY (`user_role_id`)
) ENGINE=InnoDB AUTO_INCREMENT=4 DEFAULT CHARSET=utf8 COLLATE=utf8_unicode_ci;
/*!40101 SET character_set_client = @saved_cs_client */;

--
-- Dumping data for table `user_role`
--

LOCK TABLES `user_role` WRITE;
/*!40000 ALTER TABLE `user_role` DISABLE KEYS */;
INSERT INTO `user_role` VALUES (0000000001,'jobseeker'),(0000000002,'manager'),(0000000003,'administrator');
/*!40000 ALTER TABLE `user_role` ENABLE KEYS */;
UNLOCK TABLES;

--
-- Table structure for table `user_token`
--

DROP TABLE IF EXISTS `user_token`;
/*!40101 SET @saved_cs_client     = @@character_set_client */;
/*!40101 SET character_set_client = utf8 */;
CREATE TABLE `user_token` (
  `user_token_id` int(10) unsigned zerofill NOT NULL AUTO_INCREMENT,
  `user_id` int(10) unsigned zerofill NOT NULL,
  `access_token` varchar(255) COLLATE utf8_unicode_ci NOT NULL,
  `expires_in` int(5) NOT NULL,
  `token_type` varchar(45) COLLATE utf8_unicode_ci NOT NULL,
  `scope` varchar(45) COLLATE utf8_unicode_ci DEFAULT NULL,
  PRIMARY KEY (`user_token_id`)
) ENGINE=InnoDB AUTO_INCREMENT=18 DEFAULT CHARSET=utf8 COLLATE=utf8_unicode_ci;
/*!40101 SET character_set_client = @saved_cs_client */;

--
-- Dumping data for table `user_token`
--

LOCK TABLES `user_token` WRITE;
/*!40000 ALTER TABLE `user_token` DISABLE KEYS */;
INSERT INTO `user_token` VALUES (0000000003,0000000001,'584753cecea90389ff8fcb7de926001bb7cac18c33bbce47',3600,'bearer',NULL),(0000000004,0000000001,'d3415fe20ac801aef5d79b5cef35f0f9736f5c742ba83130',3600,'bearer',NULL),(0000000005,0000000013,'bb559b175696ddcbe36ac69fba491b2df37ec2f83eb877d0',3600,'bearer',NULL),(0000000006,0000000001,'2c87d5158b8e98cab8732c65fce35aa79a88395d6e0a42afa7e5bf59c6e6935c',3600,'bearer',NULL),(0000000007,0000000001,'32784c4b257c5f37e50a9b5b6d60817d88ea1d04e9b7cb333cafb3ca50aec735',3600,'bearer',NULL),(0000000008,0000000001,'32784c4b257c5f37e50a9b5b6d60817d88ea1d04e9b7cb333cafb3ca50aec735',3600,'bearer',NULL),(0000000009,0000000001,'32784c4b257c5f37e50a9b5b6d60817d88ea1d04e9b7cb333cafb3ca50aec735',3601,'bearer',NULL),(0000000010,0000000001,'32784c4b257c5f37e50a9b5b6d60817d88ea1d04e9b7cb333cafb3ca50aec735',1512498964,'bearer',NULL),(0000000011,0000000001,'32784c4b257c5f37e50a9b5b6d60817d88ea1d04e9b7cb333cafb3ca50aec735',1512499089,'bearer',NULL),(0000000012,0000000001,'5f1eb12f250122a55770b3d0829ebd5abb060c322cd37d0ac98f2823ce91c91e',1512502489,'bearer',NULL),(0000000013,0000000001,'5f1eb12f250122a55770b3d0829ebd5abb060c322cd37d0ac98f2823ce91c91e',1512502649,'bearer',NULL),(0000000014,0000000001,'5237f29ef702d1e415580ed6f9f2ab5c3819dbc3489129e6bbef051a9d2ee904',1512503019,'bearer',NULL),(0000000015,0000000001,'5237f29ef702d1e415580ed6f9f2ab5c3819dbc3489129e6bbef051a9d2ee904',1512503051,'bearer',NULL),(0000000016,0000000001,'5237f29ef702d1e415580ed6f9f2ab5c3819dbc3489129e6bbef051a9d2ee904',1512503398,'bearer',NULL),(0000000017,0000000001,'5237f29ef702d1e415580ed6f9f2ab5c3819dbc3489129e6bbef051a9d2ee904',1512507627,'bearer',NULL);
/*!40000 ALTER TABLE `user_token` ENABLE KEYS */;
UNLOCK TABLES;
/*!40103 SET TIME_ZONE=@OLD_TIME_ZONE */;

/*!40101 SET SQL_MODE=@OLD_SQL_MODE */;
/*!40014 SET FOREIGN_KEY_CHECKS=@OLD_FOREIGN_KEY_CHECKS */;
/*!40014 SET UNIQUE_CHECKS=@OLD_UNIQUE_CHECKS */;
/*!40101 SET CHARACTER_SET_CLIENT=@OLD_CHARACTER_SET_CLIENT */;
/*!40101 SET CHARACTER_SET_RESULTS=@OLD_CHARACTER_SET_RESULTS */;
/*!40101 SET COLLATION_CONNECTION=@OLD_COLLATION_CONNECTION */;
/*!40111 SET SQL_NOTES=@OLD_SQL_NOTES */;

-- Dump completed on 2017-12-05 15:06:47
