CREATE DATABASE  IF NOT EXISTS `talentcloud` /*!40100 DEFAULT CHARACTER SET utf8 */;
USE `talentcloud`;
-- MySQL dump 10.13  Distrib 5.7.17, for Win64 (x86_64)
--
-- Host: localhost    Database: talentcloud
-- ------------------------------------------------------
-- Server version	5.7.22-0ubuntu0.16.04.1

/*!40101 SET @OLD_CHARACTER_SET_CLIENT=@@CHARACTER_SET_CLIENT */;
/*!40101 SET @OLD_CHARACTER_SET_RESULTS=@@CHARACTER_SET_RESULTS */;
/*!40101 SET @OLD_COLLATION_CONNECTION=@@COLLATION_CONNECTION */;
/*!40101 SET NAMES utf8 */;
/*!40103 SET @OLD_TIME_ZONE=@@TIME_ZONE */;
/*!40103 SET TIME_ZONE='+00:00' */;
/*!40014 SET @OLD_UNIQUE_CHECKS=@@UNIQUE_CHECKS, UNIQUE_CHECKS=0 */;
/*!40014 SET @OLD_FOREIGN_KEY_CHECKS=@@FOREIGN_KEY_CHECKS, FOREIGN_KEY_CHECKS=0 */;
/*!40101 SET @OLD_SQL_MODE=@@SQL_MODE, SQL_MODE='NO_AUTO_VALUE_ON_ZERO' */;
/*!40111 SET @OLD_SQL_NOTES=@@SQL_NOTES, SQL_NOTES=0 */;

--
-- Table structure for table `application_asset_skill_declaration`
--

DROP TABLE IF EXISTS `application_asset_skill_declaration`;
/*!40101 SET @saved_cs_client     = @@character_set_client */;
/*!40101 SET character_set_client = utf8 */;
CREATE TABLE `application_asset_skill_declaration` (
  `application_asset_skill_declaration_id` int(10) unsigned zerofill NOT NULL AUTO_INCREMENT,
  `job_poster_application_id` int(10) unsigned zerofill NOT NULL,
  `job_poster_developing_competency_id` int(10) unsigned zerofill NOT NULL,
  `skill_declaration_id` int(10) unsigned zerofill NOT NULL,
  `is_active` tinyint(4) NOT NULL,
  `last_updated` timestamp NOT NULL DEFAULT CURRENT_TIMESTAMP,
  PRIMARY KEY (`application_asset_skill_declaration_id`),
  KEY `fk_evidence_id_idx` (`skill_declaration_id`),
  CONSTRAINT `fk_asset_skill_declaration_id0` FOREIGN KEY (`skill_declaration_id`) REFERENCES `skill_declaration` (`skill_declaration_id`) ON DELETE CASCADE ON UPDATE CASCADE
) ENGINE=InnoDB DEFAULT CHARSET=utf8;
/*!40101 SET character_set_client = @saved_cs_client */;

--
-- Dumping data for table `application_asset_skill_declaration`
--

LOCK TABLES `application_asset_skill_declaration` WRITE;
/*!40000 ALTER TABLE `application_asset_skill_declaration` DISABLE KEYS */;
/*!40000 ALTER TABLE `application_asset_skill_declaration` ENABLE KEYS */;
UNLOCK TABLES;

--
-- Table structure for table `application_essential_skill_declaration`
--

DROP TABLE IF EXISTS `application_essential_skill_declaration`;
/*!40101 SET @saved_cs_client     = @@character_set_client */;
/*!40101 SET character_set_client = utf8 */;
CREATE TABLE `application_essential_skill_declaration` (
  `application_essential_skill_declaration_id` int(10) unsigned zerofill NOT NULL AUTO_INCREMENT,
  `skill_declaration_id` int(10) unsigned zerofill NOT NULL,
  `job_poster_application_id` int(10) unsigned zerofill NOT NULL,
  `job_poster_core_competency_id` int(10) unsigned zerofill NOT NULL,
  `is_active` tinyint(4) NOT NULL,
  `last_updated` timestamp NOT NULL DEFAULT CURRENT_TIMESTAMP,
  PRIMARY KEY (`application_essential_skill_declaration_id`),
  KEY `fk_evidence_id_idx` (`skill_declaration_id`),
  CONSTRAINT `fk_essential_skill_declaration_id` FOREIGN KEY (`skill_declaration_id`) REFERENCES `skill_declaration` (`skill_declaration_id`) ON DELETE CASCADE ON UPDATE CASCADE
) ENGINE=InnoDB DEFAULT CHARSET=utf8;
/*!40101 SET character_set_client = @saved_cs_client */;

--
-- Dumping data for table `application_essential_skill_declaration`
--

LOCK TABLES `application_essential_skill_declaration` WRITE;
/*!40000 ALTER TABLE `application_essential_skill_declaration` DISABLE KEYS */;
/*!40000 ALTER TABLE `application_essential_skill_declaration` ENABLE KEYS */;
UNLOCK TABLES;

--
-- Table structure for table `application_micro_reference`
--

DROP TABLE IF EXISTS `application_micro_reference`;
/*!40101 SET @saved_cs_client     = @@character_set_client */;
/*!40101 SET character_set_client = utf8 */;
CREATE TABLE `application_micro_reference` (
  `application_micro_reference_id` int(10) unsigned zerofill NOT NULL AUTO_INCREMENT,
  `job_poster_application_id` int(10) unsigned zerofill NOT NULL,
  `criteria_id` int(10) unsigned zerofill NOT NULL,
  `micro_reference_id` int(10) unsigned zerofill NOT NULL,
  `is_active` tinyint(4) NOT NULL DEFAULT '1',
  PRIMARY KEY (`application_micro_reference_id`),
  KEY `fk_application_micro_reference_application_id_idx` (`job_poster_application_id`),
  KEY `fk_application_micro_reference_criteria_id_idx` (`criteria_id`),
  KEY `fk_application_micro_reference_micro_reference_id_idx` (`micro_reference_id`),
  CONSTRAINT `fk_application_micro_reference_application_id` FOREIGN KEY (`job_poster_application_id`) REFERENCES `job_poster_application` (`job_poster_application_id`) ON DELETE CASCADE ON UPDATE CASCADE,
  CONSTRAINT `fk_application_micro_reference_criteria_id` FOREIGN KEY (`criteria_id`) REFERENCES `criteria` (`criteria_id`) ON DELETE NO ACTION ON UPDATE CASCADE,
  CONSTRAINT `fk_application_micro_reference_micro_reference_id` FOREIGN KEY (`micro_reference_id`) REFERENCES `micro_reference` (`micro_reference_id`) ON DELETE CASCADE ON UPDATE CASCADE
) ENGINE=InnoDB DEFAULT CHARSET=utf8;
/*!40101 SET character_set_client = @saved_cs_client */;

--
-- Dumping data for table `application_micro_reference`
--

LOCK TABLES `application_micro_reference` WRITE;
/*!40000 ALTER TABLE `application_micro_reference` DISABLE KEYS */;
/*!40000 ALTER TABLE `application_micro_reference` ENABLE KEYS */;
UNLOCK TABLES;

--
-- Table structure for table `application_status`
--

DROP TABLE IF EXISTS `application_status`;
/*!40101 SET @saved_cs_client     = @@character_set_client */;
/*!40101 SET character_set_client = utf8 */;
CREATE TABLE `application_status` (
  `application_status_id` int(10) unsigned zerofill NOT NULL AUTO_INCREMENT,
  `application_status` varchar(45) COLLATE utf8_unicode_ci NOT NULL,
  PRIMARY KEY (`application_status_id`)
) ENGINE=InnoDB AUTO_INCREMENT=6 DEFAULT CHARSET=utf8 COLLATE=utf8_unicode_ci;
/*!40101 SET character_set_client = @saved_cs_client */;

--
-- Dumping data for table `application_status`
--

LOCK TABLES `application_status` WRITE;
/*!40000 ALTER TABLE `application_status` DISABLE KEYS */;
INSERT INTO `application_status` VALUES (0000000001,'Draft'),(0000000002,'Submitted'),(0000000003,'Requires Action'),(0000000004,'Under Review'),(0000000005,'Rejected');
/*!40000 ALTER TABLE `application_status` ENABLE KEYS */;
UNLOCK TABLES;

--
-- Table structure for table `application_status_details`
--

DROP TABLE IF EXISTS `application_status_details`;
/*!40101 SET @saved_cs_client     = @@character_set_client */;
/*!40101 SET character_set_client = utf8 */;
CREATE TABLE `application_status_details` (
  `application_status_details_id` int(10) unsigned zerofill NOT NULL AUTO_INCREMENT,
  `application_status_id` int(10) unsigned zerofill NOT NULL,
  `application_status_locale_id` int(10) unsigned zerofill NOT NULL,
  `application_status` varchar(45) COLLATE utf8_unicode_ci DEFAULT NULL,
  PRIMARY KEY (`application_status_details_id`)
) ENGINE=InnoDB AUTO_INCREMENT=11 DEFAULT CHARSET=utf8 COLLATE=utf8_unicode_ci;
/*!40101 SET character_set_client = @saved_cs_client */;

--
-- Dumping data for table `application_status_details`
--

LOCK TABLES `application_status_details` WRITE;
/*!40000 ALTER TABLE `application_status_details` DISABLE KEYS */;
INSERT INTO `application_status_details` VALUES (0000000001,0000000001,0000000001,'Draft'),(0000000002,0000000001,0000000002,'Provisoire'),(0000000003,0000000002,0000000001,'Submitted'),(0000000004,0000000002,0000000002,'Soumis'),(0000000005,0000000003,0000000001,'Requires Action'),(0000000006,0000000003,0000000002,'Nécessite une action'),(0000000007,0000000004,0000000001,'Under Review'),(0000000008,0000000004,0000000002,'À l\'étude'),(0000000009,0000000005,0000000001,'Rejected'),(0000000010,0000000005,0000000002,'Rejeté');
/*!40000 ALTER TABLE `application_status_details` ENABLE KEYS */;
UNLOCK TABLES;

--
-- Table structure for table `application_work_sample`
--

DROP TABLE IF EXISTS `application_work_sample`;
/*!40101 SET @saved_cs_client     = @@character_set_client */;
/*!40101 SET character_set_client = utf8 */;
CREATE TABLE `application_work_sample` (
  `application_work_sample_id` int(10) unsigned zerofill NOT NULL AUTO_INCREMENT,
  `job_poster_application_id` int(10) unsigned zerofill NOT NULL,
  `criteria_id` int(10) unsigned zerofill NOT NULL,
  `work_sample_id` int(10) unsigned zerofill NOT NULL,
  `is_active` tinyint(4) NOT NULL DEFAULT '1',
  PRIMARY KEY (`application_work_sample_id`),
  KEY `fk_application_work_sample_application_id_idx` (`job_poster_application_id`),
  KEY `fk_application_work_sample_criteria_id_idx` (`criteria_id`),
  KEY `fk_application_work_sample_id_idx` (`work_sample_id`),
  CONSTRAINT `fk_application_work_sample_application_id` FOREIGN KEY (`job_poster_application_id`) REFERENCES `job_poster_application` (`job_poster_application_id`) ON DELETE CASCADE ON UPDATE CASCADE,
  CONSTRAINT `fk_application_work_sample_criteria_id` FOREIGN KEY (`criteria_id`) REFERENCES `criteria` (`criteria_id`) ON DELETE NO ACTION ON UPDATE CASCADE,
  CONSTRAINT `fk_application_work_sample_id` FOREIGN KEY (`work_sample_id`) REFERENCES `work_sample` (`work_sample_id`) ON DELETE CASCADE ON UPDATE CASCADE
) ENGINE=InnoDB DEFAULT CHARSET=utf8;
/*!40101 SET character_set_client = @saved_cs_client */;

--
-- Dumping data for table `application_work_sample`
--

LOCK TABLES `application_work_sample` WRITE;
/*!40000 ALTER TABLE `application_work_sample` DISABLE KEYS */;
/*!40000 ALTER TABLE `application_work_sample` ENABLE KEYS */;
UNLOCK TABLES;

--
-- Table structure for table `base_content`
--

DROP TABLE IF EXISTS `base_content`;
/*!40101 SET @saved_cs_client     = @@character_set_client */;
/*!40101 SET character_set_client = utf8 */;
CREATE TABLE `base_content` (
  `base_content_id` int(10) unsigned zerofill NOT NULL AUTO_INCREMENT,
  `base_content_type_id` int(10) unsigned zerofill NOT NULL,
  `base_content_key` varchar(64) COLLATE utf8_unicode_ci NOT NULL,
  `base_content_value` longtext COLLATE utf8_unicode_ci NOT NULL,
  `base_content_locale_id` int(10) unsigned zerofill NOT NULL,
  PRIMARY KEY (`base_content_id`)
) ENGINE=InnoDB AUTO_INCREMENT=750 DEFAULT CHARSET=utf8 COLLATE=utf8_unicode_ci;
/*!40101 SET character_set_client = @saved_cs_client */;

--
-- Dumping data for table `base_content`
--

LOCK TABLES `base_content` WRITE;
/*!40000 ALTER TABLE `base_content` DISABLE KEYS */;
INSERT INTO `base_content` VALUES (0000000001,0000000001,'title','Talent Cloud',0000000001),(0000000002,0000000001,'title','Nuage de talents',0000000002),(0000000004,0000000001,'helpLearn','Help / Learn',0000000001),(0000000005,0000000001,'helpLearn','Aide / Apprenez',0000000002),(0000000006,0000000001,'languageSelect','Français',0000000001),(0000000007,0000000001,'languageSelect','English',0000000002),(0000000008,0000000001,'loginLink','Login',0000000001),(0000000009,0000000001,'loginLink','S\'identifier',0000000002),(0000000010,0000000001,'logoutLink','Logout',0000000001),(0000000011,0000000001,'logoutLink','Se déconnecter',0000000002),(0000000012,0000000001,'registerLink','Register',0000000001),(0000000013,0000000001,'registerLink','Enregistrer',0000000002),(0000000014,0000000001,'applyNow','Apply Now',0000000001),(0000000015,0000000001,'applyNow','Appliquer maintenant',0000000002),(0000000016,0000000001,'searchPlaceholder','search',0000000001),(0000000017,0000000001,'searchPlaceholder','chercher',0000000002),(0000000018,0000000001,'homeLink','Home',0000000001),(0000000019,0000000001,'homeLink','Accueil',0000000002),(0000000020,0000000001,'profileLink','My Profile',0000000001),(0000000021,0000000001,'profileLink','Mon profil',0000000002),(0000000022,0000000001,'jobPostersLink','My Job Posters',0000000001),(0000000023,0000000001,'jobPostersLink','Mes offres d\'emploi',0000000002),(0000000024,0000000001,'teamsLink','My Teams',0000000001),(0000000025,0000000001,'teamsLink','Mes équipes',0000000002),(0000000026,0000000001,'jobNumber','Job Number',0000000001),(0000000027,0000000001,'jobNumber','Numéro d\'emploi',0000000002),(0000000028,0000000001,'jobTitle','Job Title',0000000001),(0000000029,0000000001,'jobTitle','Profession',0000000002),(0000000030,0000000001,'jobLocation','Job Location',0000000001),(0000000031,0000000001,'jobLocation','Lieu de travail',0000000002),(0000000032,0000000001,'jobCity','City',0000000001),(0000000033,0000000001,'jobCity','Ville',0000000002),(0000000034,0000000001,'jobProvince','Province',0000000001),(0000000035,0000000001,'jobProvince','Province',0000000002),(0000000036,0000000001,'jobApplicantsSoFar','applicants so far',0000000001),(0000000037,0000000001,'jobApplicantsSoFar','demandeurs jusqu\'à présent',0000000002),(0000000038,0000000001,'jobTimeToClose','until close',0000000001),(0000000039,0000000001,'jobTimeToClose','jusqu\'à la fermeture',0000000002),(0000000040,0000000001,'jobUnitsToCloseHours','hours',0000000001),(0000000041,0000000001,'jobUnitsToCloseHours','heures',0000000002),(0000000042,0000000001,'jobUnitsToCloseDays','days',0000000001),(0000000043,0000000001,'jobUnitsToCloseDays','journées',0000000002),(0000000044,0000000001,'jobUnitsToCloseMonths','months',0000000001),(0000000045,0000000001,'jobUnitsToCloseMonths','mois',0000000002),(0000000046,0000000001,'jobUntilClose','until close',0000000001),(0000000047,0000000001,'jobUntilClose','jusqu\'à la fermeture',0000000002),(0000000048,0000000001,'jobTerm','term',0000000001),(0000000049,0000000001,'jobTerm','terme',0000000002),(0000000050,0000000001,'viewButton','View',0000000001),(0000000051,0000000001,'viewButton','Vue',0000000002),(0000000052,0000000001,'jobSalaryRange','Salary range:',0000000001),(0000000053,0000000001,'jobSalaryRange','Offre d\'emploi :',0000000002),(0000000054,0000000001,'submitApplication','Submit Application',0000000001),(0000000055,0000000001,'submitApplication','Présenter une demande',0000000002),(0000000056,0000000001,'step1','About',0000000001),(0000000057,0000000001,'step1','Sur',0000000002),(0000000058,0000000001,'step2','Leadership',0000000001),(0000000059,0000000001,'step2','Direction',0000000002),(0000000060,0000000001,'step3','Other',0000000001),(0000000061,0000000001,'step3','Autre',0000000002),(0000000062,0000000001,'review','Review',0000000001),(0000000063,0000000001,'review','La revue',0000000002),(0000000064,0000000001,'goToStep2','Go to Step 2',0000000001),(0000000065,0000000001,'goToStep2','Aller à l\'étape 2',0000000002),(0000000066,0000000001,'goToStep1','Go to Step 1',0000000001),(0000000067,0000000001,'goToStep1','Aller à l\'étape 1',0000000002),(0000000068,0000000001,'goToStep3','Go to Step 3',0000000001),(0000000069,0000000001,'goToStep3','Aller à l\'étape 3',0000000002),(0000000070,0000000001,'goToReview','Go to Review',0000000001),(0000000071,0000000001,'goToReview','Aller à la revue',0000000002),(0000000072,0000000001,'createJobPosterWindowTitle','Create Job Poster',0000000001),(0000000073,0000000001,'createJobPosterWindowTitle','Créer une affiche d\'emploi',0000000002),(0000000074,0000000001,'createProfileWindowTitle','Create/Edit Profile',0000000001),(0000000075,0000000001,'createProfileWindowTitle','Créer / Modifier un profil',0000000002),(0000000076,0000000001,'required','Required',0000000001),(0000000077,0000000001,'required','Champs obligatoires',0000000002),(0000000078,0000000001,'submit','Submit',0000000001),(0000000079,0000000001,'submit','Soumettre',0000000002),(0000000080,0000000001,'createJobPosterSubmitInstructions','Submit to publish new job poster.',0000000001),(0000000081,0000000001,'createJobPosterSubmitInstructions','Soumettre pour publier une nouvelle affiche d\'emploi.',0000000002),(0000000082,0000000001,'generalInformation','General Information',0000000001),(0000000083,0000000001,'generalInformation','Informations générales',0000000002),(0000000084,0000000001,'aboutMe','About Me',0000000001),(0000000085,0000000001,'aboutMe','À propos de moi',0000000002),(0000000086,0000000001,'generalInformation','General Information',0000000001),(0000000087,0000000001,'generalInformation','Informations générales',0000000002),(0000000088,0000000001,'aboutMe','About Me',0000000001),(0000000089,0000000001,'aboutMe','À propos de moi',0000000002),(0000000090,0000000001,'aLittleBitAboutMe','A little bit about me',0000000001),(0000000091,0000000001,'aLittleBitAboutMe','Un peu à propos de moi',0000000002),(0000000092,0000000001,'whatImMostProudOfInCareer','What I\'m most proud of in my career',0000000001),(0000000093,0000000001,'whatImMostProudOfInCareer','Ce dont je suis le plus fier dans ma carrière',0000000002),(0000000094,0000000001,'position','Position',0000000001),(0000000095,0000000001,'position','Position',0000000002),(0000000096,0000000001,'department','Department',0000000001),(0000000097,0000000001,'department','Département',0000000002),(0000000098,0000000001,'branch','Branch',0000000001),(0000000099,0000000001,'branch','Branche',0000000002),(0000000100,0000000001,'division','Division',0000000001),(0000000101,0000000001,'division','Division',0000000002),(0000000102,0000000001,'leadershipStyle','Leadership Style',0000000001),(0000000103,0000000001,'leadershipStyle','Style de leadership',0000000002),(0000000104,0000000001,'myLeadershipStyle','My Leadership Style',0000000001),(0000000105,0000000001,'myLeadershipStyle','Mon style de leadership',0000000002),(0000000106,0000000001,'myApproachToEmployee','My approach to employee learning and development',0000000001),(0000000107,0000000001,'myApproachToEmployee','Mon approche de l\'apprentissage et du développement des employés',0000000002),(0000000108,0000000001,'myExpectationsOfEmployees','My expectations of employees',0000000001),(0000000109,0000000001,'myExpectationsOfEmployees','Mes attentes envers les employés',0000000002),(0000000110,0000000001,'myApproachToDecisionMaking','My approach to decision-making',0000000001),(0000000111,0000000001,'myApproachToDecisionMaking','Mon approche de la prise de décision',0000000002),(0000000112,0000000001,'workExperience','Work Experience',0000000001),(0000000113,0000000001,'workExperience','L\'expérience professionnelle',0000000002),(0000000114,0000000001,'education','Education',0000000001),(0000000115,0000000001,'education','Éducation',0000000002),(0000000116,0000000001,'howOftenDoYouReview','How often do you review your team\'s work before it is shared?',0000000001),(0000000117,0000000001,'howOftenDoYouReview','À quelle fréquence examinez-vous le travail de votre équipe avant de le partager?',0000000002),(0000000118,0000000001,'howOftenDoYouStayLate','How often do you get in early or stay late to get some extra work done?',0000000001),(0000000119,0000000001,'howOftenDoYouStayLate','À quelle fréquence arrivez-vous tôt ou tardez-vous à faire du travail supplémentaire?',0000000002),(0000000120,0000000001,'almostNever','Almost never',0000000001),(0000000121,0000000001,'almostNever','Presque jamais',0000000002),(0000000122,0000000001,'rarely','Rarely',0000000001),(0000000123,0000000001,'rarely','Rarement',0000000002),(0000000124,0000000001,'sometimes','Sometimes',0000000001),(0000000125,0000000001,'sometimes','Parfois',0000000002),(0000000126,0000000001,'usually','Usually',0000000001),(0000000127,0000000001,'usually','Habituellement',0000000002),(0000000128,0000000001,'almostAlways','Almost always',0000000001),(0000000129,0000000001,'almostAlways','Presque toujours',0000000002),(0000000130,0000000001,'name','Name',0000000001),(0000000131,0000000001,'name','Nom',0000000002),(0000000132,0000000001,'at','at',0000000001),(0000000133,0000000001,'at','à',0000000002),(0000000134,0000000001,'howOftenDoYouEngage','How often do you engage your team before responding to management?',0000000001),(0000000135,0000000001,'howOftenDoYouEngage','À quelle fréquence engagez-vous votre équipe avant de répondre à la direction?',0000000002),(0000000136,0000000001,'howOftenDoYouApproveDevelopment','How often do you approve development opportunities for your employees?',0000000001),(0000000137,0000000001,'howOftenDoYouApproveDevelopment','À quelle fréquence approuvez-vous les opportunités de développement pour vos employés?',0000000002),(0000000138,0000000001,'browseLink','Browse Jobs',0000000001),(0000000139,0000000001,'browseLink','Parcourir les travaux',0000000002),(0000000140,0000000001,'gctc','GC Talent Cloud',0000000001),(0000000141,0000000001,'gctc','Nuage de talents du GC',0000000002),(0000000142,0000000001,'canadaLink','Visit Canada.ca',0000000001),(0000000143,0000000001,'canadaLink','Visiter Canada.ca',0000000002),(0000000144,0000000001,'canadaLinkHref','https://www.canada.ca/en.html',0000000001),(0000000145,0000000001,'canadaLinkHref','https://www.canada.ca/fr.html',0000000002),(0000000146,0000000001,'taglineMain','People want meaningful work.',0000000001),(0000000147,0000000001,'taglineMain','Les gens veulent un travail valorisant.',0000000002),(0000000148,0000000001,'taglineSecondary','The jobs are not real (for now). The platform is experimental.',0000000001),(0000000149,0000000001,'taglineSecondary','Les emplois ne sont pas reels (pour l\'instant). La plateforme est expérimentale.',0000000002),(0000000150,0000000001,'taglineTertiary','Help us build a new hiring model for the Government of Canada.',0000000001),(0000000151,0000000001,'taglineTertiary','Aidez-nous à élaborer un nouveau modèle d\'embauche pour le gouvernement du Canada.',0000000002),(0000000152,0000000001,'howItWorksHeading','How It Works',0000000001),(0000000153,0000000001,'howItWorksHeading','Comment fonctionne-t- il?',0000000002),(0000000154,0000000001,'howItWorksLead','GC Talent Cloud connects you to teams and projects where you can use your unique skills to make a difference in the lives of Canadians.',0000000001),(0000000155,0000000001,'howItWorksLead','Le Nuage des talents du GC vous relie à des équipes et à des projets vous permettant d\'utiliser\nvos compétences uniques pour faire une différence dans la vie des Canadiens.',0000000002),(0000000156,0000000001,'logoSrc','/images/talent-cloud-logo_full.png',0000000001),(0000000157,0000000001,'logoSrc','/images/talent-cloud-logo_FR.png',0000000002),(0000000158,0000000001,'logoAlt','GC Talent Cloud graphic',0000000001),(0000000159,0000000001,'logoAlt','Graphique de Nuage de talents du GC',0000000002),(0000000160,0000000001,'browseTitle','Browse Jobs',0000000001),(0000000161,0000000001,'browseTitle','Parcourir les travaux',0000000002),(0000000162,0000000001,'ownYourStory','Own Your Story',0000000001),(0000000163,0000000001,'ownYourStory','Assumez votre histoire',0000000002),(0000000164,0000000001,'ownYourStoryText','Everyone is unique. Participate in a job selection process that lets you tell your story your way.',0000000001),(0000000165,0000000001,'ownYourStoryText','Chacun est unique. Participez à un processus de sélection d\'emploi qui vous permet de\nraconter votre histoire à votre façon.',0000000002),(0000000166,0000000001,'getFound','Get Found',0000000001),(0000000167,0000000001,'getFound','Sortez du lot',0000000002),(0000000168,0000000001,'getFoundText','Learn about the work environment and teams that are part of the jobs you’re interested in. Showcase your unique skills and experiences for hiring managers across the country.',0000000001),(0000000169,0000000001,'getFoundText','Renseignez-vous sur les équipes et le milieu de travail qui font partie des emplois qui\nvous intéressent. Présentez vos compétences et expériences uniques aux gestionnaires\nd’embauche partout au pays.',0000000002),(0000000170,0000000001,'contribute','Contribute',0000000001),(0000000171,0000000001,'contribute','Contribuez',0000000002),(0000000172,0000000001,'contributeText','Find meaningful work that has an impact on Canadians... and be part of the effort to design a new platform for project-based work in Government.\n',0000000001),(0000000173,0000000001,'contributeText','Trouvez un travail significatif qui a une incidence sur les Canadiens et participez à la\nconception d\'une nouvelle plateforme pour le travail axé sur les projets du\ngouvernement.',0000000002),(0000000174,0000000001,'howItWorksLeadOut','We want GC Talent Cloud to be a drive engine that allows more Canadians to have a chance to work in Government. We want diverse talent to bring new ideas that will shape programs and services across Canada.',0000000001),(0000000175,0000000001,'howItWorksLeadOut','Nous voulons voir le Nuage de talents GC devenir un moteur qui offre la chance de travailler au\ngouvernement à un plus grand nombre de Canadiens. Nous voulons des talents diversifiés qui\napportent des idées neuves et façonneront les programmes et services partout au Canada.',0000000002),(0000000176,0000000001,'howItWorksLast','Interested in chatting about a potential partnership?',0000000001),(0000000177,0000000001,'howItWorksLast','Vous voulez discuter d\'un éventuel partenariat? Communiquez avec nous!',0000000002),(0000000178,0000000001,'contactUs','Contact Us!',0000000001),(0000000179,0000000001,'contactUs','Contactez-nous!',0000000002),(0000000180,0000000001,'transcript','Transcript',0000000001),(0000000181,0000000001,'transcript','Transcription',0000000002),(0000000182,0000000001,'ourTeam','Our Team',0000000001),(0000000183,0000000001,'ourTeam','Notre équipe',0000000002),(0000000184,0000000001,'ourTeamText','We are a small but growing team of public servants passionate about the future of talent in Canada. Learn more about us and make your own contribution to GC Talent Cloud by joining us on one of these channels.',0000000001),(0000000185,0000000001,'ourTeamText','Nous formons une petite équipe en pleine croissance de fonctionnaires qui se passionnent pour\nl\'avenir du talent au Canada. Apprenez-en davantage à notre sujet et apportez votre propre\ncontribution au Nuage de talents du GC en vous joignant à nous sur l’un de ces canaux.',0000000002),(0000000186,0000000001,'announcement','This site is under construction. The jobs are not in fact real at the moment.',0000000001),(0000000187,0000000001,'announcement','Ce site est en construction. Les emplois ne sont pas réels en ce moment.',0000000002),(0000000188,0000000001,'readMore','Read More',0000000001),(0000000189,0000000001,'readMore','En Savoir Plus',0000000002),(0000000190,0000000001,'createJobApplicationWindowTitle','My Job Application',0000000001),(0000000191,0000000001,'createJobApplicationWindowTitle','Ma Demande d\'Emploi',0000000002),(0000000192,0000000001,'createJobApplicationJobTitleLabel','for the position of',0000000001),(0000000193,0000000001,'createJobApplicationJobTitleLabel','pour le position de',0000000002),(0000000194,0000000001,'createJobApplicationConfirmationPositionLabel','You have applied to the position of:',0000000001),(0000000195,0000000001,'createJobApplicationConfirmationPositionLabel','Vous avez postulé à la position de:',0000000002),(0000000196,0000000001,'jobApplicationConfirmationTrackingReminder','Track the application from your Dashboard.',0000000001),(0000000197,0000000001,'jobApplicationConfirmationTrackingReminder','Suivez l\'application sur votre Dashboard.',0000000002),(0000000198,0000000001,'continueToDashboard','Continue to Dashboard',0000000001),(0000000199,0000000001,'continueToDashboard','Continuez au Dashboard',0000000002),(0000000200,0000000001,'adminPortal','Admin Portal',0000000001),(0000000201,0000000001,'adminPortal','Portail d\'administration',0000000002),(0000000202,0000000001,'applicantPortal','Applicant Portal',0000000001),(0000000203,0000000001,'applicantPortal','Portail demandeur',0000000002),(0000000204,0000000001,'dashBoardLink','Dashboard',0000000001),(0000000205,0000000001,'dashBoardLink','Tableau de bord',0000000002),(0000000206,0000000001,'yourApplicationsTitle','Your Applications',0000000001),(0000000207,0000000001,'yourApplicationsTitle','Vos applications',0000000002),(0000000208,0000000001,'adminTagline','Changing government through it\'s people',0000000001),(0000000209,0000000001,'adminTagline','Changer le gouvernement à travers ses gens',0000000002),(0000000210,0000000001,'adminAboutMe','About Me',0000000001),(0000000211,0000000001,'adminAboutMe','À propos de moi',0000000002),(0000000212,0000000001,'adminProfilePositionLabel','Position',0000000001),(0000000213,0000000001,'adminProfilePositionLabel','Position',0000000002),(0000000214,0000000001,'adminProfileDepartmentLabel','Department',0000000001),(0000000215,0000000001,'adminProfileDepartmentLabel','Département',0000000002),(0000000216,0000000001,'adminProfileBranchLabel','Branch',0000000001),(0000000217,0000000001,'adminProfileBranchLabel','Branche',0000000002),(0000000218,0000000001,'teamCulture','Team Culture',0000000001),(0000000219,0000000001,'teamCulture','Culture d\'Équippe',0000000002),(0000000220,0000000001,'teamSize','Team size:',0000000001),(0000000221,0000000001,'teamSize','Taille d\'équippe :',0000000002),(0000000222,0000000001,'gcDirectoryLink','Meet the team in',0000000001),(0000000223,0000000001,'gcDirectoryLink','Rencontrez l\'équippe à',0000000002),(0000000224,0000000001,'teamSizePrompt','What is the size of the team?',0000000001),(0000000225,0000000001,'teamSizePrompt','Combien de personnes dans l\'équipe?',0000000002),(0000000226,0000000001,'gcDirectoryLinkPrompt','Link to the team in GC Directory',0000000001),(0000000227,0000000001,'gcDirectoryLinkPrompt','Lien à l\'équippe en GC Directory',0000000002),(0000000228,0000000001,'teamNarrativePrompt','Tell us what makes your team unique. What are your team\'s vision, values, and expectations?',0000000001),(0000000229,0000000001,'teamNarrativePrompt','Dites-nous ce qui rend votre équipe unique. Quelles sont la vision, les valeurs et les attentes de votre équipe?',0000000002),(0000000230,0000000001,'workEnvironment','Work Environment',0000000001),(0000000231,0000000001,'workEnvironment','Environnement de Travail',0000000002),(0000000232,0000000001,'remoteLocationAllowed','Remote location allowed',0000000001),(0000000233,0000000001,'remoteLocationAllowed','Emplacement distant autorisé',0000000002),(0000000234,0000000001,'teleworkAllowed','Telework allowed',0000000001),(0000000235,0000000001,'teleworkAllowed','Télétravail autorisé',0000000002),(0000000236,0000000001,'flexHoursAllowed','Flexible hours allowed',0000000001),(0000000237,0000000001,'flexHoursAllowed','Heures flexibles autorisé',0000000002),(0000000238,0000000001,'yes','Yes',0000000001),(0000000239,0000000001,'yes','Oui',0000000002),(0000000240,0000000001,'no','No',0000000001),(0000000241,0000000001,'no','Non',0000000002),(0000000242,0000000001,'physicalEnvironment','Physical Environment',0000000001),(0000000243,0000000001,'physicalEnvironment','Environment Physique',0000000002),(0000000244,0000000001,'jobReferenceId','Reference ID',0000000001),(0000000245,0000000001,'jobReferenceId','ID de référence',0000000002),(0000000246,0000000001,'openEndedQuestions','Open Ended Questions',0000000001),(0000000247,0000000001,'openEndedQuestions','Questions ouverts',0000000002),(0000000248,0000000001,'skipNavText','Skip to main content',0000000001),(0000000249,0000000001,'skipNavText','Passer au contenu principal',0000000002),(0000000250,0000000001,'profileBasicInfoEditTitle','Edit your basic info',0000000001),(0000000251,0000000001,'profileBasicInfoEditTitle','Modifier vos informations de base',0000000002),(0000000252,0000000001,'updateProfilePhotoTitle','Change Display Picture',0000000001),(0000000253,0000000001,'updateProfilePhotoTitle','Modifier l\'image affichée',0000000002),(0000000254,0000000001,'updateProfilePhotoDraggableAreaLabel','Drag New Photo',0000000001),(0000000255,0000000001,'updateProfilePhotoDraggableAreaLabel','Glisser-déposez une photo',0000000002),(0000000256,0000000001,'updateProfilePhotoDraggableAreaErrorSize','File Larger Than 2MB',0000000001),(0000000257,0000000001,'updateProfilePhotoDraggableAreaErrorSize','Fichier de plus de 2MB',0000000002),(0000000258,0000000001,'updateProfilePhotoDraggableAreaErrorType','Please Use .JPG, .JPEG, or .PNG.',0000000001),(0000000259,0000000001,'updateProfilePhotoDraggableAreaErrorType','Veuillez utiliser .JPG, .JPEG ou .PNG.',0000000002),(0000000260,0000000001,'updateProfileOrCopy','or',0000000001),(0000000261,0000000001,'updateProfileOrCopy','ou',0000000002),(0000000262,0000000001,'updateProfileChoosePhotoButtonLabelSpan','Choose File...',0000000001),(0000000263,0000000001,'updateProfileChoosePhotoButtonLabelSpan','Choisir un fichier...',0000000002),(0000000264,0000000001,'updateProfileChoosePhotoButton','User Profile Photo',0000000001),(0000000265,0000000001,'updateProfileChoosePhotoButton','Photo du profil de l\'utilisateur',0000000002),(0000000266,0000000001,'updateProfileChooseAltPhotoButtonLabelSpan','Choose Another File...',0000000001),(0000000267,0000000001,'updateProfileChooseAltPhotoButtonLabelSpan','Choisissez un autre fichier...',0000000002),(0000000268,0000000001,'updateProfileChooseAltPhotoButton','User Profile Photo',0000000001),(0000000269,0000000001,'updateProfileChooseAltPhotoButton','Photo du profil de l\'utilisateur',0000000002),(0000000270,0000000001,'updateProfilePhotoCancelButton','Remove Photo',0000000001),(0000000271,0000000001,'updateProfilePhotoCancelButton','Retirer la photo',0000000002),(0000000272,0000000001,'updateProfileApplicantProfileFormNameLabelSpan','First Name:',0000000001),(0000000273,0000000001,'updateProfileApplicantProfileFormNameLabelSpan','Prénom:',0000000002),(0000000274,0000000001,'profileEditName','profileEditFirstName',0000000001),(0000000275,0000000001,'profileEditName','profilModifierLePrénom',0000000002),(0000000276,0000000001,'updateProfileApplicantProfileFormLastNameLabelSpan','Last Name:',0000000001),(0000000277,0000000001,'updateProfileApplicantProfileFormLastNameLabelSpan','Nom de famille:',0000000002),(0000000278,0000000001,'profileEditLastName','profileEditLastName',0000000001),(0000000279,0000000001,'profileEditLastName','profilModifierLeNomDeFamille',0000000002),(0000000280,0000000001,'updateProfileApplicantProfileFormTaglineLabelSpan','Tagline',0000000001),(0000000281,0000000001,'updateProfileApplicantProfileFormTaglineLabelSpan','Slogan',0000000002),(0000000282,0000000001,'profileEditTagline','profileEditTagline',0000000001),(0000000283,0000000001,'profileEditTagline','profileModifierLeSlogan',0000000002),(0000000284,0000000001,'updateProfileApplicantProfileFormTwitterLabelSpan','Twitter Handle:',0000000001),(0000000285,0000000001,'updateProfileApplicantProfileFormTwitterLabelSpan','Nom d\'utilisateur de Twitter',0000000002),(0000000286,0000000001,'profileEditTwitter','profileEditTwitter',0000000001),(0000000287,0000000001,'profileEditTwitter','profilModifierTwitter',0000000002),(0000000288,0000000001,'updateProfileApplicantProfileFormLinkedinLabelSpan','LinkedIn Profile Address:',0000000001),(0000000289,0000000001,'updateProfileApplicantProfileFormLinkedinLabelSpan','Adresse du profil LinkedIn:',0000000002),(0000000290,0000000001,'profileEditLinkedin','profileEditLinkedin',0000000001),(0000000291,0000000001,'profileEditLinkedin','profilModifierLinkedin',0000000002),(0000000292,0000000001,'profileBasicInfoEditCancel','Cancel',0000000001),(0000000293,0000000001,'profileBasicInfoEditCancel','Annuler',0000000002),(0000000294,0000000001,'profileBasicInfoEditSave','Save',0000000001),(0000000295,0000000001,'profileBasicInfoEditSave','Enregistrer',0000000002),(0000000296,0000000001,'profilePicUploadBtn','Save',0000000001),(0000000297,0000000001,'profilePicUploadBtn','Enregistrer',0000000002),(0000000298,0000000001,'loginFormTitle','Login to TalentCloud',0000000001),(0000000299,0000000001,'loginFormTitle','Connectez-vous à TalentCloud',0000000002),(0000000300,0000000001,'loginModalCopySpan','Welcome to TalentCloud! ',0000000001),(0000000301,0000000001,'loginModalCopySpan','Bienvenue à TalentCloud! ',0000000002),(0000000302,0000000001,'switchToRegister','Don\'t have an account? Click here to register.',0000000001),(0000000303,0000000001,'switchToRegister','Vous n\'avez pas de compte? Cliquez ici pour vous inscrire.',0000000002),(0000000304,0000000001,'loginModalEmailLabelSpan','Your Email:',0000000001),(0000000305,0000000001,'loginModalEmailLabelSpan','Votre email:',0000000002),(0000000306,0000000001,'login_email','login_email',0000000001),(0000000307,0000000001,'login_email','connecter_avec_email',0000000002),(0000000308,0000000001,'loginModalPasswordLabelSpan','Your Password:',0000000001),(0000000309,0000000001,'loginModalPasswordLabelSpan','Votre mot de passe:',0000000002),(0000000310,0000000001,'login_password','login_password',0000000001),(0000000311,0000000001,'login_password','mot_de_passe',0000000002),(0000000312,0000000001,'loginFormCancelBtn','Cancel',0000000001),(0000000313,0000000001,'loginFormCancelBtn','Annuler',0000000002),(0000000314,0000000001,'loginFormLoginBtn','Login',0000000001),(0000000315,0000000001,'loginFormLoginBtn','S\'identifier',0000000002),(0000000316,0000000001,'registerFormTitle','Register for TalentCloud',0000000001),(0000000317,0000000001,'registerFormTitle','Inscrivez-vous à TalentCloud',0000000002),(0000000318,0000000001,'profileAboutMeEditTitle','Edit Your \"About Me\" Information',0000000001),(0000000319,0000000001,'profileAboutMeEditTitle','Modifier vos informations \"À propos de moi\"',0000000002),(0000000320,0000000001,'updateAboutTextareaLabelSpan','About Me:',0000000001),(0000000321,0000000001,'updateAboutTextareaLabelSpan','À propos de moi:',0000000002),(0000000322,0000000001,'profileEditAboutMe','profileEditAboutMe',0000000001),(0000000323,0000000001,'profileEditAboutMe','profilModifierÀProposDeMoi',0000000002),(0000000324,0000000001,'profileAboutMeEditCancel','Cancel',0000000001),(0000000325,0000000001,'profileAboutMeEditCancel','Annuler',0000000002),(0000000326,0000000001,'profileAboutMeEditSave','Save',0000000001),(0000000327,0000000001,'profileAboutMeEditSave','Enregistrer',0000000002),(0000000328,0000000001,'managerProfile_review_option0','I <strong>almost never</strong> review my team\'s work before it is shared.',0000000001),(0000000329,0000000001,'managerProfile_review_option0','Je ne revois <strong>presque jamais</strong> le travail de mon équipe avant qu\'il ne soit partagé.',0000000002),(0000000330,0000000001,'managerProfile_review_option1','I <strong>rarely</strong> review my team\'s work before it is shared',0000000001),(0000000331,0000000001,'managerProfile_review_option1','Je revois <strong>rarement</strong> le travail de mon équipe avant qu\'elle ne soit partagée.',0000000002),(0000000332,0000000001,'managerProfile_review_option2','I <strong>sometimes</strong> review my team\'s work before it is shared.',0000000001),(0000000333,0000000001,'managerProfile_review_option2','Je révise <strong>parfois</strong> le travail de mon équipe avant de le partager.',0000000002),(0000000334,0000000001,'managerProfile_review_option3','I <strong>usually</strong> review my team\'s work before it is shared.',0000000001),(0000000335,0000000001,'managerProfile_review_option3','J\'examine <strong>habituellement</strong> le travail de mon équipe avant de le partager',0000000002),(0000000336,0000000001,'managerProfile_review_option4','I <strong>almost always</strong> review my team\'s work before it is shared.',0000000001),(0000000337,0000000001,'managerProfile_review_option4','Je revois <strong>presque toujours</strong> le travail de votre équipe avant de le partager.',0000000002),(0000000338,0000000001,'managerProfile_stayLate_option0','I <strong>almost</strong> never get in early or stay late to get some extra work done.',0000000001),(0000000339,0000000001,'managerProfile_stayLate_option0','Je ne prends <strong>presque jamais</strong> l\'avance ou je ne reste pas en retard pour faire du travail supplémentaire.',0000000002),(0000000340,0000000001,'managerProfile_stayLate_option1','I <strong>rarely</strong> get in early or stay late to get some extra work done.',0000000001),(0000000341,0000000001,'managerProfile_stayLate_option1','J\'arrive <strong>rarement</strong> tôt ou reste en retard pour faire un peu plus de travail.',0000000002),(0000000342,0000000001,'managerProfile_stayLate_option2','I <strong>sometimes</strong> get in early or stay late to get some extra work done.',0000000001),(0000000343,0000000001,'managerProfile_stayLate_option2','<strong>Parfois</strong> j\'arrive tôt ou reste en retard pour faire du travail supplémentaire.',0000000002),(0000000344,0000000001,'managerProfile_stayLate_option3','I <strong>usually</strong> get in early or stay late to get some extra work done.',0000000001),(0000000345,0000000001,'managerProfile_stayLate_option3','<strong>Habituellement</strong>, j\'arrive tôt ou je reste tard pour faire un peu plus de travail.\n',0000000002),(0000000346,0000000001,'managerProfile_stayLate_option4','I <strong>almost always</strong> get in early or stay late to get some extra work done.',0000000001),(0000000347,0000000001,'managerProfile_stayLate_option4','J\'arrive <strong>presque toujours</strong> tôt ou je reste tard pour avoir du travail supplémentaire.\n',0000000002),(0000000348,0000000001,'managerProfile_engagement_option0','I <strong>almost never</strong> engage my team before responding to management.',0000000001),(0000000349,0000000001,'managerProfile_engagement_option0','Je n\'engage <strong>presque jamais</strong> mon équipe avant de répondre à la direction.',0000000002),(0000000350,0000000001,'managerProfile_engagement_option1','I <strong>rarely</strong> engage my team before responding to management.',0000000001),(0000000351,0000000001,'managerProfile_engagement_option1','J\'engage <strong>rarement</strong> mon équipe avant de répondre à la direction.',0000000002),(0000000352,0000000001,'managerProfile_engagement_option2','I <strong>sometimes</strong> engage my team before responding to management.',0000000001),(0000000353,0000000001,'managerProfile_engagement_option2','J\'engage <strong>parfois</strong> mon équipe avant de répondre à la direction.',0000000002),(0000000354,0000000001,'managerProfile_engagement_option4','I <strong>usually</strong> engage my team before responding to management.',0000000001),(0000000355,0000000001,'managerProfile_engagement_option4','J\'engage <strong>habituellement</strong> mon équipe avant de répondre à la direction.',0000000002),(0000000356,0000000001,'managerProfile_engagement_option4','I <strong>almost always</strong> engage my team before responding to management.',0000000001),(0000000357,0000000001,'managerProfile_engagement_option4','J\'engage <strong>presque toujours</strong> mon équipe avant de répondre à la direction.',0000000002),(0000000358,0000000001,'managerProfile_developmentOpportunities_option0','I <strong>almost never</strong> approve development opportunities for my employees.\n',0000000001),(0000000359,0000000001,'managerProfile_developmentOpportunities_option0','Je n\'approuve <strong>presque jamais</strong> les opportunités de développement pour mes employés.',0000000002),(0000000360,0000000001,'managerProfile_developmentOpportunities_option1','I <strong>rarely</strong> approve development opportunities for my employees.',0000000001),(0000000361,0000000001,'managerProfile_developmentOpportunities_option1','J\'approuve <strong>rarement</strong> les opportunités de développement pour mes employés.',0000000002),(0000000362,0000000001,'managerProfile_developmentOpportunities_option2','I <strong>sometimes</strong> approve development opportunities for my employees.',0000000001),(0000000363,0000000001,'managerProfile_developmentOpportunities_option2','J\'approuve <strong>parfois</strong> des opportunités de développement pour mes employés.\n',0000000002),(0000000364,0000000001,'managerProfile_developmentOpportunities_option3','I <strong>usually</strong> approve development opportunities for my employees.',0000000001),(0000000365,0000000001,'managerProfile_developmentOpportunities_option3','J\'approuve <strong>habituellement</strong> les opportunités de développement pour mes employés.',0000000002),(0000000366,0000000001,'managerProfile_developmentOpportunities_option4','I <strong>almost always</strong> approve development opportunities for my employees.',0000000001),(0000000367,0000000001,'managerProfile_developmentOpportunities_option4','J\'approuve <strong>presque toujours</strong> les opportunités de développement pour mes employés.',0000000002),(0000000368,0000000001,'managerProfile_engagement_option3','I <strong>usually</strong> engage my team before responding to management.',0000000001),(0000000369,0000000001,'managerProfile_engagement_option3','J\'engage <strong>habituellement</strong> mon équipe avant de répondre à la direction.',0000000002),(0000000370,0000000001,'managerProfile_engagement_option4','I <strong>almost always</strong> engage my team before responding to management.',0000000001),(0000000371,0000000001,'managerProfile_engagement_option4','J\'engage <strong>presque toujours</strong> mon équipe avant de répondre à la direction.',0000000002),(0000000372,0000000001,'managerProfile_acceptLowValueWorkRequests_option0','I <strong>almost never</strong> refuse low value work requests from management.',0000000001),(0000000373,0000000001,'managerProfile_acceptLowValueWorkRequests_option0','Je ne refuse <strong>presque jamais</strong> les demandes de travail de faible valeur de la direction.',0000000002),(0000000374,0000000001,'managerProfile_acceptLowValueWorkRequests_option1','I <strong>rarely</strong> refuse low value work requests from management.',0000000001),(0000000375,0000000001,'managerProfile_acceptLowValueWorkRequests_option1','Je refuse <strong>rarement</strong> les demandes de travail de faible valeur de la direction.',0000000002),(0000000376,0000000001,'managerProfile_acceptLowValueWorkRequests_option2','I <strong>sometimes</strong> refuse low value work requests from management.',0000000001),(0000000377,0000000001,'managerProfile_acceptLowValueWorkRequests_option2','Je refuse <strong>parfois</strong> des demandes de travail de faible valeur de la part de la direction.',0000000002),(0000000378,0000000001,'managerProfile_acceptLowValueWorkRequests_option3','I <strong>usually</strong> refuse low value work requests from management.',0000000001),(0000000379,0000000001,'managerProfile_acceptLowValueWorkRequests_option3','Je refuse <strong>habituellement</strong> les demandes de travail de faible valeur de la direction.',0000000002),(0000000380,0000000001,'managerProfile_acceptLowValueWorkRequests_option4','I almost <strong>always</strong> refuse low value work requests from management.',0000000001),(0000000381,0000000001,'managerProfile_acceptLowValueWorkRequests_option4','Je refuse <strong>presque toujours</strong> les demandes de travail de faible valeur de la direction.',0000000002),(0000000382,0000000001,'managerDecisions_tipWhatis','<strong>What is this?</strong>',0000000001),(0000000383,0000000001,'managerDecisions_tipWhatis','<strong>Qu\'est-ce que c\'est?</strong>',0000000002),(0000000384,0000000001,'managerDecisions_tipSummary','Managers are asked to rate themselves on these four criterias to let applicants better understand their managing style using the following choices: <br/> Almost never, Rarely, Sometimes, Usually, Almost Always',0000000001),(0000000385,0000000001,'managerDecisions_tipSummary','Les gestionnaires sont invités à se noter sur ces quatre critères pour permettre aux candidats de mieux comprendre leur style de gestion en utilisant les choix suivants: <br/> Presque jamais, Rarement, Parfois, Habituellement, Presque toujours',0000000002),(0000000386,0000000001,'accommodationTextStart','Please advise',0000000001),(0000000387,0000000001,'accommodationTextStart','S\'il vous plaît donnez votre avis',0000000002),(0000000388,0000000001,'accommodationTextEnd','of any accomodations you may require during the selection.',0000000001),(0000000389,0000000001,'accommodationTextEnd','de tous les logements dont vous pourriez avoir besoin pendant la sélection.',0000000002),(0000000390,0000000001,'jobPosterKeyTasksLabel','Key Tasks',0000000001),(0000000391,0000000001,'jobPosterKeyTasksLabel','Tâches clés',0000000002),(0000000392,0000000001,'jobPosterCoreCompetenciesLabel','Essential Criteria',0000000001),(0000000393,0000000001,'jobPosterCoreCompetenciesLabel','Critères essentiels',0000000002),(0000000394,0000000001,'jobPosterDevelopingCompetenciesLabel','Asset Criteria',0000000001),(0000000395,0000000001,'jobPosterDevelopingCompetenciesLabel','Critères d\'actifs',0000000002),(0000000396,0000000001,'jobPosterHiringManagerLabel','Your Manager',0000000001),(0000000397,0000000001,'jobPosterHiringManagerLabel','Votre gestionnaire',0000000002),(0000000398,0000000001,'jobPosterClearanceLevelLabel','Security clearance level:',0000000001),(0000000399,0000000001,'jobPosterClearanceLevelLabel','Niveau d\'autorisation de sécurité :',0000000002),(0000000400,0000000001,'jobPosterStartDateLabel','Target start date:',0000000001),(0000000401,0000000001,'jobPosterStartDateLabel','Niveau d\'autorisation de sécurité :',0000000002),(0000000402,0000000001,'jobPosterJobLevelLabel','Classification:',0000000001),(0000000403,0000000001,'jobPosterJobLevelLabel','Classification :',0000000002),(0000000404,0000000001,'jobPosterLanguageLabel','Language:',0000000001),(0000000405,0000000001,'jobPosterLanguageLabel','Langage :',0000000002),(0000000406,0000000001,'jobPosterTermLabel','Duration:',0000000001),(0000000407,0000000001,'jobPosterTermLabel','Duration :',0000000002),(0000000408,0000000001,'jobPosterTeamNarrativeText_label','About the team:',0000000001),(0000000409,0000000001,'jobPosterTeamNarrativeText_label','À propos de l\'équipe :',0000000002),(0000000410,0000000001,'jobPosterOperatingContext_label','Our operating context:',0000000001),(0000000411,0000000001,'jobPosterOperatingContext_label','Notre contexte d\'exploitation :',0000000002),(0000000412,0000000001,'jobPosterWhatWeValue_label','What we value:',0000000001),(0000000413,0000000001,'jobPosterWhatWeValue_label','Ce que nous apprécions :',0000000002),(0000000414,0000000001,'jobPosterHowWeWork_label','How we work:',0000000001),(0000000415,0000000001,'jobPosterHowWeWork_label','Comment nous travaillons :',0000000002),(0000000416,0000000001,'navigationHomeLink','Home',0000000001),(0000000417,0000000001,'navigationHomeLink','Accueil',0000000002),(0000000418,0000000001,'navigationBrowseLink','Browse Jobs',0000000001),(0000000419,0000000001,'navigationBrowseLink','Parcourir les emplois',0000000002),(0000000420,0000000001,'navigationDashboardLink','My Applications',0000000001),(0000000421,0000000001,'navigationDashboardLink','Mes applications',0000000002),(0000000422,0000000001,'navigationProfileLink','My Profile',0000000001),(0000000423,0000000001,'navigationProfileLink','Mon Profil',0000000002),(0000000424,0000000001,'navigationRegisterLink','Register',0000000001),(0000000425,0000000001,'navigationRegisterLink','Inscription',0000000002),(0000000426,0000000001,'navigationLoginLink','Login',0000000001),(0000000427,0000000001,'navigationLoginLink','Ouverture de session',0000000002),(0000000428,0000000001,'navigationLogoutLink','Logout',0000000001),(0000000429,0000000001,'navigationLogoutLink','Se Déconnecter',0000000002),(0000000430,0000000001,'navigationPosterLink','Job Poster',0000000001),(0000000431,0000000001,'navigationPosterLink','Mes affiches',0000000002),(0000000432,0000000001,'browseHeroTitle','Browse Jobs',0000000001),(0000000433,0000000001,'browseHeroTitle','Parcourir les travaux',0000000002),(0000000434,0000000001,'dashboardHeroTitle','My Applications',0000000001),(0000000435,0000000001,'dashboardHeroTitle','Mes demandes',0000000002),(0000000436,0000000001,'profileHeroTitle','My Profile',0000000001),(0000000437,0000000001,'profileHeroTitle','Mon profil',0000000002),(0000000438,0000000001,'applicationHeroTitle','My Job Application',0000000001),(0000000439,0000000001,'applicationHeroTitle','Ma demande d’emploi',0000000002),(0000000440,0000000001,'managerProfileHeroTitle','Manager Profile',0000000001),(0000000441,0000000001,'managerProfileHeroTitle','Profil du gestionnaire',0000000002),(0000000442,0000000001,'posterHeroTitle','My Job Posters',0000000001),(0000000443,0000000001,'posterHeroTitle','Mes affiches',0000000002),(0000000444,0000000001,'faqHeroTitle','FAQs &amp; Information',0000000001),(0000000445,0000000001,'faqHeroTitle','FAQ et informations',0000000002),(0000000446,0000000001,'save','Save',0000000001),(0000000447,0000000001,'save','Enregistrer',0000000002),(0000000448,0000000001,'cancel','Cancel',0000000001),(0000000449,0000000001,'cancel','Annuler',0000000002),(0000000450,0000000001,'editYour','Edit your',0000000001),(0000000451,0000000001,'editYour','Modifiez votre',0000000002),(0000000452,0000000001,'jobPosterSubnavLabel','About This Job:',0000000001),(0000000453,0000000001,'jobPosterSubnavLabel','À propos de ce travail :',0000000002),(0000000454,0000000001,'jobPosterSubnavItemBasics','Basic Information',0000000001),(0000000455,0000000001,'jobPosterSubnavItemBasics','Informations de base',0000000002),(0000000456,0000000001,'jobPosterSubnavItemImpact','Impact',0000000001),(0000000457,0000000001,'jobPosterSubnavItemImpact','Impact',0000000002),(0000000458,0000000001,'jobPosterSubnavItemWork','Your Work',0000000001),(0000000459,0000000001,'jobPosterSubnavItemWork','Votre travail',0000000002),(0000000460,0000000001,'jobPosterSubnavItemCriteria','Criteria',0000000001),(0000000461,0000000001,'jobPosterSubnavItemCriteria','Critères',0000000002),(0000000462,0000000001,'jobPosterSubnavItemCulture','Culture',0000000001),(0000000463,0000000001,'jobPosterSubnavItemCulture','Culture',0000000002),(0000000464,0000000001,'jobPosterSubnavItemKnow','Need to Know',0000000001),(0000000465,0000000001,'jobPosterSubnavItemKnow','Dois savoir',0000000002),(0000000466,0000000001,'jobPosterSubnavItemApply','Apply for this Job',0000000001),(0000000467,0000000001,'jobPosterSubnavItemApply','Postuler pour ce poste',0000000002),(0000000468,0000000001,'jobPosterContentTitleBasics','Basic Information',0000000001),(0000000469,0000000001,'jobPosterContentTitleBasics','Informations de base',0000000002),(0000000470,0000000001,'jobPosterContentTitleImpact','Impact',0000000001),(0000000471,0000000001,'jobPosterContentTitleImpact','Impact',0000000002),(0000000472,0000000001,'jobPosterContentTitleWork','Your Work',0000000001),(0000000473,0000000001,'jobPosterContentTitleWork','Votre travail',0000000002),(0000000474,0000000001,'jobPosterContentTitleCriteria','Criteria',0000000001),(0000000475,0000000001,'jobPosterContentTitleCriteria','Critères',0000000002),(0000000476,0000000001,'jobPosterContentTitleCulture','Culture',0000000001),(0000000477,0000000001,'jobPosterContentTitleCulture','Culture',0000000002),(0000000478,0000000001,'jobPosterContentTitleKnow','Need to Know',0000000001),(0000000479,0000000001,'jobPosterContentTitleKnow','Dois savoir',0000000002),(0000000480,0000000001,'jobPosterContentTitleApply','Apply for this Job',0000000001),(0000000481,0000000001,'jobPosterContentTitleApply','Postuler pour ce poste',0000000002),(0000000482,0000000001,'jobPosterCoreCompetenciesLabel','Need to Have',0000000001),(0000000483,0000000001,'jobPosterCoreCompetenciesLabel','Besoin d\'avoir',0000000002),(0000000484,0000000001,'jobPosterDevelopingCompetenciesLabel','Nice to Have',0000000001),(0000000485,0000000001,'jobPosterDevelopingCompetenciesLabel','Agréable d\'avoir',0000000002),(0000000486,0000000001,'years','Years',0000000001),(0000000487,0000000001,'years','Années',0000000002),(0000000488,0000000001,'status','Status',0000000001),(0000000489,0000000001,'status','Status (FR)',0000000002),(0000000490,0000000001,'applicationPositionLabel','for the position of',0000000001),(0000000491,0000000001,'applicationPositionLabel','pour le poste de',0000000002),(0000000492,0000000001,'essentialCriteria','Essential Criteria',0000000001),(0000000493,0000000001,'essentialCriteria','Essential Criteria (FR)',0000000002),(0000000494,0000000001,'assetCriteria','Asset Criteria',0000000001),(0000000495,0000000001,'assetCriteria','Asset Criteria (FR)',0000000002),(0000000496,0000000001,'microReference','Micro-Reference',0000000001),(0000000497,0000000001,'microReference','Micro-Reference (FR)',0000000002),(0000000498,0000000001,'skillSample','Skill Sample',0000000001),(0000000499,0000000001,'skillSample','Skill Sample (FR)',0000000002),(0000000500,0000000001,'editApplication','Edit Application',0000000001),(0000000501,0000000001,'editApplication','Edit Application (FR)',0000000002),(0000000502,0000000001,'applicationPreviewProfilePhotoTitle','My profile photo.',0000000001),(0000000503,0000000001,'applicationPreviewProfilePhotoTitle','Mon photo profile.',0000000002),(0000000504,0000000001,'applicationPreviewProfileAlert','Remember that hiring managers can view your full profile when you submit an application. By filling out your profile you increase your chances of getting hired.',0000000001),(0000000505,0000000001,'applicationPreviewProfileAlert','(TRANSLATION NEEDED) Remember that hiring managers can view your full profile when you submit an application. By filling out your profile you increase your chances of getting hired.',0000000002),(0000000506,0000000001,'applicationPreviewDeclarationStoryTitle','Experience &amp; Knowledge',0000000001),(0000000507,0000000001,'applicationPreviewDeclarationStoryTitle','(TRANSLATION NEEDED) Experience &amp; Knowledge',0000000002),(0000000508,0000000001,'applicationPreviewReferenceMissing','No reference was provided.',0000000001),(0000000509,0000000001,'applicationPreviewReferenceMissing','(TRANSLATION NEEDED) No reference was provided.',0000000002),(0000000510,0000000001,'applicationPreviewSkillSampleStoryLabel','Contribution',0000000001),(0000000511,0000000001,'applicationPreviewSkillSampleStoryLabel','(TRANSLATION NEEDED) Contribution',0000000002),(0000000512,0000000001,'applicationPreviewSkillSampleLink','View Evidence',0000000001),(0000000513,0000000001,'applicationPreviewSkillSampleLink','(TRANSLATION NEEDED)View Evidence',0000000002),(0000000514,0000000001,'applicationPreviewSkillSampleMissing','No skill sample provided.',0000000001),(0000000515,0000000001,'applicationPreviewSkillSampleMissing','(TRANSLATION NEEDED) No skill sample provided.',0000000002),(0000000516,0000000001,'jobPosterTeamNarrativeText_label','Things to Know',0000000001),(0000000517,0000000001,'jobPosterTeamNarrativeText_label','À savoir',0000000002),(0000000518,0000000001,'jobPosterBackButtonText','Back to Job Poster',0000000001),(0000000519,0000000001,'jobPosterBackButtonText','Retour à l\'affiche de l\'emploi',0000000002),(0000000520,0000000001,'accommodationTextStart','Please advise',0000000001),(0000000521,0000000001,'accommodationTextStart','S\'il vous plaît donnez votre avis',0000000002),(0000000522,0000000001,'termsAndConditions','Terms and Conditions',0000000001),(0000000523,0000000001,'termsAndConditions','Modalités',0000000002),(0000000524,0000000001,'privacy','Privacy',0000000001),(0000000525,0000000001,'privacy','Protection des renseignements personnels',0000000002),(0000000526,0000000001,'canadaLink','Visit Canada.ca',0000000001),(0000000527,0000000001,'canadaLink','Visitez Canada.ca',0000000002),(0000000528,0000000001,'submitFeedbackText','Submit Feedback',0000000001),(0000000529,0000000001,'submitFeedbackText','Soumettre des commentaires',0000000002),(0000000530,0000000001,'faqHeroTitle','FAQs & Information',0000000001),(0000000531,0000000001,'faqHeroTitle','Foire aux questions et renseignements',0000000002),(0000000532,0000000001,'faqSubNavLabelCredentialing','Credentialing',0000000001),(0000000533,0000000001,'faqSubNavLabelCredentialing','Délivrance de titres et certificats',0000000002),(0000000534,0000000001,'faqSubnavWhatLevelIsMySkill','What level is my skill?',0000000001),(0000000535,0000000001,'faqSubnavWhatLevelIsMySkill','Quel est le niveau de ma compétence?',0000000002),(0000000536,0000000001,'faqSubnavWhyProvideAReference','Why provide a reference?',0000000001),(0000000537,0000000001,'faqSubnavWhyProvideAReference','Pourquoi dois-je fournir une référence?',0000000002),(0000000538,0000000001,'faqSubnavWhyShareMyWork','Why share my work?',0000000001),(0000000539,0000000001,'faqSubnavWhyShareMyWork','Pourquoi dois-je présenter mon travail?',0000000002),(0000000540,0000000001,'faqSectionTitleWhatLevelIsMySkill','What level is my skill?',0000000001),(0000000541,0000000001,'faqSectionTitleWhatLevelIsMySkill','Quel est le niveau de ma compétence?',0000000002),(0000000542,0000000001,'faqTextTitleBasic','Basic',0000000001),(0000000543,0000000001,'faqTextTitleBasic','Débutant',0000000002),(0000000544,0000000001,'faqTextCopyBasic','You demonstrate basic familiarity of the subject matter area.  Supervision and assistance is needed.',0000000001),(0000000545,0000000001,'faqTextCopyBasic','Tu as une connaissance de base du domaine spécialisé. Tu as besoin de supervision et d’aide.',0000000002),(0000000546,0000000001,'faqTextTitleIntermediate','Intermediate',0000000001),(0000000547,0000000001,'faqTextTitleIntermediate','Intermédiaire',0000000002),(0000000548,0000000001,'faqTextCopyIntermediate','You demonstrate working proficiency in the subject matter area. Minimal assistance and/or supervision is needed. ',0000000001),(0000000549,0000000001,'faqTextCopyIntermediate','Tu démontres une certaine maîtrise du domaine spécialisé. Tu as besoin d’une aide ou d’une supervision minimes.',0000000002),(0000000550,0000000001,'faqTextTitleAdvanced','Advanced',0000000001),(0000000551,0000000001,'faqTextTitleAdvanced','Avancé',0000000002),(0000000552,0000000001,'faqTextCopyAdvanced','You demonstrate in-depth proficiency sufficient to assist, consult or lead others in the subject matter area. ',0000000001),(0000000553,0000000001,'faqTextCopyAdvanced','Tu démontres une maîtrise approfondie du domaine spécialisé suffisante pour te permettre d’aider, de consulter ou de diriger d’autres personnes.',0000000002),(0000000554,0000000001,'faqTextTitleExpert','Expert',0000000001),(0000000555,0000000001,'faqTextTitleExpert','Expert',0000000002),(0000000556,0000000001,'faqTextCopyExpert','You demonstrate broad, in-depth proficiency sufficient to be broadly recognized as an authority in the subject matter area.',0000000001),(0000000557,0000000001,'faqTextCopyExpert','Tu démontres une maîtrise étendue et approfondie qui te vaut le titre de sommité dans le domaine spécialisé.',0000000002),(0000000558,0000000001,'faqSectionTitleWhyProvideAReference','Why provide a reference?',0000000001),(0000000559,0000000001,'faqSectionTitleWhyProvideAReference','Pourquoi dois-je fournir une référence?',0000000002),(0000000560,0000000001,'faqTextCopyCredentialingReferenceParagraph1','With a micro-reference, someone with first-hand knowledge of your skill vouches for your experience using the skill and the level to which you can apply it.',0000000001),(0000000561,0000000001,'faqTextCopyCredentialingReferenceParagraph1','Une micro-référence est une personne ayant une connaissance directe de votre compétence, qui atteste de votre expérience d’exécuter la compétence et du niveau auquel vous pouvez l’appliquer.',0000000002),(0000000562,0000000001,'faqTextCopyCredentialingReferenceParagraph2','The result? A credible trusted record of your skill that you can share with prospective employers time and time again.',0000000001),(0000000563,0000000001,'faqTextCopyCredentialingReferenceParagraph2','Le résultat? Un enregistrement crédible de votre compétence auquel les employeurs prospectifs peuvent toujours faire confiance.',0000000002),(0000000564,0000000001,'faqSectionTitleWhyShareMyWork','Why share my work?',0000000001),(0000000565,0000000001,'faqSectionTitleWhyShareMyWork','Pourquoi dois-je présenter mon travail.',0000000002),(0000000566,0000000001,'faqTextCopyCredentialingEvidenceParagraph1','By attaching a sample of your work that applies the skill, you are in control of what best demonstrates your expertise to prospective employers.',0000000001),(0000000567,0000000001,'faqTextCopyCredentialingEvidenceParagraph1','En fournissant un exemple du travail auquel s’applique votre compétence, vous pouvez faire une meilleure démonstration de votre expertise aux employeurs prospectifs.',0000000002),(0000000568,0000000001,'faqTextCopyCredentialingEvidenceParagraph2','The result? A personalized real-time record of your applied skills that showcases the breadth and depth of your abilities.',0000000001),(0000000569,0000000001,'faqTextCopyCredentialingEvidenceParagraph2','Le résultat? Un enregistrement personnel en temps réel de l’application de vos compétences, qui démontre la portée et le niveau de vos capacités.',0000000002),(0000000570,0000000001,'jobPosterTeamNarrativeText_label','Things to Know',0000000001),(0000000571,0000000001,'jobPosterTeamNarrativeText_label','Ce qu’il faut savoir',0000000002),(0000000572,0000000001,'jobPosterApplyButton','Apply Now',0000000001),(0000000573,0000000001,'jobPosterApplyButton','Postuler dès maintenant',0000000002),(0000000574,0000000001,'job-poster__apply-content','Please advise Talent Cloud at talent.cloud-nuage.de.talents@tbs-sct.gc.ca of any\naccomodations you may require during the application process.',0000000001),(0000000575,0000000001,'job-poster__apply-content','Veuillez informer l’équipe du nuage de talents de toute mesure d’adaptation dont vous pourriez\navez besoin au cours du processus en écrivant à talent.cloud-nuage.de.talents@tbs-sct.gc.ca.',0000000002),(0000000576,0000000001,'applicationHeroTitle','My Job Application',0000000001),(0000000577,0000000001,'applicationHeroTitle','Ma demande d’emploi',0000000002),(0000000578,0000000001,'jobApplicationPositionLabel','for the position of:',0000000001),(0000000579,0000000001,'jobApplicationPositionLabel','pour le poste de :',0000000002),(0000000580,0000000001,'applicationPreviewEssentialMenuTitle','Essential Criteria',0000000001),(0000000581,0000000001,'applicationPreviewEssentialMenuTitle','Qualifications essentielles',0000000002),(0000000582,0000000001,'applicationPreviewProfileAlert','Remember that hiring managers can view your full profile when you submit an application. By filling out your profile you increase your chances of getting hired.',0000000001),(0000000583,0000000001,'applicationPreviewProfileAlert','Sachez que lorsque vous soumettez une demande d’emploi, les gestionnaires d’embauche peuvent visualiser votre profil. En remplissant les champs dans votre profil, vous augmentez vos probabilités d’embauche.',0000000002),(0000000584,0000000001,'application-preview__alert-copy','This is my attestation that everything I say is true.',0000000001),(0000000585,0000000001,'application-preview__alert-copy','La présente est mon attestation que tout ce que je dis est vérité.',0000000002),(0000000586,0000000001,'applicationAttestationError','Please attest to the information you are providing.',0000000001),(0000000587,0000000001,'applicationAttestationError','Veuillez attester des renseignements que vous fournissez.',0000000002),(0000000588,0000000001,'application-preview__completion-warning','Please complete all steps in your application before submitting.',0000000001),(0000000589,0000000001,'application-preview__completion-warning','Veuillez achever toutes les étapes dans votre demande avant de la soumettre.',0000000002),(0000000590,0000000001,'createJobApplicationConfirmationTrackingReminder','Track the application from your Dashboard.',0000000001),(0000000591,0000000001,'createJobApplicationConfirmationTrackingReminder','Suivez le statut de votre demande à partir de votre Tableau de bord.',0000000002),(0000000592,0000000001,'createJobApplicationConfirmationContinueButton','Continue to Dashboard',0000000001),(0000000593,0000000001,'createJobApplicationConfirmationContinueButton','Continuez jusqu’au Tableau de bord',0000000002),(0000000594,0000000001,'createJobApplicationConfirmationPositionLabel','You have applied to the position of:',0000000001),(0000000595,0000000001,'createJobApplicationConfirmationPositionLabel','Vous avez posé votre candidature pour le poste de:',0000000002),(0000000596,0000000001,'applicant-evidence-preview__reference-status-label','Status',0000000001),(0000000597,0000000001,'applicant-evidence-preview__reference-status-label','État',0000000002),(0000000598,0000000001,'applicant-evidence-preview__evidence-copy-label','Contribution',0000000001),(0000000599,0000000001,'applicant-evidence-preview__evidence-copy-label','Contribution',0000000002),(0000000600,0000000001,'applicant-evidence-preview__evidence-link','View Evidence',0000000001),(0000000601,0000000001,'applicant-evidence-preview__evidence-link','Consulter les documents à l’appui',0000000002),(0000000602,0000000001,'applicationPreviewEditApplicationButton','Edit Application',0000000001),(0000000603,0000000001,'applicationPreviewEditApplicationButton','Modifier la demande',0000000002),(0000000604,0000000001,'jobApplicationPositionLabel','For the position of:',0000000001),(0000000605,0000000001,'jobApplicationPositionLabel','pour le poste de:',0000000002),(0000000606,0000000001,'applicant-evidence__skill-declaration-title','My Skill Declaration (Required)',0000000001),(0000000607,0000000001,'applicant-evidence__skill-declaration-title','Mon niveau de compétence (requis)',0000000002),(0000000608,0000000001,'applicant-evidence__expertise-radiogroup-title','My Level of Expertise',0000000001),(0000000609,0000000001,'applicant-evidence__expertise-radiogroup-title','Mon niveau d’expertise',0000000002),(0000000610,0000000001,'applicantionProgressInformationAssessment','This criteria will be assessed during the interview process.',0000000001),(0000000611,0000000001,'applicantionProgressInformationAssessment','Ces critères seront évalués pendant le processus d’entrevue.',0000000002),(0000000612,0000000001,'applicant-evidence__experience-radiogroup-title','My Years of Experience',0000000001),(0000000613,0000000001,'applicant-evidence__experience-radiogroup-title','Mes années d’expérience',0000000002),(0000000614,0000000001,'applicant-evidence__experience-and-knowledge__form-title','My Experience and Knowledge',0000000001),(0000000615,0000000001,'applicant-evidence__experience-and-knowledge__form-title','Mon expérience et mes connaissances',0000000002),(0000000616,0000000001,'applicant-evidence-done','Done!',0000000001),(0000000617,0000000001,'applicant-evidence-done','Tu as terminé!',0000000002),(0000000618,0000000001,'applicant-evidence__completion-message','This is all you need to apply. You can strengthen your claim by providing more information about your skill below.',0000000001),(0000000619,0000000001,'applicant-evidence__completion-message','Tu as entré tous les renseignements nécessaires pour postuler l’emploi. Tu peux maintenant renforcer ta demande d’emploi en fournissant plus de renseignements sur tes compétences ci-dessous.',0000000002),(0000000620,0000000001,'applicant-evidence__skill-declaration-text','What was your contribution to the project? How big was the project? How does it support your claims?',0000000001),(0000000621,0000000001,'applicant-evidence__skill-declaration-text','Quelle a été ta contribution à ce projet? Quelle était l’ampleur du projet? Comment ce projet appuie-t-il ta demande d’emploi?',0000000002),(0000000622,0000000001,'applicant-evidence__micro-reference-title','Micro-reference (Optional)',0000000001),(0000000623,0000000001,'applicant-evidence__micro-reference-title','Référence rapide (facultatif)',0000000002),(0000000624,0000000001,'applicant-evidence__appoint-reference-label','Appoint one reference that can vouch for you.',0000000001),(0000000625,0000000001,'applicant-evidence__appoint-reference-label','Nomme une personne-ressource qui peut recommander ta candidature.',0000000002),(0000000626,0000000001,'applicant-evidence__reference-name','Reference\'s Name:',0000000001),(0000000627,0000000001,'applicant-evidence__reference-name','Nom de la personne-ressource:',0000000002),(0000000628,0000000001,'applicant-evidence__reference-email','Reference\'s Email:',0000000001),(0000000629,0000000001,'applicant-evidence__reference-email','Courriel de la personne-ressource:',0000000002),(0000000630,0000000001,'applicant-evidence__reference-relationship','Your Relationship to this Reference:',0000000001),(0000000631,0000000001,'applicant-evidence__reference-relationship','Ta relation de travail avec cette personne :',0000000002),(0000000632,0000000001,'applicant-evidence__observed-from','Observed From:',0000000001),(0000000633,0000000001,'applicant-evidence__observed-from','Date de début de ta relation de travail avec cette personne:',0000000002),(0000000634,0000000001,'applicant-evidence__observed-to','Observed To:',0000000001),(0000000635,0000000001,'applicant-evidence__observed-to','Date de fin de votre relation de travail avec cette personne:',0000000002),(0000000636,0000000001,'applicant-evidence__your-experience-at-the-time','Your Experience Level at the Time:',0000000001),(0000000637,0000000001,'applicant-evidence__your-experience-at-the-time','Ton niveau d’expérience durant cette période:',0000000002),(0000000638,0000000001,'applicant-evidence__tell-us-what-you-did','Tell Us What You Did:',0000000001),(0000000639,0000000001,'applicant-evidence__tell-us-what-you-did','Tes fonctions durant cette période:',0000000002),(0000000640,0000000001,'applicant-evidence__reference-story','Provide a sentence or two about the role you played and what you\'re asking this micro-reference to validate.',0000000001),(0000000641,0000000001,'applicant-evidence__reference-story','En une phrase ou deux, décris le rôle que tu as joué et ce que tu demandes à cette personne-ressource de valider.',0000000002),(0000000642,0000000001,'applicant-evidence__sample-of-my-skill','Sample of my Skill (Optional)',0000000001),(0000000643,0000000001,'applicant-evidence__sample-of-my-skill','Exemple de ma compétence (facultatif)',0000000002),(0000000644,0000000001,'applicant-evidence__attach-work-sample','Attach an example of your work that you\'re proud of.',0000000001),(0000000645,0000000001,'applicant-evidence__attach-work-sample','Joins un échantillon de ton travail dont tu es fier à titre d’exemple.',0000000002),(0000000646,0000000001,'applicant-evidence__project-document-name','Project/Document Name:',0000000001),(0000000647,0000000001,'applicant-evidence__project-document-name','Titre du projet ou du document:',0000000002),(0000000648,0000000001,'applicant-evidence__type-of-file','Type of File:',0000000001),(0000000649,0000000001,'applicant-evidence__type-of-file','Type de fichier:',0000000002),(0000000650,0000000001,'applicant-evidence__date-created','Date Created:',0000000001),(0000000651,0000000001,'applicant-evidence__date-created','Date de création:',0000000002),(0000000652,0000000001,'applicant-evidence__link-to-evidence','Link to Evidence:',0000000001),(0000000653,0000000001,'applicant-evidence__link-to-evidence','Lien vers l’échantillon:',0000000002),(0000000654,0000000001,'applicant-evidence__story','Story:',0000000001),(0000000655,0000000001,'applicant-evidence__story','Description:',0000000002),(0000000656,0000000001,'applicant-evidence__tell-us-about-evidence','Tell us about this piece of evidence and your role in creating it.',0000000001),(0000000657,0000000001,'applicant-evidence__tell-us-about-evidence','Décris le projet ou le document ainsi que ton rôle dans sa réalisation.',0000000002),(0000000658,0000000001,'applicant-evidence__save-and-return','Save and return',0000000001),(0000000659,0000000001,'applicant-evidence__save-and-return','Enregistrer et retourner à la page d’accueil',0000000002),(0000000660,0000000001,'applicant-evidence__save-and-continue','Save and continue',0000000001),(0000000661,0000000001,'applicant-evidence__save-and-continue','Enregistrer et continuer ',0000000002),(0000000662,0000000001,'applicant-evidence__save-and-preview','Save and Preview',0000000001),(0000000663,0000000001,'applicant-evidence__save-and-preview','Enregistrer et voir l’aperçu',0000000002),(0000000664,0000000001,'applicationProgressMyInformation','My Information',0000000001),(0000000665,0000000001,'applicationProgressMyInformation','Mes renseignements',0000000002),(0000000666,0000000001,'applicationProgressEssentialCriteria','Essential Criteria',0000000001),(0000000667,0000000001,'applicationProgressEssentialCriteria','Qualifications essentielles',0000000002),(0000000668,0000000001,'applicationProgressNonEssentialCriteria','Non-essential Criteria',0000000001),(0000000669,0000000001,'applicationProgressNonEssentialCriteria','Qualifications non essentielles',0000000002),(0000000670,0000000001,'applicationProgressReviewMyApplication','Review My Application',0000000001),(0000000671,0000000001,'applicationProgressReviewMyApplication','Examiner ma demande',0000000002),(0000000672,0000000001,'jobPosterNocLabel','NOC',0000000001),(0000000673,0000000001,'jobPosterNocLabel','NOC',0000000002),(0000000674,0000000001,'jobPosterTimeRemaining','days until close',0000000001),(0000000675,0000000001,'jobPosterTimeRemaining','jours jusqu’à la date de clôture',0000000002),(0000000676,0000000001,'jobPosterApplicants','applicants so far',0000000001),(0000000677,0000000001,'jobPosterApplicants','candidats jusqu’à présent',0000000002),(0000000678,0000000001,'jobPosterIdLabel','Reference ID',0000000001),(0000000679,0000000001,'jobPosterIdLabel','Numéro de référence',0000000002),(0000000680,0000000001,'jobPosterSubnavLabel','About This Job:',0000000001),(0000000681,0000000001,'jobPosterSubnavLabel','À propos de l’emploi:',0000000002),(0000000682,0000000001,'jobPosterContentTitleBasics','Basic Information',0000000001),(0000000683,0000000001,'jobPosterContentTitleBasics','Renseignements généraux',0000000002),(0000000684,0000000001,'jobPosterSubnavItemBasics','Basic Information',0000000001),(0000000685,0000000001,'jobPosterSubnavItemBasics','Renseignements généraux',0000000002),(0000000686,0000000001,'jobPosterSubnavItemImpact','Impact',0000000001),(0000000687,0000000001,'jobPosterSubnavItemImpact','Contribution',0000000002),(0000000688,0000000001,'jobPosterSubnavItemWork','Your Work',0000000001),(0000000689,0000000001,'jobPosterSubnavItemWork','Travail',0000000002),(0000000690,0000000001,'jobPosterSubnavItemCriteria','Criteria',0000000001),(0000000691,0000000001,'jobPosterSubnavItemCriteria','Critères',0000000002),(0000000692,0000000001,'jobPosterSubnavItemCulture','Culture',0000000001),(0000000693,0000000001,'jobPosterSubnavItemCulture','Culture',0000000002),(0000000694,0000000001,'jobPosterSubnavItemApply','Apply for this Job',0000000001),(0000000695,0000000001,'jobPosterSubnavItemApply','Postuler cet emploi',0000000002),(0000000696,0000000001,'jobPosterSubnavItemApply','Apply for this Job',0000000001),(0000000697,0000000001,'jobPosterSubnavItemApply','Postuler cet emploi',0000000002),(0000000698,0000000001,'jobPosterSalaryRangeLabel','Salary range:',0000000001),(0000000699,0000000001,'jobPosterSalaryRangeLabel','Échelle salariale:',0000000002),(0000000700,0000000001,'jobPosterLanguageLabel','Language',0000000001),(0000000701,0000000001,'jobPosterLanguageLabel','Langue',0000000002),(0000000702,0000000001,'jobPosterTermLabel','Duration',0000000001),(0000000703,0000000001,'jobPosterTermLabel','Durée',0000000002),(0000000704,0000000001,'jobPosterTermValue','month',0000000001),(0000000705,0000000001,'jobPosterTermValue','mois',0000000002),(0000000706,0000000001,'jobPosterStartDateLabel','Target start date:',0000000001),(0000000707,0000000001,'jobPosterStartDateLabel','Date cible de début d’emploi:',0000000002),(0000000708,0000000001,'jobPosterClearanceLevelLabel','Security clearance level:',0000000001),(0000000709,0000000001,'jobPosterClearanceLevelLabel','Niveau d’autorisation de sécurité:',0000000002),(0000000710,0000000001,'jobPosterJobLevelLabel','Classification',0000000001),(0000000711,0000000001,'jobPosterJobLevelLabel','Classification',0000000002),(0000000712,0000000001,'jobPosterContentTitleImpact','Impact',0000000001),(0000000713,0000000001,'jobPosterContentTitleImpact','Contribution',0000000002),(0000000714,0000000001,'jobPosterContentTitleWork','Your Work',0000000001),(0000000715,0000000001,'jobPosterContentTitleWork','Travail',0000000002),(0000000716,0000000001,'jobPosterContentTitleCriteria','Criteria',0000000001),(0000000717,0000000001,'jobPosterContentTitleCriteria','Critères',0000000002),(0000000718,0000000001,'jobPosterCoreCompetenciesLabel','Need to Have',0000000001),(0000000719,0000000001,'jobPosterCoreCompetenciesLabel','Qualifications essentielles',0000000002),(0000000720,0000000001,'jobPosterDevelopingCompetenciesLabel','Nice to Have',0000000001),(0000000721,0000000001,'jobPosterDevelopingCompetenciesLabel','Qualifications constituant un atout',0000000002),(0000000722,0000000001,'jobPosterContentTitleCulture','Culture',0000000001),(0000000723,0000000001,'jobPosterContentTitleCulture','Culture',0000000002),(0000000724,0000000001,'jobPosterHiringManagerLabel','Your Manager',0000000001),(0000000725,0000000001,'jobPosterHiringManagerLabel','Gestionnaire',0000000002),(0000000726,0000000001,'jobPosterWorkEnvironmentLabel','Work Environment',0000000001),(0000000727,0000000001,'jobPosterWorkEnvironmentLabel','\"Environnement de travail',0000000002),(0000000728,0000000001,'jobPosterRemoteWork_label','Remote location allowed',0000000001),(0000000729,0000000001,'jobPosterRemoteWork_label','Possibilité de travail depuis une région éloignée',0000000002),(0000000730,0000000001,'jobPosterTelework_label','Telework allowed',0000000001),(0000000731,0000000001,'jobPosterTelework_label','Possibilité de télétravail',0000000002),(0000000732,0000000001,'jobPosterFlexHours_label','Flexible hours allowed',0000000001),(0000000733,0000000001,'jobPosterFlexHours_label','Possibilité d’horaire flexible',0000000002),(0000000734,0000000001,'jobPosterTeamCultureLabel','Team Culture',0000000001),(0000000735,0000000001,'jobPosterTeamCultureLabel','Culture d’équipe',0000000002),(0000000736,0000000001,'jobPosterTeamSize_label','Team size',0000000001),(0000000737,0000000001,'jobPosterTeamSize_label','Taille de l’équipe ',0000000002),(0000000738,0000000001,'jobPosterGcDirLink_label','Meet the team in',0000000001),(0000000739,0000000001,'jobPosterGcDirLink_label','Rencontre l’équipe dans',0000000002),(0000000740,0000000001,'jobPosterOperatingContext_label','Our operating context',0000000001),(0000000741,0000000001,'jobPosterOperatingContext_label','Notre contexte opérationnel:',0000000002),(0000000742,0000000001,'jobPosterWhatWeValue_label','What we value',0000000001),(0000000743,0000000001,'jobPosterWhatWeValue_label','Nos valeurs:',0000000002),(0000000744,0000000001,'jobPosterHowWeWork_label','How we work',0000000001),(0000000745,0000000001,'jobPosterHowWeWork_label','Notre mode de fonctionnement:',0000000002),(0000000746,0000000001,'jobPosterContentTitleApply','Apply for this Job',0000000001),(0000000747,0000000001,'jobPosterContentTitleApply','Postuler cet emploi',0000000002),(0000000748,0000000001,'jobPosterLoginButton','Login and Apply',0000000001),(0000000749,0000000001,'jobPosterLoginButton','Ouvrir une session et postuler',0000000002);
/*!40000 ALTER TABLE `base_content` ENABLE KEYS */;
UNLOCK TABLES;

--
-- Table structure for table `base_content_type`
--

DROP TABLE IF EXISTS `base_content_type`;
/*!40101 SET @saved_cs_client     = @@character_set_client */;
/*!40101 SET character_set_client = utf8 */;
CREATE TABLE `base_content_type` (
  `base_content_type_id` int(10) unsigned zerofill NOT NULL AUTO_INCREMENT,
  `base_content_type_name` varchar(45) DEFAULT NULL,
  PRIMARY KEY (`base_content_type_id`)
) ENGINE=InnoDB AUTO_INCREMENT=4 DEFAULT CHARSET=utf8;
/*!40101 SET character_set_client = @saved_cs_client */;

--
-- Dumping data for table `base_content_type`
--

LOCK TABLES `base_content_type` WRITE;
/*!40000 ALTER TABLE `base_content_type` DISABLE KEYS */;
INSERT INTO `base_content_type` VALUES (0000000001,'label'),(0000000002,'image'),(0000000003,'html');
/*!40000 ALTER TABLE `base_content_type` ENABLE KEYS */;
UNLOCK TABLES;

--
-- Table structure for table `branch`
--

DROP TABLE IF EXISTS `branch`;
/*!40101 SET @saved_cs_client     = @@character_set_client */;
/*!40101 SET character_set_client = utf8 */;
CREATE TABLE `branch` (
  `branch_id` int(10) unsigned zerofill NOT NULL AUTO_INCREMENT,
  `branch_common_name` varchar(65) COLLATE utf8_unicode_ci NOT NULL,
  PRIMARY KEY (`branch_id`)
) ENGINE=InnoDB AUTO_INCREMENT=4 DEFAULT CHARSET=utf8 COLLATE=utf8_unicode_ci;
/*!40101 SET character_set_client = @saved_cs_client */;

--
-- Dumping data for table `branch`
--

LOCK TABLES `branch` WRITE;
/*!40000 ALTER TABLE `branch` DISABLE KEYS */;
INSERT INTO `branch` VALUES (0000000003,'Chief Information Officer Branch');
/*!40000 ALTER TABLE `branch` ENABLE KEYS */;
UNLOCK TABLES;

--
-- Table structure for table `branch_details`
--

DROP TABLE IF EXISTS `branch_details`;
/*!40101 SET @saved_cs_client     = @@character_set_client */;
/*!40101 SET character_set_client = utf8 */;
CREATE TABLE `branch_details` (
  `branch_details_id` int(10) unsigned zerofill NOT NULL AUTO_INCREMENT,
  `branch_id` int(10) unsigned zerofill NOT NULL,
  `branch_details_locale_id` int(10) unsigned zerofill NOT NULL,
  `branch_details_name` varchar(65) COLLATE utf8_unicode_ci NOT NULL,
  PRIMARY KEY (`branch_details_id`)
) ENGINE=InnoDB AUTO_INCREMENT=3 DEFAULT CHARSET=utf8 COLLATE=utf8_unicode_ci;
/*!40101 SET character_set_client = @saved_cs_client */;

--
-- Dumping data for table `branch_details`
--

LOCK TABLES `branch_details` WRITE;
/*!40000 ALTER TABLE `branch_details` DISABLE KEYS */;
INSERT INTO `branch_details` VALUES (0000000001,0000000003,0000000001,'Chief Information Officer Branch'),(0000000002,0000000003,0000000002,'Direction du dirigeant principal de l\'information');
/*!40000 ALTER TABLE `branch_details` ENABLE KEYS */;
UNLOCK TABLES;

--
-- Table structure for table `city`
--

DROP TABLE IF EXISTS `city`;
/*!40101 SET @saved_cs_client     = @@character_set_client */;
/*!40101 SET character_set_client = utf8 */;
CREATE TABLE `city` (
  `city_id` int(10) unsigned zerofill NOT NULL AUTO_INCREMENT,
  `city_gps_coords` varchar(65) COLLATE utf8_unicode_ci DEFAULT NULL,
  `city_common_name` varchar(65) COLLATE utf8_unicode_ci NOT NULL,
  PRIMARY KEY (`city_id`)
) ENGINE=InnoDB AUTO_INCREMENT=3 DEFAULT CHARSET=utf8 COLLATE=utf8_unicode_ci;
/*!40101 SET character_set_client = @saved_cs_client */;

--
-- Dumping data for table `city`
--

LOCK TABLES `city` WRITE;
/*!40000 ALTER TABLE `city` DISABLE KEYS */;
INSERT INTO `city` VALUES (0000000001,'','Ottawa'),(0000000002,'','Montreal');
/*!40000 ALTER TABLE `city` ENABLE KEYS */;
UNLOCK TABLES;

--
-- Table structure for table `city_details`
--

DROP TABLE IF EXISTS `city_details`;
/*!40101 SET @saved_cs_client     = @@character_set_client */;
/*!40101 SET character_set_client = utf8 */;
CREATE TABLE `city_details` (
  `city_details_id` int(10) unsigned zerofill NOT NULL AUTO_INCREMENT,
  `city_details_city_id` int(10) NOT NULL,
  `city_details_locale_id` int(10) unsigned zerofill NOT NULL,
  `city_details_name` varchar(65) COLLATE utf8_unicode_ci NOT NULL,
  PRIMARY KEY (`city_details_id`)
) ENGINE=InnoDB AUTO_INCREMENT=3 DEFAULT CHARSET=utf8 COLLATE=utf8_unicode_ci;
/*!40101 SET character_set_client = @saved_cs_client */;

--
-- Dumping data for table `city_details`
--

LOCK TABLES `city_details` WRITE;
/*!40000 ALTER TABLE `city_details` DISABLE KEYS */;
INSERT INTO `city_details` VALUES (0000000001,1,0000000001,'Ottawa'),(0000000002,1,0000000002,'Ottawa');
/*!40000 ALTER TABLE `city_details` ENABLE KEYS */;
UNLOCK TABLES;

--
-- Table structure for table `criteria`
--

DROP TABLE IF EXISTS `criteria`;
/*!40101 SET @saved_cs_client     = @@character_set_client */;
/*!40101 SET character_set_client = utf8 */;
CREATE TABLE `criteria` (
  `criteria_id` int(10) unsigned zerofill NOT NULL AUTO_INCREMENT,
  `criteria_type_id` int(10) unsigned zerofill NOT NULL,
  `criteria_name` varchar(45) NOT NULL,
  `criteria_description` varchar(140) DEFAULT NULL,
  `locale_id` int(10) unsigned zerofill NOT NULL,
  `job_poster_id` int(10) unsigned zerofill NOT NULL,
  PRIMARY KEY (`criteria_id`,`criteria_type_id`),
  KEY `fk_criteria_criteria_type_id_idx` (`criteria_type_id`),
  KEY `fk_criteria_locale_id_idx` (`locale_id`),
  KEY `fk_criteria_job_poster_idx` (`job_poster_id`),
  CONSTRAINT `fk_criteria_criteria_type_id` FOREIGN KEY (`criteria_type_id`) REFERENCES `criteria_type` (`criteria_type_id`) ON DELETE NO ACTION ON UPDATE CASCADE,
  CONSTRAINT `fk_criteria_job_poster` FOREIGN KEY (`job_poster_id`) REFERENCES `job_poster` (`job_poster_id`) ON DELETE CASCADE ON UPDATE CASCADE,
  CONSTRAINT `fk_criteria_locale_id` FOREIGN KEY (`locale_id`) REFERENCES `locale` (`locale_id`) ON DELETE NO ACTION ON UPDATE CASCADE
) ENGINE=InnoDB AUTO_INCREMENT=9 DEFAULT CHARSET=utf8;
/*!40101 SET character_set_client = @saved_cs_client */;

--
-- Dumping data for table `criteria`
--

LOCK TABLES `criteria` WRITE;
/*!40000 ALTER TABLE `criteria` DISABLE KEYS */;
INSERT INTO `criteria` VALUES (0000000001,0000000001,'HTML',NULL,0000000001,0000000002),(0000000002,0000000001,'MySQL',NULL,0000000001,0000000002),(0000000003,0000000001,'Server Managment',NULL,0000000001,0000000002),(0000000004,0000000001,'HTML',NULL,0000000002,0000000002),(0000000005,0000000001,'MySQL',NULL,0000000002,0000000002),(0000000006,0000000001,'Server Managment',NULL,0000000002,0000000002),(0000000007,0000000002,'Front-End Development',NULL,0000000001,0000000002),(0000000008,0000000002,'Front-End Development',NULL,0000000002,0000000002);
/*!40000 ALTER TABLE `criteria` ENABLE KEYS */;
UNLOCK TABLES;

--
-- Table structure for table `criteria_type`
--

DROP TABLE IF EXISTS `criteria_type`;
/*!40101 SET @saved_cs_client     = @@character_set_client */;
/*!40101 SET character_set_client = utf8 */;
CREATE TABLE `criteria_type` (
  `criteria_type_id` int(10) unsigned zerofill NOT NULL AUTO_INCREMENT,
  `criteria_type` varchar(45) NOT NULL,
  `criteria_type_description` varchar(140) DEFAULT NULL,
  PRIMARY KEY (`criteria_type_id`)
) ENGINE=InnoDB AUTO_INCREMENT=3 DEFAULT CHARSET=utf8;
/*!40101 SET character_set_client = @saved_cs_client */;

--
-- Dumping data for table `criteria_type`
--

LOCK TABLES `criteria_type` WRITE;
/*!40000 ALTER TABLE `criteria_type` DISABLE KEYS */;
INSERT INTO `criteria_type` VALUES (0000000001,'essential','Essential criteria are required for this job.'),(0000000002,'asset','Asset criteria are optional for this job.');
/*!40000 ALTER TABLE `criteria_type` ENABLE KEYS */;
UNLOCK TABLES;

--
-- Table structure for table `db_version`
--

DROP TABLE IF EXISTS `db_version`;
/*!40101 SET @saved_cs_client     = @@character_set_client */;
/*!40101 SET character_set_client = utf8 */;
CREATE TABLE `db_version` (
  `version` varchar(10) COLLATE utf8_unicode_ci NOT NULL
) ENGINE=InnoDB DEFAULT CHARSET=utf8 COLLATE=utf8_unicode_ci;
/*!40101 SET character_set_client = @saved_cs_client */;

--
-- Dumping data for table `db_version`
--

LOCK TABLES `db_version` WRITE;
/*!40000 ALTER TABLE `db_version` DISABLE KEYS */;
INSERT INTO `db_version` VALUES ('11.0.0'),('12.0.0'),('13.0.0'),('15.0.0'),('16.0.0'),('17.0.0'),('18.0.0'),('19.0.0'),('20.0.0');
/*!40000 ALTER TABLE `db_version` ENABLE KEYS */;
UNLOCK TABLES;

--
-- Table structure for table `department`
--

DROP TABLE IF EXISTS `department`;
/*!40101 SET @saved_cs_client     = @@character_set_client */;
/*!40101 SET character_set_client = utf8 */;
CREATE TABLE `department` (
  `department_id` int(10) unsigned zerofill NOT NULL AUTO_INCREMENT,
  `department_common_name` varchar(45) COLLATE utf8_unicode_ci NOT NULL,
  `department_province_id` int(10) unsigned zerofill NOT NULL,
  `department_city_id` int(10) unsigned zerofill NOT NULL,
  PRIMARY KEY (`department_id`)
) ENGINE=InnoDB AUTO_INCREMENT=6 DEFAULT CHARSET=utf8 COLLATE=utf8_unicode_ci;
/*!40101 SET character_set_client = @saved_cs_client */;

--
-- Dumping data for table `department`
--

LOCK TABLES `department` WRITE;
/*!40000 ALTER TABLE `department` DISABLE KEYS */;
INSERT INTO `department` VALUES (0000000001,'Treasury Board of Canada Secretariat',0000000009,0000000001),(0000000002,'Natural Resources Canada',0000000009,0000000001),(0000000003,'Transport Canada',0000000009,0000000001),(0000000004,'Environment and Climate Change Canada',0000000009,0000000001),(0000000005,'Employment and Social Development Canada',0000000009,0000000001);
/*!40000 ALTER TABLE `department` ENABLE KEYS */;
UNLOCK TABLES;

--
-- Table structure for table `department_details`
--

DROP TABLE IF EXISTS `department_details`;
/*!40101 SET @saved_cs_client     = @@character_set_client */;
/*!40101 SET character_set_client = utf8 */;
CREATE TABLE `department_details` (
  `department_details_id` int(10) unsigned zerofill NOT NULL AUTO_INCREMENT,
  `department_id` int(10) unsigned zerofill NOT NULL,
  `department_details_locale_id` int(10) unsigned zerofill NOT NULL,
  `department_details_name` varchar(65) COLLATE utf8_unicode_ci NOT NULL,
  PRIMARY KEY (`department_details_id`)
) ENGINE=InnoDB AUTO_INCREMENT=11 DEFAULT CHARSET=utf8 COLLATE=utf8_unicode_ci;
/*!40101 SET character_set_client = @saved_cs_client */;

--
-- Dumping data for table `department_details`
--

LOCK TABLES `department_details` WRITE;
/*!40000 ALTER TABLE `department_details` DISABLE KEYS */;
INSERT INTO `department_details` VALUES (0000000001,0000000001,0000000001,'Treasury Board of Canada Secretariat'),(0000000002,0000000001,0000000002,'Secrétariat du Conseil du Trésor du Canada'),(0000000003,0000000002,0000000001,'Natural Resources Canada'),(0000000004,0000000002,0000000002,'Ressources naturelles Canada'),(0000000005,0000000003,0000000001,'Transport Canada'),(0000000006,0000000003,0000000002,'Transports Canada'),(0000000007,0000000004,0000000001,'Environment and Climate Change Canada'),(0000000008,0000000004,0000000002,'Environnement et Changement climatique Canada'),(0000000009,0000000005,0000000001,'Employment and Social Development Canada'),(0000000010,0000000005,0000000002,'Emploi et Développement social Canada');
/*!40000 ALTER TABLE `department_details` ENABLE KEYS */;
UNLOCK TABLES;

--
-- Table structure for table `division`
--

DROP TABLE IF EXISTS `division`;
/*!40101 SET @saved_cs_client     = @@character_set_client */;
/*!40101 SET character_set_client = utf8 */;
CREATE TABLE `division` (
  `division_id` int(10) unsigned zerofill NOT NULL AUTO_INCREMENT,
  `division_common_name` varchar(65) COLLATE utf8_unicode_ci NOT NULL,
  PRIMARY KEY (`division_id`)
) ENGINE=InnoDB AUTO_INCREMENT=2 DEFAULT CHARSET=utf8 COLLATE=utf8_unicode_ci;
/*!40101 SET character_set_client = @saved_cs_client */;

--
-- Dumping data for table `division`
--

LOCK TABLES `division` WRITE;
/*!40000 ALTER TABLE `division` DISABLE KEYS */;
INSERT INTO `division` VALUES (0000000001,'Office of the Chief Information Officer');
/*!40000 ALTER TABLE `division` ENABLE KEYS */;
UNLOCK TABLES;

--
-- Table structure for table `division_details`
--

DROP TABLE IF EXISTS `division_details`;
/*!40101 SET @saved_cs_client     = @@character_set_client */;
/*!40101 SET character_set_client = utf8 */;
CREATE TABLE `division_details` (
  `division_details_id` int(10) unsigned zerofill NOT NULL AUTO_INCREMENT,
  `division_id` int(10) unsigned zerofill NOT NULL,
  `division_locale_id` int(10) unsigned zerofill NOT NULL,
  `division_name` varchar(65) COLLATE utf8_unicode_ci NOT NULL,
  PRIMARY KEY (`division_details_id`)
) ENGINE=InnoDB AUTO_INCREMENT=3 DEFAULT CHARSET=utf8 COLLATE=utf8_unicode_ci;
/*!40101 SET character_set_client = @saved_cs_client */;

--
-- Dumping data for table `division_details`
--

LOCK TABLES `division_details` WRITE;
/*!40000 ALTER TABLE `division_details` DISABLE KEYS */;
INSERT INTO `division_details` VALUES (0000000001,0000000001,0000000001,'Office of the Chief Information Officer'),(0000000002,0000000001,0000000002,'Bureau du dirigeant principal de l\'information');
/*!40000 ALTER TABLE `division_details` ENABLE KEYS */;
UNLOCK TABLES;

--
-- Table structure for table `experience_level`
--

DROP TABLE IF EXISTS `experience_level`;
/*!40101 SET @saved_cs_client     = @@character_set_client */;
/*!40101 SET character_set_client = utf8 */;
CREATE TABLE `experience_level` (
  `experience_level_id` int(10) unsigned zerofill NOT NULL AUTO_INCREMENT,
  `experience_level_common` varchar(65) NOT NULL,
  PRIMARY KEY (`experience_level_id`)
) ENGINE=InnoDB AUTO_INCREMENT=6 DEFAULT CHARSET=utf8;
/*!40101 SET character_set_client = @saved_cs_client */;

--
-- Dumping data for table `experience_level`
--

LOCK TABLES `experience_level` WRITE;
/*!40000 ALTER TABLE `experience_level` DISABLE KEYS */;
INSERT INTO `experience_level` VALUES (0000000001,'1 or Less years'),(0000000002,'2 - 3 years'),(0000000003,'4 - 5 years'),(0000000004,'6 - 7 years'),(0000000005,'8 or More years');
/*!40000 ALTER TABLE `experience_level` ENABLE KEYS */;
UNLOCK TABLES;

--
-- Table structure for table `experience_level_details`
--

DROP TABLE IF EXISTS `experience_level_details`;
/*!40101 SET @saved_cs_client     = @@character_set_client */;
/*!40101 SET character_set_client = utf8 */;
CREATE TABLE `experience_level_details` (
  `experience_level_details_id` int(10) unsigned zerofill NOT NULL AUTO_INCREMENT,
  `experience_level_details_locale_id` int(10) unsigned zerofill NOT NULL,
  `experience_level_id` int(10) unsigned zerofill NOT NULL,
  `experience_level_details_name` varchar(65) NOT NULL,
  PRIMARY KEY (`experience_level_details_id`),
  KEY `fk_experience_level_id_idx` (`experience_level_id`),
  CONSTRAINT `fk_experience_level_details_experience_level_id` FOREIGN KEY (`experience_level_id`) REFERENCES `experience_level` (`experience_level_id`) ON DELETE CASCADE ON UPDATE CASCADE
) ENGINE=InnoDB AUTO_INCREMENT=11 DEFAULT CHARSET=utf8;
/*!40101 SET character_set_client = @saved_cs_client */;

--
-- Dumping data for table `experience_level_details`
--

LOCK TABLES `experience_level_details` WRITE;
/*!40000 ALTER TABLE `experience_level_details` DISABLE KEYS */;
INSERT INTO `experience_level_details` VALUES (0000000001,0000000001,0000000001,'1 or Less'),(0000000002,0000000002,0000000001,'1 ou Moins'),(0000000003,0000000001,0000000002,'2 - 3'),(0000000004,0000000002,0000000002,'2 - 3'),(0000000005,0000000001,0000000003,'4 - 5'),(0000000006,0000000002,0000000003,'4 - 5'),(0000000007,0000000001,0000000004,'6 - 7'),(0000000008,0000000002,0000000004,'6 - 7'),(0000000009,0000000001,0000000005,'8 or More'),(0000000010,0000000002,0000000005,'8 ou Plus');
/*!40000 ALTER TABLE `experience_level_details` ENABLE KEYS */;
UNLOCK TABLES;

--
-- Table structure for table `file_type`
--

DROP TABLE IF EXISTS `file_type`;
/*!40101 SET @saved_cs_client     = @@character_set_client */;
/*!40101 SET character_set_client = utf8 */;
CREATE TABLE `file_type` (
  `file_type_id` int(10) unsigned zerofill NOT NULL AUTO_INCREMENT,
  `file_type` varchar(45) NOT NULL,
  PRIMARY KEY (`file_type_id`)
) ENGINE=InnoDB AUTO_INCREMENT=6 DEFAULT CHARSET=utf8;
/*!40101 SET character_set_client = @saved_cs_client */;

--
-- Dumping data for table `file_type`
--

LOCK TABLES `file_type` WRITE;
/*!40000 ALTER TABLE `file_type` DISABLE KEYS */;
INSERT INTO `file_type` VALUES (0000000001,'word document'),(0000000002,'powerpoint presentation'),(0000000003,'video'),(0000000004,'article publication'),(0000000005,'other');
/*!40000 ALTER TABLE `file_type` ENABLE KEYS */;
UNLOCK TABLES;

--
-- Table structure for table `file_type_details`
--

DROP TABLE IF EXISTS `file_type_details`;
/*!40101 SET @saved_cs_client     = @@character_set_client */;
/*!40101 SET character_set_client = utf8 */;
CREATE TABLE `file_type_details` (
  `file_type_details_id` int(10) unsigned zerofill NOT NULL AUTO_INCREMENT,
  `file_type_id` int(10) unsigned zerofill NOT NULL,
  `locale_id` int(10) unsigned zerofill NOT NULL,
  `file_type_details_name` varchar(45) NOT NULL,
  PRIMARY KEY (`file_type_details_id`),
  KEY `fk_file_type_details_file_type_id_idx` (`file_type_id`),
  KEY `fk_file_type_details_locale_id_idx` (`locale_id`),
  CONSTRAINT `fk_file_type_details_file_type_id` FOREIGN KEY (`file_type_id`) REFERENCES `file_type` (`file_type_id`) ON DELETE CASCADE ON UPDATE CASCADE,
  CONSTRAINT `fk_file_type_details_locale_id` FOREIGN KEY (`locale_id`) REFERENCES `locale` (`locale_id`) ON DELETE NO ACTION ON UPDATE CASCADE
) ENGINE=InnoDB AUTO_INCREMENT=11 DEFAULT CHARSET=utf8;
/*!40101 SET character_set_client = @saved_cs_client */;

--
-- Dumping data for table `file_type_details`
--

LOCK TABLES `file_type_details` WRITE;
/*!40000 ALTER TABLE `file_type_details` DISABLE KEYS */;
INSERT INTO `file_type_details` VALUES (0000000001,0000000001,0000000001,'Word Document'),(0000000002,0000000001,0000000002,'Document Word'),(0000000003,0000000002,0000000001,'PowerPoint Presentation'),(0000000004,0000000002,0000000002,'Présentation PowerPoint'),(0000000005,0000000003,0000000001,'Video'),(0000000006,0000000003,0000000002,'Vidéo'),(0000000007,0000000004,0000000001,'Article Publication'),(0000000008,0000000004,0000000002,'Publication d\'Article'),(0000000009,0000000005,0000000001,'Other'),(0000000010,0000000005,0000000002,'Autre');
/*!40000 ALTER TABLE `file_type_details` ENABLE KEYS */;
UNLOCK TABLES;

--
-- Table structure for table `job_application_answer`
--

DROP TABLE IF EXISTS `job_application_answer`;
/*!40101 SET @saved_cs_client     = @@character_set_client */;
/*!40101 SET character_set_client = utf8 */;
CREATE TABLE `job_application_answer` (
  `job_poster_question_id` int(10) unsigned zerofill NOT NULL,
  `job_application_id` int(10) unsigned zerofill NOT NULL,
  `answer` longtext COLLATE utf8_unicode_ci NOT NULL,
  PRIMARY KEY (`job_poster_question_id`,`job_application_id`)
) ENGINE=InnoDB DEFAULT CHARSET=utf8 COLLATE=utf8_unicode_ci;
/*!40101 SET character_set_client = @saved_cs_client */;

--
-- Dumping data for table `job_application_answer`
--

LOCK TABLES `job_application_answer` WRITE;
/*!40000 ALTER TABLE `job_application_answer` DISABLE KEYS */;
INSERT INTO `job_application_answer` VALUES (0000000005,0000000002,''),(0000000005,0000000003,''),(0000000005,0000000005,'Lorem ipsum dolor sit amet'),(0000000006,0000000002,''),(0000000006,0000000003,''),(0000000006,0000000005,'');
/*!40000 ALTER TABLE `job_application_answer` ENABLE KEYS */;
UNLOCK TABLES;

--
-- Table structure for table `job_level`
--

DROP TABLE IF EXISTS `job_level`;
/*!40101 SET @saved_cs_client     = @@character_set_client */;
/*!40101 SET character_set_client = utf8 */;
CREATE TABLE `job_level` (
  `job_level_id` int(10) unsigned zerofill NOT NULL AUTO_INCREMENT,
  `job_level` varchar(5) COLLATE utf8_unicode_ci NOT NULL,
  PRIMARY KEY (`job_level_id`)
) ENGINE=InnoDB AUTO_INCREMENT=4 DEFAULT CHARSET=utf8 COLLATE=utf8_unicode_ci;
/*!40101 SET character_set_client = @saved_cs_client */;

--
-- Dumping data for table `job_level`
--

LOCK TABLES `job_level` WRITE;
/*!40000 ALTER TABLE `job_level` DISABLE KEYS */;
INSERT INTO `job_level` VALUES (0000000001,'CS1'),(0000000002,'CS2'),(0000000003,'CS3');
/*!40000 ALTER TABLE `job_level` ENABLE KEYS */;
UNLOCK TABLES;

--
-- Table structure for table `job_poster`
--

DROP TABLE IF EXISTS `job_poster`;
/*!40101 SET @saved_cs_client     = @@character_set_client */;
/*!40101 SET character_set_client = utf8 */;
CREATE TABLE `job_poster` (
  `job_poster_id` int(10) unsigned zerofill NOT NULL AUTO_INCREMENT,
  `job_term_id` int(10) unsigned zerofill NOT NULL,
  `job_poster_term_qty` varchar(5) COLLATE utf8_unicode_ci NOT NULL,
  `job_poster_job_min_level_id` int(10) unsigned zerofill NOT NULL,
  `job_poster_job_max_level_id` int(10) unsigned zerofill NOT NULL,
  `job_poster_open_date_time` datetime NOT NULL,
  `job_poster_close_date_time` datetime NOT NULL,
  `job_poster_start_date` datetime NOT NULL,
  `job_poster_department_id` int(10) NOT NULL,
  `job_poster_province_id` int(10) NOT NULL,
  `job_poster_remuneration_min` int(9) DEFAULT NULL,
  `job_poster_remuneration_max` int(9) DEFAULT NULL,
  `job_poster_noc` int(4) NOT NULL,
  `job_poster_classification` varchar(8) COLLATE utf8_unicode_ci NOT NULL,
  `job_poster_clearance_id` int(10) unsigned zerofill NOT NULL,
  `job_poster_language_id` int(10) unsigned zerofill NOT NULL,
  PRIMARY KEY (`job_poster_id`)
) ENGINE=InnoDB AUTO_INCREMENT=3 DEFAULT CHARSET=utf8 COLLATE=utf8_unicode_ci;
/*!40101 SET character_set_client = @saved_cs_client */;

--
-- Dumping data for table `job_poster`
--

LOCK TABLES `job_poster` WRITE;
/*!40000 ALTER TABLE `job_poster` DISABLE KEYS */;
INSERT INTO `job_poster` VALUES (0000000002,0000000002,'12',0000000001,0000000003,'2018-05-04 00:00:00','2018-08-31 00:00:00','2018-09-01 00:00:00',1,9,60000,80000,0,'QA2',0000000001,0000000001);
/*!40000 ALTER TABLE `job_poster` ENABLE KEYS */;
UNLOCK TABLES;

--
-- Table structure for table `job_poster_application`
--

DROP TABLE IF EXISTS `job_poster_application`;
/*!40101 SET @saved_cs_client     = @@character_set_client */;
/*!40101 SET character_set_client = utf8 */;
CREATE TABLE `job_poster_application` (
  `job_poster_application_id` int(10) unsigned zerofill NOT NULL AUTO_INCREMENT,
  `application_job_poster_id` int(10) unsigned zerofill NOT NULL,
  `application_job_seeker_profile_id` int(10) unsigned zerofill NOT NULL,
  `job_poster_application_status_id` int(10) unsigned zerofill NOT NULL,
  `last_updated` timestamp NOT NULL DEFAULT CURRENT_TIMESTAMP,
  PRIMARY KEY (`job_poster_application_id`)
) ENGINE=InnoDB AUTO_INCREMENT=6 DEFAULT CHARSET=utf8 COLLATE=utf8_unicode_ci;
/*!40101 SET character_set_client = @saved_cs_client */;

--
-- Dumping data for table `job_poster_application`
--

LOCK TABLES `job_poster_application` WRITE;
/*!40000 ALTER TABLE `job_poster_application` DISABLE KEYS */;
INSERT INTO `job_poster_application` VALUES (0000000002,0000000002,0000000004,0000000001,'2018-06-22 17:36:05'),(0000000003,0000000002,0000000005,0000000001,'2018-06-22 19:05:31'),(0000000004,0000000002,0000000007,0000000001,'2018-06-25 13:28:24'),(0000000005,0000000002,0000000011,0000000001,'2018-06-26 15:00:18');
/*!40000 ALTER TABLE `job_poster_application` ENABLE KEYS */;
UNLOCK TABLES;

--
-- Table structure for table `job_poster_core_competency`
--

DROP TABLE IF EXISTS `job_poster_core_competency`;
/*!40101 SET @saved_cs_client     = @@character_set_client */;
/*!40101 SET character_set_client = utf8 */;
CREATE TABLE `job_poster_core_competency` (
  `job_poster_core_competency_id` int(10) unsigned zerofill NOT NULL AUTO_INCREMENT,
  `job_poster_id` int(10) unsigned zerofill NOT NULL,
  `locale_id` int(10) unsigned zerofill NOT NULL,
  `core_competency` longtext COLLATE utf8_unicode_ci NOT NULL,
  PRIMARY KEY (`job_poster_core_competency_id`)
) ENGINE=InnoDB AUTO_INCREMENT=7 DEFAULT CHARSET=utf8 COLLATE=utf8_unicode_ci;
/*!40101 SET character_set_client = @saved_cs_client */;

--
-- Dumping data for table `job_poster_core_competency`
--

LOCK TABLES `job_poster_core_competency` WRITE;
/*!40000 ALTER TABLE `job_poster_core_competency` DISABLE KEYS */;
/*!40000 ALTER TABLE `job_poster_core_competency` ENABLE KEYS */;
UNLOCK TABLES;

--
-- Table structure for table `job_poster_details`
--

DROP TABLE IF EXISTS `job_poster_details`;
/*!40101 SET @saved_cs_client     = @@character_set_client */;
/*!40101 SET character_set_client = utf8 */;
CREATE TABLE `job_poster_details` (
  `job_poster_details` int(10) unsigned zerofill NOT NULL AUTO_INCREMENT,
  `job_poster_id` int(10) unsigned zerofill NOT NULL,
  `locale_id` int(10) unsigned zerofill NOT NULL,
  `job_poster_desc_title` varchar(65) COLLATE utf8_unicode_ci NOT NULL,
  `job_poster_desc_content` longtext COLLATE utf8_unicode_ci NOT NULL,
  `job_poster_city` varchar(65) COLLATE utf8_unicode_ci NOT NULL,
  `job_poster_title` varchar(65) COLLATE utf8_unicode_ci NOT NULL,
  `job_poster_impact` longtext COLLATE utf8_unicode_ci NOT NULL,
  `branch` varchar(65) COLLATE utf8_unicode_ci DEFAULT NULL,
  `division` varchar(65) COLLATE utf8_unicode_ci DEFAULT NULL,
  PRIMARY KEY (`job_poster_details`)
) ENGINE=InnoDB AUTO_INCREMENT=5 DEFAULT CHARSET=utf8 COLLATE=utf8_unicode_ci;
/*!40101 SET character_set_client = @saved_cs_client */;

--
-- Dumping data for table `job_poster_details`
--

LOCK TABLES `job_poster_details` WRITE;
/*!40000 ALTER TABLE `job_poster_details` DISABLE KEYS */;
INSERT INTO `job_poster_details` VALUES (0000000003,0000000002,0000000001,'','','Ottawa','Talent Cloud QA','You will help Talent Cloud become a significantly more error-free application, increasing the happiness of our Project Manager significantly.','Technology','Talent Cloud'),(0000000004,0000000002,0000000002,'','','Ottawa','Talent Cloud QA','You will help Talent Cloud become a significantly more error-free application, increasing the happiness of our Project Manager significantly. (FR)','Technology','Talent Cloud');
/*!40000 ALTER TABLE `job_poster_details` ENABLE KEYS */;
UNLOCK TABLES;

--
-- Table structure for table `job_poster_developing_competency`
--

DROP TABLE IF EXISTS `job_poster_developing_competency`;
/*!40101 SET @saved_cs_client     = @@character_set_client */;
/*!40101 SET character_set_client = utf8 */;
CREATE TABLE `job_poster_developing_competency` (
  `job_poster_developing_competency_id` int(10) unsigned zerofill NOT NULL AUTO_INCREMENT,
  `job_poster_id` int(10) unsigned zerofill NOT NULL,
  `locale_id` int(10) unsigned zerofill NOT NULL,
  `developing_competency` longtext COLLATE utf8_unicode_ci NOT NULL,
  PRIMARY KEY (`job_poster_developing_competency_id`)
) ENGINE=InnoDB AUTO_INCREMENT=3 DEFAULT CHARSET=utf8 COLLATE=utf8_unicode_ci;
/*!40101 SET character_set_client = @saved_cs_client */;

--
-- Dumping data for table `job_poster_developing_competency`
--

LOCK TABLES `job_poster_developing_competency` WRITE;
/*!40000 ALTER TABLE `job_poster_developing_competency` DISABLE KEYS */;
/*!40000 ALTER TABLE `job_poster_developing_competency` ENABLE KEYS */;
UNLOCK TABLES;

--
-- Table structure for table `job_poster_key_task`
--

DROP TABLE IF EXISTS `job_poster_key_task`;
/*!40101 SET @saved_cs_client     = @@character_set_client */;
/*!40101 SET character_set_client = utf8 */;
CREATE TABLE `job_poster_key_task` (
  `job_poster_key_task_id` int(10) unsigned zerofill NOT NULL AUTO_INCREMENT,
  `job_poster_id` int(10) unsigned zerofill NOT NULL,
  `locale_id` int(10) unsigned zerofill NOT NULL,
  `task` longtext COLLATE utf8_unicode_ci NOT NULL,
  PRIMARY KEY (`job_poster_key_task_id`)
) ENGINE=InnoDB AUTO_INCREMENT=11 DEFAULT CHARSET=utf8 COLLATE=utf8_unicode_ci;
/*!40101 SET character_set_client = @saved_cs_client */;

--
-- Dumping data for table `job_poster_key_task`
--

LOCK TABLES `job_poster_key_task` WRITE;
/*!40000 ALTER TABLE `job_poster_key_task` DISABLE KEYS */;
INSERT INTO `job_poster_key_task` VALUES (0000000007,0000000002,0000000001,'You will test the website every time a story or task is completed.'),(0000000008,0000000002,0000000001,'You will manage deployment to the live site, after verifying stability.'),(0000000009,0000000002,0000000002,'You will test the website every time a story or task is completed. FR'),(0000000010,0000000002,0000000002,'You will manage deployment to the live site, after verifying stability. FR');
/*!40000 ALTER TABLE `job_poster_key_task` ENABLE KEYS */;
UNLOCK TABLES;

--
-- Table structure for table `job_poster_question`
--

DROP TABLE IF EXISTS `job_poster_question`;
/*!40101 SET @saved_cs_client     = @@character_set_client */;
/*!40101 SET character_set_client = utf8 */;
CREATE TABLE `job_poster_question` (
  `id` int(10) unsigned zerofill NOT NULL AUTO_INCREMENT,
  `job_poster_id` int(10) unsigned zerofill NOT NULL,
  `locale_id` int(10) unsigned zerofill NOT NULL,
  `question` text COLLATE utf8_unicode_ci NOT NULL,
  `description` text COLLATE utf8_unicode_ci,
  PRIMARY KEY (`id`)
) ENGINE=InnoDB AUTO_INCREMENT=9 DEFAULT CHARSET=utf8 COLLATE=utf8_unicode_ci;
/*!40101 SET character_set_client = @saved_cs_client */;

--
-- Dumping data for table `job_poster_question`
--

LOCK TABLES `job_poster_question` WRITE;
/*!40000 ALTER TABLE `job_poster_question` DISABLE KEYS */;
INSERT INTO `job_poster_question` VALUES (0000000005,0000000002,0000000001,'Why are you interested in this position?',NULL),(0000000006,0000000002,0000000001,'Why are you a good fit?',NULL),(0000000007,0000000002,0000000002,'Pourquoi êtes-vous intéressé par ce poste?',NULL),(0000000008,0000000002,0000000002,'Pourquoi êtes-vous un bon ajustement?',NULL);
/*!40000 ALTER TABLE `job_poster_question` ENABLE KEYS */;
UNLOCK TABLES;

--
-- Table structure for table `job_poster_to_manager_user_id`
--

DROP TABLE IF EXISTS `job_poster_to_manager_user_id`;
/*!40101 SET @saved_cs_client     = @@character_set_client */;
/*!40101 SET character_set_client = utf8 */;
CREATE TABLE `job_poster_to_manager_user_id` (
  `job_poster_id` int(10) unsigned zerofill NOT NULL,
  `user_id` int(10) unsigned zerofill NOT NULL,
  PRIMARY KEY (`job_poster_id`,`user_id`)
) ENGINE=InnoDB DEFAULT CHARSET=utf8 COLLATE=utf8_unicode_ci;
/*!40101 SET character_set_client = @saved_cs_client */;

--
-- Dumping data for table `job_poster_to_manager_user_id`
--

LOCK TABLES `job_poster_to_manager_user_id` WRITE;
/*!40000 ALTER TABLE `job_poster_to_manager_user_id` DISABLE KEYS */;
INSERT INTO `job_poster_to_manager_user_id` VALUES (0000000002,0000000003);
/*!40000 ALTER TABLE `job_poster_to_manager_user_id` ENABLE KEYS */;
UNLOCK TABLES;

--
-- Table structure for table `job_poster_v1`
--

DROP TABLE IF EXISTS `job_poster_v1`;
/*!40101 SET @saved_cs_client     = @@character_set_client */;
/*!40101 SET character_set_client = utf8 */;
CREATE TABLE `job_poster_v1` (
  `job_poster_id` int(10) unsigned zerofill NOT NULL AUTO_INCREMENT,
  `job_number` int(10) unsigned zerofill NOT NULL,
  `job_poster_title` varchar(65) COLLATE utf8_unicode_ci NOT NULL,
  `job_poster_description` mediumtext COLLATE utf8_unicode_ci NOT NULL,
  `job_term_id` int(10) unsigned zerofill NOT NULL,
  `job_poster_term_qty` varchar(5) COLLATE utf8_unicode_ci NOT NULL,
  `job_poster_job_min_level_id` int(10) unsigned zerofill NOT NULL,
  `job_poster_job_max_level_id` int(10) unsigned zerofill NOT NULL,
  `job_poster_start_date` datetime NOT NULL,
  `job_poster_end_date` datetime NOT NULL,
  `job_poster_close_date_time` datetime NOT NULL,
  `job_poster_department_id` int(10) unsigned zerofill NOT NULL,
  `job_poster_location_province_id` int(10) unsigned zerofill NOT NULL,
  `job_poster_location_city_id` int(10) unsigned zerofill NOT NULL,
  PRIMARY KEY (`job_poster_id`)
) ENGINE=InnoDB DEFAULT CHARSET=utf8 COLLATE=utf8_unicode_ci;
/*!40101 SET character_set_client = @saved_cs_client */;

--
-- Dumping data for table `job_poster_v1`
--

LOCK TABLES `job_poster_v1` WRITE;
/*!40000 ALTER TABLE `job_poster_v1` DISABLE KEYS */;
/*!40000 ALTER TABLE `job_poster_v1` ENABLE KEYS */;
UNLOCK TABLES;

--
-- Table structure for table `job_seeker_profile`
--

DROP TABLE IF EXISTS `job_seeker_profile`;
/*!40101 SET @saved_cs_client     = @@character_set_client */;
/*!40101 SET character_set_client = utf8 */;
CREATE TABLE `job_seeker_profile` (
  `job_seeker_profile_id` int(10) unsigned zerofill NOT NULL AUTO_INCREMENT,
  `job_seeker_profile_link` varchar(65) COLLATE utf8_unicode_ci DEFAULT NULL,
  `job_seeker_profile_tagline` longtext COLLATE utf8_unicode_ci,
  `job_seeker_profile_twitter_link` varchar(65) COLLATE utf8_unicode_ci DEFAULT NULL,
  `job_seeker_profile_linkedin_link` varchar(65) COLLATE utf8_unicode_ci DEFAULT NULL,
  `last_updated` timestamp NOT NULL DEFAULT CURRENT_TIMESTAMP,
  PRIMARY KEY (`job_seeker_profile_id`)
) ENGINE=InnoDB AUTO_INCREMENT=15 DEFAULT CHARSET=utf8 COLLATE=utf8_unicode_ci;
/*!40101 SET character_set_client = @saved_cs_client */;

--
-- Dumping data for table `job_seeker_profile`
--

LOCK TABLES `job_seeker_profile` WRITE;
/*!40000 ALTER TABLE `job_seeker_profile` DISABLE KEYS */;
INSERT INTO `job_seeker_profile` VALUES (0000000003,NULL,NULL,NULL,NULL,'2018-06-19 18:14:01'),(0000000004,NULL,NULL,NULL,NULL,'2018-06-22 17:35:29'),(0000000005,NULL,NULL,NULL,NULL,'2018-06-22 19:05:24'),(0000000006,NULL,NULL,NULL,NULL,'2018-06-25 12:31:08'),(0000000007,NULL,NULL,NULL,NULL,'2018-06-25 13:28:02'),(0000000008,NULL,NULL,NULL,NULL,'2018-06-25 18:19:16'),(0000000009,NULL,NULL,NULL,NULL,'2018-06-26 14:46:30'),(0000000010,'','','','','2018-06-26 14:47:02'),(0000000011,NULL,NULL,NULL,NULL,'2018-06-26 15:00:08'),(0000000012,'','','','','2018-06-26 15:01:22'),(0000000013,'','','','','2018-06-26 15:01:29'),(0000000014,'','My super awesome tagline (probably something about UX)','@JerboE','jerryescandon/','2018-06-26 15:02:11');
/*!40000 ALTER TABLE `job_seeker_profile` ENABLE KEYS */;
UNLOCK TABLES;

--
-- Table structure for table `job_seeker_profile_answer`
--

DROP TABLE IF EXISTS `job_seeker_profile_answer`;
/*!40101 SET @saved_cs_client     = @@character_set_client */;
/*!40101 SET character_set_client = utf8 */;
CREATE TABLE `job_seeker_profile_answer` (
  `job_seeker_profile_id` int(10) unsigned zerofill NOT NULL,
  `job_seeker_profile_question_id` int(10) unsigned zerofill NOT NULL,
  `answer` text,
  PRIMARY KEY (`job_seeker_profile_id`,`job_seeker_profile_question_id`),
  KEY `fk_job_seeker_profile_question_id_idx` (`job_seeker_profile_question_id`),
  CONSTRAINT `fk_job_seeker_profile_answer_question_id` FOREIGN KEY (`job_seeker_profile_question_id`) REFERENCES `job_seeker_profile_question` (`job_seeker_profile_question_id`) ON DELETE NO ACTION ON UPDATE NO ACTION,
  CONSTRAINT `fk_job_seeker_profile_id` FOREIGN KEY (`job_seeker_profile_id`) REFERENCES `job_seeker_profile` (`job_seeker_profile_id`) ON DELETE NO ACTION ON UPDATE NO ACTION
) ENGINE=InnoDB DEFAULT CHARSET=utf8;
/*!40101 SET character_set_client = @saved_cs_client */;

--
-- Dumping data for table `job_seeker_profile_answer`
--

LOCK TABLES `job_seeker_profile_answer` WRITE;
/*!40000 ALTER TABLE `job_seeker_profile_answer` DISABLE KEYS */;
INSERT INTO `job_seeker_profile_answer` VALUES (0000000010,0000000001,''),(0000000010,0000000002,''),(0000000010,0000000003,''),(0000000010,0000000004,''),(0000000010,0000000005,''),(0000000010,0000000006,''),(0000000012,0000000001,''),(0000000012,0000000002,''),(0000000012,0000000003,''),(0000000012,0000000004,''),(0000000012,0000000005,''),(0000000012,0000000006,''),(0000000013,0000000001,''),(0000000013,0000000002,''),(0000000013,0000000003,''),(0000000013,0000000004,''),(0000000013,0000000005,''),(0000000013,0000000006,''),(0000000014,0000000001,''),(0000000014,0000000002,''),(0000000014,0000000003,''),(0000000014,0000000004,''),(0000000014,0000000005,''),(0000000014,0000000006,'');
/*!40000 ALTER TABLE `job_seeker_profile_answer` ENABLE KEYS */;
UNLOCK TABLES;

--
-- Table structure for table `job_seeker_profile_question`
--

DROP TABLE IF EXISTS `job_seeker_profile_question`;
/*!40101 SET @saved_cs_client     = @@character_set_client */;
/*!40101 SET character_set_client = utf8 */;
CREATE TABLE `job_seeker_profile_question` (
  `job_seeker_profile_question_id` int(10) unsigned zerofill NOT NULL AUTO_INCREMENT,
  `common_name` varchar(60) NOT NULL,
  PRIMARY KEY (`job_seeker_profile_question_id`)
) ENGINE=InnoDB AUTO_INCREMENT=7 DEFAULT CHARSET=utf8;
/*!40101 SET character_set_client = @saved_cs_client */;

--
-- Dumping data for table `job_seeker_profile_question`
--

LOCK TABLES `job_seeker_profile_question` WRITE;
/*!40000 ALTER TABLE `job_seeker_profile_question` DISABLE KEYS */;
INSERT INTO `job_seeker_profile_question` VALUES (0000000001,'My career journey so far'),(0000000002,'My learning journey so far'),(0000000003,'What I bring to a team'),(0000000004,'I work best when'),(0000000005,'I learn best when'),(0000000006,'Types of teams I work well on');
/*!40000 ALTER TABLE `job_seeker_profile_question` ENABLE KEYS */;
UNLOCK TABLES;

--
-- Table structure for table `job_seeker_profile_question_details`
--

DROP TABLE IF EXISTS `job_seeker_profile_question_details`;
/*!40101 SET @saved_cs_client     = @@character_set_client */;
/*!40101 SET character_set_client = utf8 */;
CREATE TABLE `job_seeker_profile_question_details` (
  `job_seeker_profile_question_id` int(10) unsigned zerofill NOT NULL,
  `locale_id` int(10) unsigned zerofill NOT NULL,
  `question` varchar(60) NOT NULL,
  `description` text NOT NULL,
  PRIMARY KEY (`job_seeker_profile_question_id`,`locale_id`),
  KEY `fk_locale_id_idx` (`locale_id`),
  CONSTRAINT `fk_job_seeker_profile_question_id` FOREIGN KEY (`job_seeker_profile_question_id`) REFERENCES `job_seeker_profile_question` (`job_seeker_profile_question_id`) ON DELETE NO ACTION ON UPDATE NO ACTION,
  CONSTRAINT `fk_locale_id` FOREIGN KEY (`locale_id`) REFERENCES `locale` (`locale_id`) ON DELETE NO ACTION ON UPDATE NO ACTION
) ENGINE=InnoDB DEFAULT CHARSET=utf8;
/*!40101 SET character_set_client = @saved_cs_client */;

--
-- Dumping data for table `job_seeker_profile_question_details`
--

LOCK TABLES `job_seeker_profile_question_details` WRITE;
/*!40000 ALTER TABLE `job_seeker_profile_question_details` DISABLE KEYS */;
INSERT INTO `job_seeker_profile_question_details` VALUES (0000000001,0000000001,'My career journey so far...','This is your chance to share the unique story of how you got to where you are now… and where you want to go from here.'),(0000000001,0000000002,'My career journey so far... (TRANSLATION NEEDED)','(TRANSLATION NEEDED) This is your chance to share the unique story of how you got to where you are now… and where you want to go from here.'),(0000000002,0000000001,'My learning journey so far...','Learning never stops, and it comes to all of us in different ways. Whether it comes from formal education or life lessons, knowledge passed on from elders or things you’ve picked up along the way, here’s your chance to share a bit about this side of who you are.'),(0000000002,0000000002,'My learning journey so far... (TRANSLATION NEEDED)','(TRANSLATION NEEDED) Learning never stops, and it comes to all of us in different ways. Whether it comes from formal education or life lessons, knowledge passed on from elders or things you’ve picked up along the way, here’s your chance to share a bit about this side of who you are.'),(0000000003,0000000001,'What I bring to a team...','People take note of the rock star and forget they are nothing without the band. Help potential teams and managers see what unique skills, attributes and knowledge you bring to help a team do great work.'),(0000000003,0000000002,'What I bring to a team... (TRANSLATION NEEDED)','(TRANSLATION NEEDED) People take note of the rock star and forget they are nothing without the band. Help potential teams and managers see what unique skills, attributes and knowledge you bring to help a team do great work.'),(0000000004,0000000001,'I work best when...','Introvert? Extrovert? Bit of both? Do you like tight deadlines or do you prefer to have time to process ideas? Do you work well independently or are team products more your thing? Here’s your chance to let a potential manager know what will let you give the team your best.'),(0000000004,0000000002,'I work best when... (TRANSLATION NEEDED)','(TRANSLATION NEEDED) Introvert? Extrovert? Bit of both? Do you like tight deadlines or do you prefer to have time to process ideas? Do you work well independently or are team products more your thing? Here’s your chance to let a potential manager know what will let you give the team your best.'),(0000000005,0000000001,'I learn best when...','Do you absorb information best by reading? By doing? Or are you a visual learner? Do you pick things up quickly or do you like to develop deep expertise over time? Joining a new team means learning new things. Help a potential manager understand your learning style so you can get up to speed and contributing quickly.'),(0000000005,0000000002,'I learn best when... (TRANSLATION NEEDED)','(TRANSLATION NEEDED) Do you absorb information best by reading? By doing? Or are you a visual learner? Do you pick things up quickly or do you like to develop deep expertise over time? Joining a new team means learning new things. Help a potential manager understand your learning style so you can get up to speed and contributing quickly.'),(0000000006,0000000001,'Types of teams I work well on...','Do you absorb information best by reading? By doing? Or are you a visual learner? Do you pick things up quickly or do you like to develop deep expertise over time? Joining a new team means learning new things. Help a potential manager understand your learning style so you can get up to speed and contributing quickly.'),(0000000006,0000000002,'Types of teams I work well on... (TRANSLATION NEEDED)','(TRANSLATION NEEDED) Do you work best when you collaborate on projects or when you have a role where you can do your own thing? Do you prefer having a routine or do you thrive on teams where every day is something different? Are you highly adaptable to different work styles or do you have a preference for particular ways of working? Here’s your chance to let managers learn about the type of team(s) you work well on and the role(s) you prefer to play.');
/*!40000 ALTER TABLE `job_seeker_profile_question_details` ENABLE KEYS */;
UNLOCK TABLES;

--
-- Table structure for table `job_term`
--

DROP TABLE IF EXISTS `job_term`;
/*!40101 SET @saved_cs_client     = @@character_set_client */;
/*!40101 SET character_set_client = utf8 */;
CREATE TABLE `job_term` (
  `job_term_id` int(10) unsigned zerofill NOT NULL AUTO_INCREMENT,
  `job_term_common_name` varchar(45) COLLATE utf8_unicode_ci NOT NULL,
  PRIMARY KEY (`job_term_id`)
) ENGINE=InnoDB AUTO_INCREMENT=9 DEFAULT CHARSET=utf8 COLLATE=utf8_unicode_ci;
/*!40101 SET character_set_client = @saved_cs_client */;

--
-- Dumping data for table `job_term`
--

LOCK TABLES `job_term` WRITE;
/*!40000 ALTER TABLE `job_term` DISABLE KEYS */;
INSERT INTO `job_term` VALUES (0000000001,'week'),(0000000002,'month'),(0000000003,'year'),(0000000004,'permanent');
/*!40000 ALTER TABLE `job_term` ENABLE KEYS */;
UNLOCK TABLES;

--
-- Table structure for table `job_term_details`
--

DROP TABLE IF EXISTS `job_term_details`;
/*!40101 SET @saved_cs_client     = @@character_set_client */;
/*!40101 SET character_set_client = utf8 */;
CREATE TABLE `job_term_details` (
  `job_term_details_id` int(10) unsigned zerofill NOT NULL AUTO_INCREMENT,
  `job_term_id` int(10) unsigned zerofill NOT NULL,
  `job_term` varchar(45) COLLATE utf8_unicode_ci DEFAULT NULL,
  `job_term_locale_id` int(10) unsigned zerofill NOT NULL,
  PRIMARY KEY (`job_term_details_id`)
) ENGINE=InnoDB AUTO_INCREMENT=9 DEFAULT CHARSET=utf8 COLLATE=utf8_unicode_ci;
/*!40101 SET character_set_client = @saved_cs_client */;

--
-- Dumping data for table `job_term_details`
--

LOCK TABLES `job_term_details` WRITE;
/*!40000 ALTER TABLE `job_term_details` DISABLE KEYS */;
INSERT INTO `job_term_details` VALUES (0000000001,0000000001,'week',0000000001),(0000000002,0000000001,'semaine',0000000002),(0000000003,0000000002,'month',0000000001),(0000000004,0000000002,'mois',0000000002),(0000000005,0000000003,'year',0000000001),(0000000006,0000000003,'an',0000000002),(0000000007,0000000004,'permanent',0000000001),(0000000008,0000000004,'permanent',0000000002);
/*!40000 ALTER TABLE `job_term_details` ENABLE KEYS */;
UNLOCK TABLES;

--
-- Table structure for table `language_requirement`
--

DROP TABLE IF EXISTS `language_requirement`;
/*!40101 SET @saved_cs_client     = @@character_set_client */;
/*!40101 SET character_set_client = utf8 */;
CREATE TABLE `language_requirement` (
  `language_requirement_id` int(10) unsigned zerofill NOT NULL AUTO_INCREMENT,
  `language_requirement_common_name` varchar(65) NOT NULL,
  PRIMARY KEY (`language_requirement_id`)
) ENGINE=InnoDB AUTO_INCREMENT=4 DEFAULT CHARSET=utf8;
/*!40101 SET character_set_client = @saved_cs_client */;

--
-- Dumping data for table `language_requirement`
--

LOCK TABLES `language_requirement` WRITE;
/*!40000 ALTER TABLE `language_requirement` DISABLE KEYS */;
INSERT INTO `language_requirement` VALUES (0000000001,'English essential'),(0000000002,'French essential'),(0000000003,'Bilingual');
/*!40000 ALTER TABLE `language_requirement` ENABLE KEYS */;
UNLOCK TABLES;

--
-- Table structure for table `language_requirement_details`
--

DROP TABLE IF EXISTS `language_requirement_details`;
/*!40101 SET @saved_cs_client     = @@character_set_client */;
/*!40101 SET character_set_client = utf8 */;
CREATE TABLE `language_requirement_details` (
  `language_requirement_details_id` int(10) unsigned zerofill NOT NULL AUTO_INCREMENT,
  `language_requirement_details_locale_id` int(10) unsigned zerofill NOT NULL,
  `language_requirement_id` int(10) unsigned zerofill NOT NULL,
  `language_requirement_details_name` varchar(65) CHARACTER SET utf8 COLLATE utf8_unicode_ci NOT NULL,
  PRIMARY KEY (`language_requirement_details_id`),
  KEY `fk_language_requirement_id_idx` (`language_requirement_id`),
  CONSTRAINT `fk_language_requirement_details_language_requirement_id` FOREIGN KEY (`language_requirement_id`) REFERENCES `language_requirement` (`language_requirement_id`) ON DELETE NO ACTION ON UPDATE NO ACTION
) ENGINE=InnoDB AUTO_INCREMENT=7 DEFAULT CHARSET=utf8;
/*!40101 SET character_set_client = @saved_cs_client */;

--
-- Dumping data for table `language_requirement_details`
--

LOCK TABLES `language_requirement_details` WRITE;
/*!40000 ALTER TABLE `language_requirement_details` DISABLE KEYS */;
INSERT INTO `language_requirement_details` VALUES (0000000001,0000000001,0000000001,'English essential'),(0000000002,0000000002,0000000001,'Anglais essentiel'),(0000000003,0000000001,0000000002,'French essential'),(0000000004,0000000002,0000000002,'Français essentiel'),(0000000005,0000000001,0000000003,'Bilingual'),(0000000006,0000000002,0000000003,'Bilingue');
/*!40000 ALTER TABLE `language_requirement_details` ENABLE KEYS */;
UNLOCK TABLES;

--
-- Table structure for table `locale`
--

DROP TABLE IF EXISTS `locale`;
/*!40101 SET @saved_cs_client     = @@character_set_client */;
/*!40101 SET character_set_client = utf8 */;
CREATE TABLE `locale` (
  `locale_id` int(10) unsigned zerofill NOT NULL AUTO_INCREMENT,
  `locale_iso` varchar(12) COLLATE utf8_unicode_ci NOT NULL,
  PRIMARY KEY (`locale_id`)
) ENGINE=InnoDB AUTO_INCREMENT=3 DEFAULT CHARSET=utf8 COLLATE=utf8_unicode_ci;
/*!40101 SET character_set_client = @saved_cs_client */;

--
-- Dumping data for table `locale`
--

LOCK TABLES `locale` WRITE;
/*!40000 ALTER TABLE `locale` DISABLE KEYS */;
INSERT INTO `locale` VALUES (0000000001,'en_CA'),(0000000002,'fr_CA');
/*!40000 ALTER TABLE `locale` ENABLE KEYS */;
UNLOCK TABLES;

--
-- Table structure for table `manager_profile_to_team_culture`
--

DROP TABLE IF EXISTS `manager_profile_to_team_culture`;
/*!40101 SET @saved_cs_client     = @@character_set_client */;
/*!40101 SET character_set_client = utf8 */;
CREATE TABLE `manager_profile_to_team_culture` (
  `user_manager_profile_id` int(10) unsigned zerofill NOT NULL,
  `team_culture_id` int(10) NOT NULL,
  PRIMARY KEY (`user_manager_profile_id`)
) ENGINE=InnoDB DEFAULT CHARSET=utf8 COLLATE=utf8_unicode_ci;
/*!40101 SET character_set_client = @saved_cs_client */;

--
-- Dumping data for table `manager_profile_to_team_culture`
--

LOCK TABLES `manager_profile_to_team_culture` WRITE;
/*!40000 ALTER TABLE `manager_profile_to_team_culture` DISABLE KEYS */;
INSERT INTO `manager_profile_to_team_culture` VALUES (0000000001,2),(0000000002,3);
/*!40000 ALTER TABLE `manager_profile_to_team_culture` ENABLE KEYS */;
UNLOCK TABLES;

--
-- Table structure for table `manager_profile_to_work_environment`
--

DROP TABLE IF EXISTS `manager_profile_to_work_environment`;
/*!40101 SET @saved_cs_client     = @@character_set_client */;
/*!40101 SET character_set_client = utf8 */;
CREATE TABLE `manager_profile_to_work_environment` (
  `user_manager_profile_id` int(10) unsigned zerofill NOT NULL,
  `work_environment_id` int(10) NOT NULL,
  PRIMARY KEY (`user_manager_profile_id`)
) ENGINE=InnoDB DEFAULT CHARSET=utf8 COLLATE=utf8_unicode_ci;
/*!40101 SET character_set_client = @saved_cs_client */;

--
-- Dumping data for table `manager_profile_to_work_environment`
--

LOCK TABLES `manager_profile_to_work_environment` WRITE;
/*!40000 ALTER TABLE `manager_profile_to_work_environment` DISABLE KEYS */;
INSERT INTO `manager_profile_to_work_environment` VALUES (0000000002,2);
/*!40000 ALTER TABLE `manager_profile_to_work_environment` ENABLE KEYS */;
UNLOCK TABLES;

--
-- Table structure for table `micro_reference`
--

DROP TABLE IF EXISTS `micro_reference`;
/*!40101 SET @saved_cs_client     = @@character_set_client */;
/*!40101 SET character_set_client = utf8 */;
CREATE TABLE `micro_reference` (
  `micro_reference_id` int(10) unsigned zerofill NOT NULL AUTO_INCREMENT,
  `micro_reference_name` varchar(45) NOT NULL,
  `micro_reference_email` varchar(45) NOT NULL,
  `micro_reference_relationship_id` int(10) unsigned zerofill NOT NULL,
  `micro_reference_observed_from_date` date NOT NULL,
  `micro_reference_observed_until_date` date NOT NULL,
  `micro_reference_experience_level_id` int(10) unsigned zerofill NOT NULL,
  `micro_reference_story` text,
  PRIMARY KEY (`micro_reference_id`),
  KEY `fk_micro_reference_relationship_id_idx` (`micro_reference_relationship_id`),
  KEY `fk_micro_reference_experience_level_id_idx` (`micro_reference_experience_level_id`),
  CONSTRAINT `fk_micro_reference_experience_level_id` FOREIGN KEY (`micro_reference_experience_level_id`) REFERENCES `experience_level` (`experience_level_id`) ON DELETE NO ACTION ON UPDATE CASCADE,
  CONSTRAINT `fk_micro_reference_relationship_id` FOREIGN KEY (`micro_reference_relationship_id`) REFERENCES `relationship` (`relationship_id`) ON DELETE NO ACTION ON UPDATE CASCADE
) ENGINE=InnoDB DEFAULT CHARSET=utf8;
/*!40101 SET character_set_client = @saved_cs_client */;

--
-- Dumping data for table `micro_reference`
--

LOCK TABLES `micro_reference` WRITE;
/*!40000 ALTER TABLE `micro_reference` DISABLE KEYS */;
/*!40000 ALTER TABLE `micro_reference` ENABLE KEYS */;
UNLOCK TABLES;

--
-- Table structure for table `profile_pic`
--

DROP TABLE IF EXISTS `profile_pic`;
/*!40101 SET @saved_cs_client     = @@character_set_client */;
/*!40101 SET character_set_client = utf8 */;
CREATE TABLE `profile_pic` (
  `user_id` int(10) unsigned zerofill NOT NULL AUTO_INCREMENT,
  `image` longblob NOT NULL,
  `last_updated` timestamp NOT NULL DEFAULT CURRENT_TIMESTAMP,
  `type` varchar(45) COLLATE utf8_unicode_ci NOT NULL,
  `size` int(11) NOT NULL,
  PRIMARY KEY (`user_id`)
) ENGINE=InnoDB AUTO_INCREMENT=12 DEFAULT CHARSET=utf8 COLLATE=utf8_unicode_ci;
/*!40101 SET character_set_client = @saved_cs_client */;

--
-- Dumping data for table `profile_pic`
--

LOCK TABLES `profile_pic` WRITE;
/*!40000 ALTER TABLE `profile_pic` DISABLE KEYS */;
INSERT INTO `profile_pic` VALUES (0000000010,'PNG\r\n\Z\n\0\0\0\rIHDR\0\0\0\\0\0\0\\0\0\0w\J\0\0 \0IDATx^Ly\\w\/Uޛ\&)EQ4ifI`\$\'$v\0\#	\\	 ĉ\ 0\ @L+33\5$RM6\fԾ/\\\\*\Ū{}\{\\<缉w\F\N\VVX(YJ%\\rH$m0XEH$l<X2L&c|%I\\t:~o\d\\\|6g|Ǝy\-kZ\\'\h4t:c\\...\n\|%R	}v2bh\jźݮ\rC\d\ޮM&Sr\\\\\w\\\\H?~~\{\g|r\^z\%\.,,\5z\\NO\l_k\5G\c4\Z\\TʲٌE\\ƓEV\lyyQ\\\lٓ\'O\\׮\ZZbϿq\5\Z\rL\6\Z6\rյh\ZYzV\\t\⢥d\\O>\-\\$ixF\n\\u%{M\\\j\uvv֮^\}N\Λl6\\\f].>֌\tbtZ\~e}\N#Fvpp`g\\;\\\\OS\m2ڵk\l\\e6\c\\\ӽpNW덼\n\CMk\Y*|!guMX۳n\'9\}\Z&g2i\l\Ѻ\9+\V*^Z&je\\\ZK\\l0\\4\t:Ǐ\\ƺmn<\\Y/4\7\%\\\.Kֳٜ.:vrruA\\ЭU\%]\\\\{\Ak\\lqq\\33J	Y\d\"i\L\,\\u{]X*JYƦr#8)G6\Z\Zxj\N\\\6\XݲSk6N\boѐ`\\\H\\8\g.--\=x\677rlkkk63;cj\^]r\\\666\ٴW\Y$\z؉Y\\\Bbx\f\(f~~ފ{gg\>\vwvu=b_\\\n\P\xGX[)%>~\5|\\\\\Ɔu:-Xd\LʊlS)+Kz\\JYY?\\\Q\\e\{3\$(2{A\0\\\ncܧ%H\R\lm\־R\p8\{߶6w0\2KK+k?џ\\T)\\쬭\.\-}6:\<?Jϳ6^\\H\^(\-aNk\Id.\\\\\y\z\\\.\ \\VgL*i\L*\+*ڟ3)\mGvxg\R\\V?\YT\Kј\8\\LeX1\\Ɔuc=\\2٬\r\Z̏<Ci\)K$6Lta\{eX\XB\'\~rY4)\\GS	\(\0VByJ	ppt?߸}\+_\\TFykkK\sa\\\,BrQggg2\\06\cXH~\\u%DA_;;\\\ba\ei[ZZ/K1NOOl}}C\O\\\\{\\\~뷞ED\rn\Rɤ\\U]uK%P֎\\~\677\i\'\'v\j[\"%\6XX\L\J岄X,X:DG/1\\Fѻh\h4=N^ށ\\r\,K\\\cN͚})\\\Z\\\\@{x\\e\\??X6ګ/ܔLL\O2\j\Rd\H#\W(\17\"AV\~\h<\r?tƣ#Uw4T2asI,H[:\\k\\\n\H-\\Y\\Jh|VD$/-W(HX\R,y\\1YQ\nF6,M\goG\^\zݮM-\fɄ\\\\\nSYK0ޱq|ŦP\b\ҙ\C\pP!	\\wŒ\\y\r\?x?~,LF\	\\gL_\W%bY,`ffJ\"bax^\`yj.\y\\\\\\\`\^\Sݳ\P\\h6/r\uY\N-3\go+<\9/]lo\\e0\\[iggE:\\ق\K2-\\\ڌcY\1\i6c\KV\2p\ay\g\R\\{.aT\\yڝ\ҥKfH\\v\0Z֜deeU1Jޝ2ƵZ\^~y B\_\vrz*@75&t\r\\\3ƻ^\sZ\2~~W^}yeI{\\dTWf\Gq0V{\u@\P\\\|C\\er6\ZLl2$C@Jm\\Ю_\"\Z(fl8hEFc2Q\ZI$@4W\etǭX\"<w;Bg\n+\'?9bAƳbx/\\0ح\\dS\\\HP\0Jɲ\\&k\_G(e!\'dI\[u\\	ϭ|6Dp=e\\\G#\/`\Z\\s\ \\3l8\!\b\\2)\\\rJ\y#|Z\S\N.\=Ju߼(0KcPlr_a^V+\u-B_U\\\\\!}\wmks[3NY2QPx\|h\l:6Z3r\\YU\X)}+a\\fx\J\:6\Ʊެz\VVV\S\\\\\{~Ⱦ\ۧY\KnX\q6i\#\\G1\)őa\\A&ńP<H:C5d*!E\'F)\}vӗ1Er&\:֘L:iTdZŢhb\/\\3N\x\0\{X\en~\\3L:k\\rl\{\E%\֘\z6\~[\X7\\\rl<,:A+\Z\ADB\\,e(9cV+\h}\H\b\0Aicy		\nחa@y\\\\S\#T\b^y\AQY\x1l_\=9o_\*J8h砙\yPwggG?WʄIK\\n<\LJ`\mln\\z<\\\'vpp(\\\\\&*N\'6-W\P\f$T\\\\\\XZQ407\\^޻JOXzCkOFI%}N\h4&\!\Dq\6;۰E%FJWwg|\?w\}\\ݻ\'EEpw\Z˚pJU{\Si+\KŨ)\٩j\\ZK\0\\%\\\O\iy\kR藧9\\}\0䰐\\y^6\"\\u)\Lj~G)\`8TڍųR\\\=\p\\ޱD]\\\\\\7JG\O \N\W\\kr\\\p2i,*\\!*a\"*&VJV\7\\铧vtxl\3t\Q.U]\iKPf<hVJM\\\nkv~qaC{v|td33ʍ\3u-`+\0\r-\< \\#R1^gΕ\\r[;r$֊t\n\)]\\(Br\2$\\\(Z\\6\c@m,ӑ֕\s\\\O\Ǡߗw\#@gM{ݻݿ\Κ\n\\r\BO\\\\\n\PV\\9+s˦Э\l>=ƻ\u\\\r\"acM\'#iOyo.GQ\~\0Y<yTkL%-a[\;\\0KTd^WB.̕\OϬպ\{\g6;S\0:l{k\l<FSE~\0j\\n\$aG\"14\i\zD\$J3\(\"3,\Rվ7uO\O\/\}\\\\X~`I76\\nn~Nq\M),kFd\\f\s66`	=;QK\\_\0\"$4\eB\*]rŖ`AɟrԴ{Ʉ\"M\_r[\\\\ݳ\=\]\+r(a\Dʊu3\\\N\Nmw߶-\ڵk\Z\0\0<|h\+\\0􄤎C)\fpO򠣁MFQ+Nn\\wt}^w8\\%J\\'RL\\Z<_*(TwDr[\9.\\mӤ\"^ohggM\\ز?\\\?ӳ3		Q\.\\2tnOlyeѲٔ\n~\6<\?\LV\\\n\`\@\r\HXp\@kb\Zw<%\=}\'D/\߷\h(\yq\e\&TF\zM^\=zd\\Cnv^Sy%Ox[-{\nLY?ނSIC\xA҄\y36:9\f\VU-M6ːdr\Z(\Ύ}\{ߓ\\kSģ\\-z\\??(\1_\\_|DWGt\0wVVp~\\\jbl\Q\^1i4T&r\\c+\\\X[/`/޺e{F}\\VUݐ<G\"҂\0Fp_xxVa\\n zi(\/J\\V\g\sݚqc\\\zF\!\@7Qж*\\r0\2\ xC\\Yي|q2\#\cQ\y\'a͔k\n)\p\\i\B*\\Бwê	KD)NÀ:?Ż\\~W\9hKBL:ݞQ\r\e+\QO9\+l\\a=\\\(\Ke7@k)OwP.\\A\x\\odJlyq\m>#\\6\\nq0\Z\ɩ_3S)dѐ\\\Ң\\\Y.`\於\yL\L\L\gj܀?vG\Dz\\\0\yNd2̒\99\w\yW\@ȧ\\Y97\x\\z\M[*\R\\\=\\)\g_\w#\vJs\\\0a\5`.Xx0\\$$\XB!P\\\P\o\\^,% OGh5\bq\	\"ADV\RpdǤv\=\"\n\ż)?\0\\y\ǫsm>\i\0+C|\<&\\>\n9#c)+J)@d\N.\3xvݳZ\\Qj\'\0DR\n\6uO3t\ZOBFl}cݦS\\\\]GߏF^R*^^^.w\\孹G\/$L\x$8\1JJY1\*\rƀ	֪\%1\\ӧ\vgY_\\ɉ\6Rł5,Ch\>+M\'&\"BZ%*gM{\\'vvz\)\"*\%\y.YU8^*-\\ѱmɑ[-+W\z\\\J\%__³>{vq~aO<͍MMF^j7o^K+rZ8j\r:4N\\\rI\g<j\\\E\g^Hpb>PNtr|bT\RٔEҗd|Ig\4n\@Fd%R9!H\u\|^>\6\z~i\\z\|)u\N\kĄ\s\]W\n%=&|q?H0)\\rF]&G\\>\\\%\Z\'{LPU\0.x\BЄ\,Y\b\y9M\'\!.G\n%\"PJ}>	\"$T2m)#4֣ʰaPR\r\\>\\䑵\=]0p\\Vi\#T3u\'\b޽δ\"B\TƍJC\\\PN\\0x\nH\J\n\ȿa}&\G\Eynxx\*^׌	Y/d\0V\$R;o\n\Z\S\\<?\\>(s^nAً\g9=\ޮLbN\قG~#/\\\-\PԴT\\}\?\M[[[E+SMɦ\\qg\f\	92\\tT!up#Ž\f\fw\IȄs>Tm0J\05\ZZo8\\;ݏØzf׮_l\n\z֛R:I\\<+\08\\6\\"\\\\XΥU\0V_$\\\\\t\\ݶ=yXy΍\\m\\P\D@\V\\{:\\\K\i\\@\n\gSi`?)\87\\w0x\}\8D\qEc\\b\5\\\V\/h%yW&0\%\J\\Z\y\}glck\'Fn\\EJ\<}\\\\Zے\\z/\0y8+P\k\Zw\p\(Q{\5WyPn\sF<\\䎔w\\a\T\\Q\0Ii%D\\\/}2J\q(x\\\b0ȥײ\k@\CRp`;{;RpH^˞UD1\nc^\9\n\:.,,IG(\\{w\\\NO\\i\r8J\\\r\rGW^8^\>~4\˹\SϥPr\rΝ;\Y\'2fgA	7\Z B\k\.\\0\-A9kk9\A(Zl\OX7n\+e	\r\aXDY@\\\t$`[[vrr͸z\\\:a\gAe=,\rh-a4_D\0bt	q\r$\n\BI\s3\x&Y}<qd\tV\ZxKJ(?eD@\ɏ])+X\n\&\b\\X/K\\?}֟ \BAۮ@9\g].3\"\5\\\]G\-\*\BBc@\6BG}|޺PNYFsXW\\\ӧ2לᦈf\ie<3\"KvvzfVK\nQ\\ގ\;Px<\п@.\g\:\;IJ\hdv[E>dÃC[\=\~\s\nqٴ<x㬽P/(CO[R\%{ 0x;\r5Ϛ\\'\\(\;ΑO,,ʆB\_#}\j~X\ã;8ؗ;IG	Y8^xҀH7\Q>GE\KAA\\ɹ\\\ouu\^u[X\\\\,)$	h JHh\RY\*\\U\\\\\ޮ䒄\ \\E\\PkL*`	\\\0.\n?\s_:(/)<\!\=\\𾧠\\UK^jᾝA>KG\\\}|c\\،JE\@gc~[岽\]Kk6|W\<^a\)*\B\\][*eEيa\'!߆ߍ\<f\%\	\r\R3*LxJ˳rʌ\w%,||t`}\0*\JCG2\6\Ys7\CS#]YY\\(ŠX\(.\݅ס`;ssV\\n\~=E\j\ffk\	\\ %kƳc\\-\\%<4޶-\K&mss[\\rR\\\\S	8\@op\޽&a8\\׾5{\\\nTN\Zݖ\/D?kʢW*\PЁ\\607,N\'ޕoE\\f\NNΔ\U\Xt\6rG}\1n.\:\k&M cy!ÇN&B^\D;{\v\<,9o\0ה\"\)\rMYն`\V|\	`\Pet\%:ERٴA)\rP_mi\\c[\fj5Yw>\[)\dTU7B\9~ж$DCW^CM\\Bá8xD\r C\]\'U<(\`\q\z>\';n <\(fu=\'d\$g8\C\'\'M)@!;B3+W&&8M/LK\t\\\rwhݖ\\ݿwOյek\Um\\TJ\\\\,\\0|>\;QX\\nq,^<9\'\f\\rPog\0\aaBy\\\/R(F\\)op	EA~^D\(#\0B!\#W\\"g|x\kEYx/`_x\\\\\0\\YFq\HQ=\\ay\\\°j]\\Vs\\\ec(\\!q4\RlpXp)^=DoXF((\lB\z5/\\\h?I\9%Z\!xul\\\N\έ\\M(+\rT\|\^\g\QN\\H\2T\\nD	=D9\Y\n\;\)]$x\"\cK\\!\\m\쉶\\޹=~Dϻ\"\\\M%~H)-{C\(!\O\(Q^\\]m\H\\u@.(\e\\y\nQ) -\?\\\f\v|xd~\0\𙙲5\OD8	4Uj \\rTynyĜ K0\\0\0 \0IDAT\K2NEI\0\cGTQΗlyiY\{\\Z5\0P_Μ\U򗿬c3\'ǧ\@>A\L\\ᾔa\ü\l\[\\ne!\ŢDBoKX6<8\߽~W\n\e%\\}g \\0\0XDNG,?S3\@8A\n\$a#xQ4B\ zF\ˋC*Ep\\	10;;́^ɽCQаD`<7ud@\\P\=\d\N\:x@\\"RXL#e(<iZ-\f9y\@\\\\>\b}._^\"\u\O\\^!¹z\rcY{>\GwuG9\h\x\`\\rx\|\\\vxt\uY\\#𠽙4=\y;<>Yu\*\\'\E9(2OR\07Ҥy\\\\w\\y\Z[rD?ƻ\r\\/,\sx\)Wj>QZo{X[t/\n3\(￧{\;\\d\0R۷o+\?صf\\Q톤g?\wD.\0\GwЇ\r\\\I><54BrGn֮np$7M\'\\0\0ybmrK\0!\\'3\ızGY|B\4t\x\\\r\rqc0\:d6\'\s1q{h\\I}艊^\9\I̐JG\ۦt\ZM4\08/:\0VM\`]\m\"\B PRo\\\\\ʳC>dțVX_굞\HgVv\2]3\CRK,\4xCbMR,[ZzmF\O\?j\rU*dwʊ\)\i\`܄N\!J\4\Z\6\0^) \\k%ҀAu\d\0n.m0݁3L\"+SzK$^؃O>{|t\gqiV8y \\l\'㸾\\n\nOOU\|8\*a\0 \\\O\<\'tUX,\s_\xX\)8C޲Uh7\ߊ\`SB\\(ɼ\\r\\"\fј\\:BހK\9\0h_1)\Bd\w	\n\h(P1C?DѰV-b+˫\\R\=\\\ĝ4Ⲗ=lQ\6\YIpKt8\\.-.\(*1uc?QȊ!Q\9[\\ZK\\O%D(%\\38I#@\\\ɝXS\Py\3^YGԓA6@\3B~Zh\K(\}1H!\fb*pO\&o7\iB(\'ݱ\|\/cZ7\\\\\\\8ǐ#QCg`\ 	kǭ\g<8\i_c\\/έ\R*\J\zn>発<;F\Q~7R&=)\xl>\v\\\5liG׽\"7\0\\r_ǃT|&\˽¦œ\Ԉ\)*\\\\064\\\\9P\ɑG4\\=\{\\a%\*0S\\\v\\uvtx$6tA\'D\\"\nc\\L@X,X^xY0P\*qx<!\rVP.\nz\ܢ{\Z\\\0k\nI\\\n\po\\qｎX^(hJ\#l$iwIH\rF0\-\\ B.\ژ$\b6y(k\5\C{N(\0\0d}d\鷕!OsvƖ0CH6Ym\8KYN^ԑw=\"\\<\[)J\0:(]ޒQ\*/:ʇOn؏~c~\"P\\ra~-RP5\ZA-+\	+\'|UqF<\h:\k5΅,-\bhz<\M\'\\պi\\٠\0rvbw\YG\\'a(\\\P\h0\n\R\\1|\$\\1c|\"ąP^,\\7\a\\'0$\1Ʒ}\\~\n\\a\nWa-ޏ:]irP\0\\h\-y<\rea׏\¢\\d]O$\\K\\zw\CȗJE\x*\(@\\'\"\\\ \\\{X&y\U\o)t\Z\"i`yzk?J]\1b\rLX3B\\Sq[\"\`Z\nyQ/i}@\\LjQƷr\0\\R\O	\ƅy5e\5*A1*\Pb˫\"\\1ϱ\k\Ti㛅\##\\\\\?г.--ص\WqϔNQrc\ܹ\H\B\΄\u\`f6WwQ^NL\L\A\"l@Vc(=\\#\WYWrujͫ=}؞<~\\^P\\18<2Fv|t\"\ca4\ژJObJ9c{\\\\SF\\\,l*֡pn\"5\p*\\V饌Eܗ-*\_ߋ\/\ʚr*\l \"\\<np\n\\\\\Z\	`u x\*78a5Q$4(&D,2\'	熜3\\Y\\i\ܼ7\5T\9;m\Zr\"a\ K%H\Z3\"\|.P\չj,\\Z[6We\naQ\\}\\\'`͈4\; \\b\'\T3\ \diyIFʹb\nD:;I\\!BL\ZU\?]C\rRGV\?Xx\O֟Ȱqϯ\\"$\\uVΙM\P!\\~m):\'\#(\\\xd\TH#\1g}\vA%\'\K\㕤p٢MM\CT\L#\0[Z\0\\!T<|\\|gB\g-\HDsπ&D&\#\p5ʗ]\CU\i*:\\'r\DV\%\Eh%D\Zq\d\\T2dɘ\l\\\VDsVʹE[\\ZV,\"\|\m|Q9Xv\0\r\G.L(*`T\\r`\0}ˆ\\Fl]~\\\/U*h3\\!TVl:N`i\\\\_{\(O\|2\\\\\765\\Z\)\ |ޏ4Aax\\\\\P*\Y\<\<$\\\`,ɉM\\n:P6TZ Y\\\|}`\p\׾^vY\\t||\Q-(KGI\D\Z\\X\\&;\\Z>|6ޖ:\\c:sr\\Yޑȅf~\$E\\c~ \`2\#\C\q4\h\0\n\\\<\=EF(P\m\OD)\2*3ǎu\7\\\=zH1-:\>7o\\Bú\\\Dw\@䄴g\n)Ƒl%]Pd\xo02e\\	?&\\[\2Rx}qaQ9#Q|fV|Ob\?:Z\\O1\x\\x(n@Oz}七~\ЀR#_~\\\Z\\\Q1\"\Z\J\ChK\\<\\Y\\cr97$vS<+\\\ʲ>\\\ܲ\\\P{\"\6\\q\n(;\Ϫ5gӉ\ċƬ&\EP\\\,\\_f-%h,\0\kiH\Z:k7\	Dxtİ\¬-x\</\(4r)Oے\0A\k\\]\?\m&sEx?$>%R	\nx)\\"+W*#\xA\Us爩\RN&^\g~e\rǀ?Jڶ\0aTgog[47KkdI\vi7RfFף\O\H\x C\0\C;\zJ\\\8Ѕ-8&1E\2Ip!֏\m,g Jdб|\|0\$|OEԸ4R%ڵ\7^Ʃ\H 2ob:*|Ǟ,#7\\(c\\\ctW\"&<Sh?\\D6|>\ƫ}]\6ϼdpk\h\\\\P+\rqں\\q)3zcFY[\nx9m.@cN\ooWb(~2\r\Yo3īQhǐ=(@RWa$Rⅇ^r桀Υ\˨3Ė\\1c}1E)7 &D\\\0\\2f,\\nA<	\j\'\̓\\]~\\^\"\\Q3y5|\g\n\\;jܫHm{0@pQcdP\i]ZpӚ>!\n\<9U~[i\\~n2N4T\\\\2\q>;\\*\\A\\)\Z1TοwMh0b<\\\\'J\H&\p01;!\m\%gzi\?#%\DA\\X\y83ˆ)r4e\ku\I8obrA\Z\\ەDm\\tP\'\oj\nޠi:IEE\rqtt<\Ͽ!OGg\0D\\8\\0IvBD㡅sc\\uQx\J/\IC34żzdQ(o` C\hW{\h:@<V:-\gKE\GJ\\M\&T;y}m՚\\\G@y\\0vSR{}\;I\4\\\a%B(^3\r!n3D>#LaI\1\\\%W0k0aq5^Ed	z	[[]S\/d\"GV\\Gz~dV.3\	\\n\"g	\0W.:Fmv\)M\\,\FY\O\\㧒o\~zKx\9\`qkz\4	S\a\kTT|QP7f\>\ \\ox\nYO\{\\o7WcN3\Vċ4-zE\\B\Z<Ac=<w\09E\ryF|0\\!n6s\\^B茰*`Oщ㳀X\_M\7X\\\"<\E\h*3NE\Z\E\B\\0\0ơ֟x\ZӢabj\\\\^(\س;<\C\#SF#\W\uܔȏ&L.\\ne\	LX+@Ƴh-f̪b\h@\\*dOyü6\)2\dG\37\r6\($\$/\rH\oP\.]ҽ\\X1501>gO|Wab!\4Xd3rXѝ\9\0.\\\ť%9R\r6!19,l͙npzk)F\\\'<Ֆ\"\\pN9U5f\0\\"0q\,-7PJ4/dSN\n\:\\\\z=)+\\ř\'aFO	LB	O~\C8>k[\*@wQy+Bb c\\BA<JB\0\Z_V\\\x]l8r\'CL4\\y\\R(g\(	\eF\{Jkt\0̞3	*\0WRbp1(.i\HԈ\QM_gF#\\q\Q\\g05o .&n\\\0x\0:AG\\E\S<\\\G\8oN$\\\eC뛈\\*\'\h8\[:\!争\\\"xW\kzgg\Ӈv\ZGX\hD7\s~6\~AF\Y)}ѫƞ2\-F\_0ʇhO\E-Z/EO\|w\*\i׶ހ9]\fj~L\j3\\Z3\"\$429\Z{\>#OdF+\"ʐ,\r-ȷ\\?#|^r:\' OP<\:@CQQ\P&5ov{gW!we\ZMQܒmFb\y\3\Z\W\D`sώ\\G\\\,YyP\"\\s;E\fʩ@}u\r\L(R\\\"C&K`\|H\\\9xC\\ϟ	\\ZnUANL#JJ%\U-aGƩ\?\\dj\a\\(L\!a|\H\\|&\RABOT\\-<t>YYP	Q	46hK^\:\i_\w%\	\\'QdR\J`\[]\@\g\r\}P\EYy\\\3r\PY߹h)]មށQQsrY\r9o6O7aNi婏\}Hм?c\XZP8K\V܏`nUFʪ\8\Z\#\.`5D0d;\\<h0!d68\"\"8\>S\``\0H_\e\b\x\%tPp6UT\$\nB06\K)(L=z\\,>h`\"+7{Z\#ܽH\\>7\\W?c\h$\3A<\˹\\\-&\h>1$+>ބ4(lYc$*5BP\BҦ[{\B!xL\U%ǋ-y`L\r\J\iwL13*\ԔH.O\0\d\NBNϚ\\\ZCV\8B\Q*\\r!\\KY{\`ca5S\U6טU\R\f\ᝓ}*Y\k\t\w\\ԙyI\\GQ\!\\a\n;?M\\k(\\nJ\r8L\bP\g\(q08&ÛJR2\ٞVSN\.O\\\ۢj>|@=ʈL\6\\"\ƇFg\\ƫW虶7)1w\+W\\3\/)zy\rG!\Nhhl6e\o+$\\. f\\Aj}xX\\0Q/H\C\,D\>j͡X\Z\8ŚڿI\\\\\6Zg\Lʻ\,:\D\f\n\zy!nzgA8)\QG\| a\\\}!ix\睈M[\0\\@p^|Y4L\\,.\nEI8\2eÛ \\S1\\Z\3b\{q8Y\J8\0CE\}݇Oc\n\0C\\dڡNt\;\\愲U+eE?\\\V2\\,Ϊ\ZQ:\nв۵658U\gg]}=)aEy_k\n\3yI\ ժ)⽍[\Zoغh\E\C\\'Ohx9i2\"ܫ%D>\oʖȒh^hTGd\<=1\5\\\\ի\k\\r4\;%e\\c\Yc?h\\6k\\o}%[]]^\Z\.)\,lT*N}\ZxG#\0\|8\\0k많 9 2ֈU<:\о\_\/\\\NS\̓\p(\~|:\a)ݣ zI\\te$EM>;yϋ\\L:p9SH\&2\\j@\\|R\Zi\0\~~\&(>2syqI\(yzCwwm}sS\0P+)X\↹?qਪ-\\Ks\%f\0x\	cR\5y2~\\k\fCY\B/}\\\=\\Pe\\޽\PO|ZՒ=\Ȑ\\ZO8s#`$H		+\\wG\n \p\a\MM3|\7Due\Z\\\G	FTMGvxo\\>#{G\\[=P\\s\\nu&U<\Қ\nB\\\*1\\V\ʉ*\0hk/i>a\0Rꯞ:t\\OnT\-f\q\r\W3bP\^{M\8h7Hb)G9?;\\|(\\\(3<\)\\E3\\4\@0VZ*}a\O\\\Fg:\\ġM=A\0)&_\0qfL\8\\\ZBdr?j*$ݢ\SR$\J~&F.W$\\\S\0A.!\ɳ9(-ȳ-XtĨ!D+B\엁\\\\\\Qo)<?h)\e\0\e2\x\++v\e\Iq?/n\\01Yc\c\"voc\r2@N`\%+\'\\(=8D\+3K\\:\\zC5ПaĠBU$?=;O~7M(*b\ǃP\IV\\&-8$|钧3\q\\nW/I:_p5-\\2\QNoR\xp,s߈0\\ZL1wM\&\n_c\|\0B\e6\\'k\z҄Ѡ\P<\n	mWΛv\ꚳ_R]希\0\0 \0IDAT\\ǖR{A\>\\~\ڠ\*>p\r!\\i䂌\g\C\	E\37ƌ:\0%bD\AMD\\\(?ڐFPA\\l Aa	b6+d\n\M\JS\]@\\6Dzl!VD\"<\@e3Z\\(4ȥse[)ϊ+mlCgan\2\ {\%|0\'3)|a^\\\5aq\G\n \BCX|-7@@(*2\\ZI{J)j\/~/~8\'\9s\g%^NM	p)o<>HHNgS\4Y.1\'4\ތP*\n\Cߧ\#Kkkzƽ]}\U+2|\䞵1\\\g\ sEF\i1\)\P\\߉@\\\E\V\0\'sQ0/B0GgJ\8\"W(ߏEh\ʖv\|T+U\\ b1\8B w\\0/,B\QT\QxYR\R\	:5c}\\g\	Ei8i\\LYLx\Dê}ʛ\gBY1PPX}G\r\Iu \\{\uyYCB\S\l\"B@hߝ0\\T3\\>\*<\\ɸC\Ί\g.^ȫ@\8WrY\nb*(}5^O\\r\;s=MRX\\H7n<)d4\&\Qr,\\?ǚ\ZXQCj\/\\<fd\d2ᳫ\9!9&ff\{h]	\y1Tf\PuXzczQ\+ˋմwAWGq:\Յ|d\B^uk\Z \(*\u8Qf֊H4{xnYCT\\_\cdYN5OXꠜ\\ߘ~\F3\?	؛\\Fm`@#eN)\|\I\"w;C?\L\\0D%ަ\&ݼyS5wS^ \\\hR\͒|\?v\1QOgKD\Ea&,j\nɝT07\'Ll\y.g\	\\<\nݒс\\2B..Pb>-ϋ~3xe+\0އ\i2S:\7\\n\Z\hajYa;1\"^\\jJzIWRJ\\֎G\\\߳\\n\>0\LQD\5QV{)E\\^\ܒa\I˸GV\\+OA\Yb\Ij\MheE0\Xۣ\'l\\>yK\\\\;	\b` V0\\\֡o\ ^X׮)s|t訵\ٍ\\qr\4J(,5YO%\\'k\_\F	\I\	?\\s\n/hh\qk\' OhE06-%T\ɉ$66vtP\\\Nƭ\\?h\FiY\n\rS\rx6\1N\JQ\\\'\5aNf\Jam8n	%r_\\EBc\+C\\\\"ԀR ?V\\X\)x\v钽\W\)ɟ64tP\6	\!\:\h\\'\Z`xkyXϽ:Ƚ~.._(8֜\\kMy=qd\X0o\\\ʪ%2gkyH,eM\P\\\]*|0\\W=,\2Gg\BQ\',\g%\e\4,@\X\\}\\M\^_\\>gfGnk|̨{e\jm\\\0\6\EW\A\0\$\JI\\.~+,\'<I~^{\Џ\~!Ð\'Hg(c>\'\7xS\|\"6TDg\`AQh \p\cX\Z\n8!Ա\\Os~H\S׶mkk\\zV<*`/|\\Ɯ7P\\\\25LHAt8pLWS2\@X)>=Q\XT\	éОKys	y(%\Y,9MlF\'\n24\0-	<nͧ\r5\^\tN\O`\g;Iޏ\Cy\M\|Q\dRXƖ,H_Rjo\3:mBD#\\Ș<\\\\\a\\CR\\-aO\\'SD\ҹ7GGI4Bn\`GDd<&*\6m4d\PG1V}>ͭ]s\#;>m\`H\\Z SVi\\"ܧ\}\8><^-Y`m\Z{\&\n\)?<\r*\\AY+\9^Ñ)b\0o\\rڶrԖx@kUWnIxXKᆡ\\x<(iq\0\M\\2\=]\\߱x\\-\?\Qȅ\z7\#t>sy\\r̇\\'EQ\\^\~\\\\2\\C+\TL=c8ð-\운ա3֐7r(?{\\3|O\w\L\[YzK%;;o\nt1\\S\\P\"(XvN\.Xo~~q+\2ދ̗$\D!\q \\\\\fvRϵ>Ia?$HΙ\+wpAۏ\Ma&\G?0D$\y:\0\SL..o\\(B\"O\z<+\t\K\\8\\"\R^(\JS69S\v\Ƕ\\9\5x	v\k?\D.}Ҫt?:\nH9ʚA\LH	Le-Sh<TP\nC\چuL\X\0+N.!fʘ\\iq1*\\Y|+p>Ejq(.B	3xLV/zSÄGڲ\\\>Ӣ}FL#\-\ S\N]\=;S\	&͕{7D8\uA\!	\'CP_LQ?aW\/-xq\\2p/\0\O\v#%\\0\p0BӉ6\mH\G\8\I\\\YO\Z[1-l0hh\w<\dU=α\\"R\&x\\50+(LxN\\rfeN\\g7\Z`\^\Br\N\̄Ec^~#!\\Ƕ/\}<\\r\p9\nbw\t-\"\r2)k*xW\xatss\4\;Rֻ޷\<\sV%\Z#]TjԢ7\\'\\\y#\ \\X	)\,T\(U\vQ8.s\\rY.Â\;\R\l#DaɃIۏ1\^%~_\\b[\4>R\\᩽G\sJ\e(0\2\\}\Er7?\#@	I[\'>4f\r\oȽ:ܔ9\\DB)F\"RQ!3d \ہw2e\\S<\l\"BKM\\Ğl2\Li\=\]}\\+FH\HL\R9R,*C\SnPm:\\0\yéAa\B\' ޮ\)1簫JWׯ_S\ru\@!\'\|rJK\8k\ݽcC~\|ݳ6sN5\[[R8T=\/VX\"\n}x\Q.\-cE\moǆ\ir^rG\0;\\\ξ\y$iR\\^ʜ\\\񪌛#O:T\Ʊs\t\R\\40X?\>\\rb*9)D\TI}\?\'/\D\\lok\8Va<\\hi\6W\\}6@\j{su|\|\cq,/ReK[ٲc?e\c#rC)SZ\\I\pAXF{v\\R\\\\\iʿ{\\3@2\S=B*8\bЫKC&r\6\"\\xԕ\\3Y!tWp<ָR\*wg{e\0\\\cM^(dv~lZa&:9B\7k\~\Yur|\Po1&\\\ N\y\\w*&ȼ\l(xh6\))!\Ǩ8\\%#bKɌ\"\0\'\"7o=a78-2?cDsi\\'O\T\O]\\Րga\\\\fy%\7^5\\\a)t:\inN2k\\c\J\V\\\"ꢋ\\Z@u!w\ZGZ+暔\\\":@XL͜1D\h߅c<0`\\\͸\o\\E/\Y2b/\zA-\@#v$o+HQ+\6\c\;f\v(ߛ\n{\\\\g\\Mj.\eM\0\\yuBmuB1E\\N\Pf\Zq5JAS։\Z\\9ei5o*z?\!yuW1׽\\l\7\#FKLe#\T\睶\\A\rxŲM\ZSɎ\\CY#ʜS\Z\0JQ\\n9chos\\\	#\n\\MbZrh\\e\r$R\0R\\\"0\\\'t\׿u?x`\(s\\OgO.\..3a\\QJ\'&`0/.\X:ɤ͑=z\\NN\.\YD }\\yvdW\R\q\\\ٽ\`.p-\ǰ\)y\Y\\9`mmB\\$T\g5*쑟\>v8-ә\\\їeHOFl\Zys{K\\\\J:y\@5L7o\\\8Ak\P%o\~9\3֍\p>\\\	詴\\\\n\:\B\I\#\\吮}47\f\hJ/\\oo\[Ex\ASP\(0IнO18\e\\'QIL9s\&{i\&Y:K\\-eIh!\\Dwnb\Aj#\rE.wv~nGv\\Zi+Vj+D88>ֽ2xy>\0P\\r\>uRv!2\|r\r\\	adʁ\D;l\\33\qkw\O\o~\Bk_\\'A\5a\(q\eS\}rk\Ӛ\L\66[д,\\\0ЇG;\|\Z\~IRN\`ï(\e2xХmeiіfU6\"Z\U\K֞n2E3\!Z05HݣG\8\%\\0$\$w\",7@&XE\:G\=:=Q\\+lmmY(\\\J\͜ ?<~\&45	s=R1䜂\\8zz&\\ʕD6-{^s\U\1\\\'J	ԙ3\ VV,\'o%\ .f9\?-\n\L:jj!\$\\'\kxv<LIP\\r\Y\\\M15YFx\\'\bfrg\Jպ\ek;9soTy\҉xq\-{\Ñ\l<}܈¯!LEaR\Z\nI\&>oYB\:pjb\d~[O\λ\\\o~S\DG>\}\Y_YY\\(B^\N\\p\ZG`+Lf7J<ޝ(pp\1\t\59!\t\[m	4MGFi\\\ĸ}\F\R6\Z07ljW\VmmeYk\Z\/\\\\0\62xS\;\\ҒEOA$\"Av`5\z(\}f,\'nD\\PgKguu\ft\\\$3\\V(\"MsJU\d1\\0d-\\4\\ԧ\ \88A\N\O\\gesBX&AOmT&6\\\0ri5G\+\09\t*\\Bc\jjq	\0T s/Z\\[<\9hE\\	Mnq\e4WX\`6@\qjpP\<\Z`7\\\\~\\\y.꽗!\n\n7@b hSՔS}0^Cy>	\ʡM|^rЇܷO\W\\p1\r\\\[[[\-|n`Z\\n^\H[\hu->(MJA\"\3E\vUv\s\\ZY\\/@\#\2䢄\\<s?&_\\ށo\\0+L&}\非\\\\\\!ِ\A\\p?|Ls\n\$\:\\\ZUՄx\JK?b(}6\\\\_J)ð\\32a\\8k\:ۃzX\\\ԆJ&@-z&^1\\=\콞x\Ȏ\B_|I}\<MμӇ\\\6Mi*L\pҷq\5CP =YQ}9W\XA\\rYTm\\'\\fQMB\J\,\\:ж \&9mn0 0B\T\B\\\К[\\`2\\\Ix9N1\e\mX:ZQ\\!	̯t\x>bД@\\\\\#ABxhQ\0[N+?3\\%\|>h`vս?\ɑF\~\o*|\y\\;J@\\;;9/^\K>\q#9y^\u\"3ȋ9g#3C*PR\\mn3bc`94b5\\\t\Za$\v(*uz\luqr)\t)O\3g,&L&F6	YS@=\\x\r9ȷ\\7\"/T4JC4\\\'SP﹔>ptc}\7W-^\e\\sӲ^\nn@	!8i\\\̎\\jJ8nAc\ZѶ|\\\\cF\\dE{.\ \nPOV,(\\ӊ\0-s?\0\Ĕ@j\~\\@u\rn\b\0\'ƜF\TJ\Zh@\\\]tlH[2Hæ\'vBhAHੵKL\'Z\\"#\\rCO\Z\r\+P,\YV~+Ap1쮁m t1\ã\%.\2Y\DQV%\\&Y\`\'\ǶTcnex8āLL\'Gb\HCr*:\"\\cGIHwh~\@6\\\\Aÿ\ri-lg\ra̟F>1$(*c?\\>\0\+\r{\\Ͼnk\K-i\\"\Q$]C\\GM${\4O?$vϧ\\ZȀ/E~\\r\ih!QF@!\\\\\V\aa\n\\\r,-r\CӒ| 9\[o}>\+\nch,\쎀фpr| %?\抶xl_v\\pm\L@S)nC\'TC\2\`\"\\S΁Q\\9\\Xh&RdXt\P=`h{\^\sTd\DaY|:\+Y\K>\6,ʨw\\%rY\\\`\#K;c\\Т4t>͕\\phRSY<L(ߠ\n\B}ܳuDYN S>4.O\\Z\"\\\?D5Pof\tq\D\\:4\\B\\nH3\9LSy\4\\\\ĤN\G\(\uC	\gƁX\0g2l\ no붵&u\"\M\#e-JC~\0tGQX\0\P\'xf\V쳟}\֖-xh\\5\Z9+B *P\\\\\\<}r#ٌ\oHe\Hķ\ߍ<\)ԀZFW\\\R|r\a\mp4GsB4401b.¡GNw!\"#\\J#\\33\/9\\.K}P\{۶{HJ\o3kwhC\nV\rY	\n@\\44<\\R8&T*\6r6`\0\Ԛ|80:9!a\r\\\\5\Z4\pMD\"\fg\mMgB#B2vGcu\P\9i\ӷ\4iCH4&4\izjڎ\\BO\r\xL]\nor屚	תC\\"\0>1\OVLք/K\Hń R7p>1azEk\\*/\sC\"ё)zVM\R\Z\x\1\n޷Zl\e?\cA\\Px)\]\מ>b?3x{V\Ͻno\Ҙ\Ѱo\\9\^u%+8\#U5hm}\*J\\fr^\M\\}ۑZ\\(\<?[4N\`\\]S>E\p\\{ٷB\7OW\K\\B?կڷ\r\r\\\\\T\\-S\M8<\\'@.`!\߿o\޹\\7A\A\k\\GB\'53<O\}\1ڥB̷\0\0 \0IDATP\ZŪe(\\(\"9XFP\=[U,\\֧\zQghTNqu\(\`\0:t\@\ٲV\zuT\s:#s\':\@%(>D=10|6\;/\DRr_\	\\38\a=Mq^rPXTo\\\\\\\ޑ̪BѶ6\\\Ou\5L\aθi4fypN\\)]\I\>BY x\:\;P/ŠRe\̶\"O湸Uozd\I%:ȼ\\\|\kKo\ի%\A\\qw9.\Z\C\t\(+-{tF\	\\CM\\9ƿ|\0_O#\\\y]yDzB\\]\Y\\}6\`,bQ\0[s\Sn޼	\\\z\7\t6\RshrwH\+\\	.y\\\YF\Vi\\)\J݊ 	(>	F\'\R\SPXN9sJڒ\Ap{yz\B\֠˘]t;[g8!Z(spBjByS\'9$B(lzx\\4G+Ҹ\\ngeGǣrd,\!\xA;fS\0#J\nsPZԚ\\P\xN]ܐ\B\3\W;\'iϜg:\ZT\d>0h` Evq\T\$N\0p\\"\ \8\Ak\\8+\Ƶ+⭛\\n\8P@q\//^j][#?5\蒠\L\kӡ\{\!\iK\翍d@-]NN\DHTzT\<UȍE\y\\rN\$ާ\\[o)\O;\"ht| 0 \\EIF\쫜\\\?ۉOC$߽\r\n(y&SS5i7<ˮndDfddf\\޵WLC\pF\\aӔ!\rLJEA\a؂	`\!QI\"	P\2$[C^]澯a\y/\CIΊ\{\=\\Z8bzԭ|fj9ai\?JJb\,ouS\>aAU-\{\$c\ \l9Gj]\\nj\"Tl\\\\npf\@ͥHKsVܪw\\"\,&pO4nz\Dsջ9\\\Tr*ZԼ)\q2b̅\\=80Eb\)\r\\G4\M\ry\ѠL@?x\bk%lD\'\ܹssKCg֔p}72d#e6ոq\N}&8C\'rlc@\\\*\*\z\08XV^\\lt\	\\G8@H!2\K9\y\s\\]\0q$0\\rX\?\r$-8\ﹰyh\$x,W0\ܳ\\\Z=чΡ.  ϝ;ORPI\_][\\S\x\\"0\'֭\;\\@\I*\\Tnb{\Z\\GfG?\ϓp7W	]U*NNܡD\{\N\n\\	넉\\vEk\SY\'x od	O\Rj\n%V@xbވ\\\ةGԾU\zC[\yy>`\5i\XhyY\I6cg.芉8\r+\.\.d2YI\\=|\0JNX6С*΂\\I\I\'\\NF5\'\5+\ب/^(Zy,\\0 \\(JXzT\ \3H~\el\'iEΚm\e\\ܕ:!\r\sҸ\-#@f]pH-T\\DC\e(vi\\5\lf#Oݟ.\/|\\٠u&\_\6>N+\cgOC\9=\E2=ei\Ji1\®\3\2Bic?,0$TuR,n\rh@\B:2\'\oQܽwW\q\y\'\)u	`*\A@\\\u+112z\\Wg?X\\3\"SOm!\J\㚜\\QPZ5\\E	r\@Prѩ\n/pjXZ߈u\b\Z]]o(%ØaHA\\\/=\;r\\nY\2\\\\\Z\Ӓ\Q#+%2\'VS)?\-lJ\~zJ\IF\0\{\B_c\'\J\'\1\TZP\<\USK\\0Eos	P*׉\\\/HNuJ\\2l\"|0*\\\\+\r\g!fͲ18:@c`\C\h\!il\sI%qa9	/\!K1\\J] Rm\\R@\\Y(s\\R\"\H|\\wf \7̩\'dt\:ђ\8zcm\\y;\Z \\<\)tC`\ׁ	{\\G0p\\_\\\\*`Y0Yh!\ny\\\\xdD\\<c# \5U8]\/i\F\\nQ\[6qms\r)0Wz-uz\w\\&&o! u\\vJ֛A`Uk\\@\igkY~6\\y\\(>\\ҥO\ \N\ra\x3\\fS>:#gO[Av\n\Zb0\ry\rY<uZM\\Bd\Pz7R\\\i\\\Zd^\L}oW5NV\SV\r#\RlT\;մQ\Z!\"ˋcn29S\>pNX6rJKސd\\I\w7X\\<l\كlT?ȪΓr{:u::\\\i葨Ҏcǎ\L\ٳg\f\,%R.\Ի\uQ<d>\ի\o\)\OhN&uk}Q%\)wG&:\ː)Ltњ\	]\ڈVa1Լ\@\\Z$1שD\[o\\mqk&\ӆIקp;#izPzz\݂\^\\4/qװ:\0\SnFݝr\\9\\\!ϵID*$LB\)I\\\!fQ\H\2>\@y,JR\a=VU$1t@wv\Z2\0f\5\ӓ曯\0\Z\d(\պE\ktwT\"(5\Z\|g!Xx<Թ\ZS\r\\n`0\?sڊ`\\ϝ_zIO$䤹\\\R/&\\󚠙w\\q#=\fV\@\\ZL\+\\\\=\nR*\\4\/_\\tc\\lbH\}X\T\:](tb\\ݐ&r\# M4HJXh3Y[K\0J(Mj\0MiU\\Oа1\U496\ZX)\z\\Ԣ5\n\F\rN;\J\Y2kl\\@^	T\i)5\5[\\Qn\EƉG	\iEb&`X\0\\\\v*%\\OfAp\\e˪(06J!R\H5J\'3f2VzBZ\w^[\Z\(}D\!rX.\ntΥ\|\=$]o\ĸ	HW1uf\rpMUJbHt\V\Ѷ<YD\\\j{KP\\\\'\'\gflJ\\\\\\\o7\ZNT\o},8q\x\%;͢\<\\'왘4gv%݌2^\ڵk*\8\\S\\o\o)]%A@5b%~F\PIPKJa9\鉨VT\\\'\\)ɡqt&\\0x~\\eZ\\'{w\CjOVn\\\筱KKp_nfb>\\2\\\VGۧ2\(\Ʃ\=\S{ş\5ϒ\'4\\\s:}5}\38\55(+g\ZT\2!R\riÜ[YD^,Қ\\\79)w\Fꦬ\\\g\w\n\0mfWy\3wwۃgb\<o\"p}\g\\ʚXh>\{m)F9<bLL TX\~!\'fkE\MiNj@5T\)\̓aN5\\%7xmk;\\\"X^|E?\\x)?z\1\\\#\Ѣ`\s}MH!:;wV\\\\>!vw\{\o|\\	\QvoĻ\\_\\I\\/\k^]d_h)h\\`_E\\}=K͂\\\1G\"\nD\\ਁ2\2*s\0l\\C\7s\\XJu%R$o\%aՍ+`\nXfhYvz\U<uRY\n\;ys\)\s\\\6\oU\dN粽\@P@{\\"\@\[ZXTIY\\r\^@\\2o(G\.\\<\\p\\`b~S\0:\w\^[\\J\nXJ\cKuRm6\Z8\<\\\8u\X\1\\CI2\&\ 5d	s\r\ZF+d`9j:!Ӥcb\A\\ctbD;5.\n??\\"(\0ܺz{E\\"e\\\\rLLi\n\F\\sCAXl\0p=\)Yv\\؊\\'q\ø}V_\܏؟ƎүD\\f\\iT>/}نP\\.R)LTNϵBzv_;>\ \R+N\\\~)D6)d^@\Mev\K\\\nD\Kk{jé>\\P\B\"\\)O:%ՉV[wkB\\ݿ[@י\eC\k>ܿ4\\e8|R\\5ـ\\\ɼJt\{,?[]]Q\}\d\\\\\5F01Xe\5.\ܸE`툦,\6M\\\>\l*\^o\޿\K	>\/6\r\rzO\\_>p	Dzl~q\\\sG$\t\%`:e]\\\\E\\I\\Z\ZQ\&\Vk?}*öڊo~\\ի:]:4?ϝ<U^F(ο\6?\	\=SZ\\\0ěFăDEˠEYc}\Z>4Gӎoonv>?z\o|\u	&)L7[\9LQ\\"5\\6i\b0*ЀKQ	>M|\-ax2iFVT\\h	\;<\'>}2@?Իˌ2_\\"30\0\MgzF*{\\)%^]ZY\ݽhQ@\ވ5	e\A\\\\sK\è\\$0iiyVW\nX\쾖oAt;\rP\\\\)#&\h\YC\\\sj\n\ɠG\'\\bmnF	9\Cs\!t/\ބ\<`ZBX*P\\s\_5Ji,ECt\\"j_Qշoߍ\9\\.LZ3ݒ/\\]ueHp>X#v\b֛\X\߄1;7o\[q\|0ˇ\/ǎ6 6;?\\p]\\\"V\=\IRu\\pU+>2-v\ VePB֥%A\\A??\Zo\`\9}\iIGoI\{ڭrZ-8:N@Pax,@\P/ƪb1\qU:\vW\r 9`-\\p7m\Z\n\bf\'t8\%9ҢPR\4\.\nu\K\kb>Q\X^_`zK=\\-DD\X\\\j6Fjt<n\!\0,R/E\!z\J\İ\\\6K\NX7(1\\gګ\bZ\\p\)w2txoJ\\\	e\rG;\\\4E\gfhhP\&Jɩ8vQNR߸q#\\P\\#\\C\\\1}hJGQZ*\O]pR\T[PA<cZ^\\'\\n\>x_׆\\nH֫\cǏ\[oN?\K\\\\\Cpjӧ\\&E:\	\ w\4nA[Au\I+;,V\B;\5	]m[2pTz\O\q\\r\ix*wr*]QC\\\\0\ZݗszA\(+\0%FLL0#\rӄ\dO+\n\TJ[-\Q0\jJ\nb]D=(UoF7\Q\U\\\hSIC9\\I%Ze\-\Z\~tR\̇\\Z\0\1왮\<PH\$A\n\\"!s*\-_dF\BQ,,,iF\2P\\\\r\r۳5#Κ]\E֡si L{)Qzcjr\"Ξ9m)\\Pg\5\ L)q\sDM\*91٨EI;`D\8@\d\@ȟ\nF9\KӪ\\rl\Z\\;%XI\\zKBkMJ}#5\^\ŅeW\\Pwn\ň]B\\nN\[\0\&Ǖ\ΩהҦϣ\"B-E\n\N-YA\Va\\C\n=bIiIZU\Iud\\"&^/dC9aC:a\'*Q\nS~D?;\qr\cPՂl<\L\\	5j\\\NlbV\\O75Rԕ\|\\L\\\F\\Hn(\\U֖}Zqrf	٠d[\\&x{mo\B۷5#nK`ϙ\G(]uT>ssn\4RF\nq(H!\\h!vS6`R9\O\\jj>u\"Ν=+\0Qy9\ZY\\E\GefnV\Ǐ_@(8VP\B4ImtOuۆWaP0>7\\\[7\7\O_\4\'\w6mNUvIO@4H_][\\\"\\\c+\.\{L\IQW\}<H\@=(KeB\Zىo޼\`|?w\a\ӥjz\L\0KB+@}II]iYp\\x\\\uf\ױX\޵]>Y&5\\*#T7yƒz\K}\\`\(?%\Skg1:\F\\*\x\\ 0\\\0{\\\/iX_R.Hgj{\#\y3w\ v\\Z$w\Snw\u;3\"\\r\\ʲ<\p\:z+\1:;t\ɓYɔ%_4De&F޼)\b\	B[pkV\JoJ`W{N=tH}H\\2\T \\\6n2GXS#\\\EǢS׃õM\`F\HZ\)Xg20eM0j[=\|u\z{\\\F\\\T\\n?\\w\y\'>\#\\h2Iq\a-tٿ\\DI\'O\o=;O\Dxg[+\0\\4j?v3Ab\n\>\\>6@\>JwI\(\\\\\\'\z		<*)w\dҷ\jU/\%\\9lc\tQ\4J<\Q }NkM\`\0ӈj%$]\ZF\03^W\X^ߐ\t_\(%\aǘX5nP\0|b\)[>}\rhL\-\O\ԃ\\&׉MȬ<荬($@PW#Y\/\[B!X߷G-\ӰIȨkSNqv RL\D\[^+\r%\g u\n\:w\t\ǍA MO\mbF\E\t4Ĉ:m:l$f\8\'q~\wXs\Z`8$\\+\!6d6nܸM\\\\\\ۭMS\[._\\?0\y\ݤ0 a|\5.Ňc{891!q\L+\Xk%=ݢ;\<1ɵ,\%\<_x5dcQ\\rf\@\\{]se]4Q\U6dr1&G\bh9\Dl\\ޥ`(^*\Z6\7pB\,\(u\Ig$U\2N	h2Ҁ\`7i\{NChPHn[F(:\b\\M;{R\\\XTLooZfl\\\)΀\%,Л\eF഑LU\4o2դOS+\\[EWr$\\2	(&/Lܣ\g}/\qm`\\(\\\vՠT\0\0 \0IDAT?e?ZJjJxE4\:<p\\FD\\\,8ۘ{P;Th-AEĨ\^6iTV7$\TUkSNApڗWNy_\z-j;\\\Kwku\̛\9\0,\.f+XԵɳQ\?h߽w\'\{=	>\\J66\`\q\8,*\ǩx\0rB\ϛŌ!\_x\rk\&țFE\nv\@Lr\@H\6\J\\\%<aPa3S:\Rܳah6IĭSۥi\\;0!\5ϔv@ء\ b\<\\HC\n\0e)\T3\N,CLէ\\P@>vpXs\,.\dxB\K4LO4\i\$\Zĥt(\aZ\($lJն\\W&\cd\=\뺻-ksZC\V7<7ҷ0\`\\avQ1\F\\'ʚ\\\\s\][1}͸\FdETټ\\\~eePns\\r\tU\"O\@&<H:KU\\ݣo\J|X\=\o=.g}\Y\[\V\\\Z\{!;\I\vVM$=}d:\8ݨ~Mvz\znxwo!^xb\Z\'\"\'`\ft\}vh>SG\0\prW1eէȏR\\\$=\Zƾn\b\X	\8\\rX\2V=\L\"\\\=vzPM\\\FNn\c){O\ZJ~ȠRi\ZS\1l90ƚR4\TCk\Gi7\ l\n\"$*fb\(1N\\?jz׳\!nf\<<\@:(]6\ӿ\}\\H\rA\j\\\ێ\Z|J\*CZ\\oćx\ؖ\X\z\^\a6\Z\;îB+&ƔM@UC\b[	\R)B\Qe\Kcv@L\%ll\8\\+gG=z\6r\5T&$\\)NG\dJJ\\n޼}RR<O\nB\rB\\lڶ\\bH\A&u\T{a\e*\Z\\v]) \\ӧ\\\r˯\ \T\\\ݼv]+jB[\j\,\eq@ifS7\rwbe\\\',$\ɸh\><O\p&wrmVg ],#Ճ$\\[ :\r\E9^r\[6\aw/nntS5\')\\\Bllo+=eMBk/b ?SJ2Ia~_ҥP ٝ-9x\Ɣ\\ϙN4{8)+\A\ZwcwC\)\33O<	&\'ro\\]\!#y\\h6\\T:	C)5\Ԧ9\\jO[Q%X\\d!M\\K`?\wP}ᇱ\"\믿\1R\D|A-ً@R-2 #\0\ɱ\1,s	Y\g[\6 \`f$\\0)N\\;͂@wN7t@sä\S*	 E\3i1Gz:	Ic\=x 13^xq,!\\\]E\\n#\7N\nܸǏŭ\7tjxt\\\:Htۊ\M(BDQ (\nH蘚\\|;hW]{&.Ċ\ LEds1\Üe\P\'eB^>:\\04\%\jSl~_%hzQ\Jț0k[E,a#\uvKM:\0\\"\r\L\k\\jcJdF5ـ@(.\c֓vckkS75\\0r\&р&\n\0\D\]A\>\\\MwrR|\[X\ \f\c\X\Z\f@\+E\S\W[u.?\=\<z\MpBL3\A \\\\\'Ľ\w:~\\_I\k)Nw\+`\\,u꿦)q\u-H\L\Be,\CM\r5\I7Kj\o82\/\l3cҋZ\Γ̙O\01xLqx!֑Q\Pzfsԁ\Z\~}\39}J\n\\Q\np,0\ᔔjr\\oޅ*lI\n<\rfG7~\%\n>(nD\t`p6D	\>m\W\)MKQpR҃jF\q\͂N\#ib,\n\\n\\F\kN\{Fhi\V,\ny{z^\\O(MD\{b9J@_I9\"&K/H\b`\\bn+mLi3(]\yY^e1H#x$,rT\Ƴ\	\\\d>ӇՃ%з\k\\0RZҍ=\X[\){\\\ŋ\\\B3Q\\#eKl`,k|\ZAme_9\\\yt`LSW\rJe$\խw	Q\	ɿm8\r^y5i$I钑B+ \Fp\\\HM,-u\*2\Z.}AO\\)TOia\A\0sv⤢glAm1\ʤ\HTzi\t\W\0ҥ\5_Ŷ\0\}\\ʁ)F`=ĺ\vaS\\ObR\\d\Y8\5\( V\CX\EI),\n̡He:Y\r\KL\'K\r\r\t;6\	\!YygiB\'N|vR\\d:(i&J\\\wP̝\\\݋:P\W-H\{!\)\\_\>;o>Vf\nq\Y\)!>N4>S\\07\{\#=ީӧ\<lCk\\%x\\0P g\\+\0\\YTd\\4ugHut\z1\d\\e\rk򂲱\ _t)\޹zOM*c4p\>n\0\nҠ\\%=\\\؉N\ZԬ,z9fxȋ-\`\0\=N\\\iGME\DPmld8NM\\؈T%D|\I#h4\=veAv6\ϞU$LdNksR	\\\&\\\0l`\ņLo_%d\H\C*\\GZa喍z\FQH\Ԝ\R\\厅\Ej!\'7j*)\ۭ	\ɏYJ\a4\cui񤶓8X5i\\J_28bHL|}\҇P\0.Oo^|J\Z\7\':T\Z\\\峸-e\քUH\\<U\\6>4-MiFVȡ{7B{aKm3OĀzii1=\ie\#\:r$&\ҹ&b@Q\\ZY򫡑&\B\&v!\x\\\\?w$\\(\._{\K4\#\0\\\\;07o\\\\!7X؜\ӢAZ\M\殬\\"si\0V\\|N\\ٳq筀3[\~\4\{\}ițjH%	+Ó\1bOXf`<``M;d\#K\\\N\,\g&\|t1X\HF;:\u_}ޢ6:`%PtHT\p\{`mB5\\77M\(R3n@\"a;XP\\\"J\ \0(\;lNX\\[?َZE\\-\nI\\\\h%&Y\r\\.\>ٴX\n\0jR\PY\zY8\q\\^\J-Ӹ^kl\&	;>\n2&\٠\X\O\\"<80A-\\\\\2\\㉬!H\O1|\Ju)\B\\\<;\\kO |ʔ|H\0ux\\0\0\0S$\\\r{S\n\>%z \\\?\8eHЙ\\\\\Z|H)=Y.:i\*WRIqۛȁE0<u*\^8\[AfRF\6\\wSI#緞0@Z;\'\\X\"#9PRP96.Ga9dIQ\vҶ7\H\\h>\T4ц\-\U>0BTo:E,_R\Zf\ r	Ϝ{u	\<)\'.S\=m\Ʒ\:l%x\i\0y&&&\d.-=]Pmvd,AHZ/Q\*9O\\\\\YR_Y\QK=ݭkϩo4\"\06Z.H6{e\0{\n=\\}\\Z\剐U\\"6ڋU$TTD\ES$LR\n)JNQ\$kb۪䋆:\\\\\Rq@\>p\Dšô\"ڸ\'κ4%^47Y3 PGiO^vEn~l\+\Zd>Z\zfK/[L>,A\A?wj\\'H5 G<0~;=|\j.: `\o*:7b~iQ-l\	Z\",\n\sJy;[OT\C\* \\\woy\ %F,mld0MN\\\H5F\{ҼO\7\\nujJe<`v>\b&vS\"y\ڥEJ(څ5I\)%XAJ\ٙYzQܳ\PY\\\\nL;j-0\\\\na\=o \'X\U\\еS^6^O\\jm\n\\'\aq3\=1\81\ \ ט yF>\'Yk\OOx6\,=Ì*@V\y{%M\rk\9l\'O3:\r%\xOPjN;ЧAL\`1\S\\nihPT@{4\;7;ͅ\_\6)6<<)4Qh\\H9s29#x!\p2+\kh\Iܾu+W\k\\8s\\9΃dÈ\\\x\H\\ \nw\\iT\i\|ɕ_5Ux\\n@TԹ\021$\NෂX\K#u\t\Vzqob0\^wwk-%w\zRΖ\\nX\,&brdDr\V\\\\\:P\P=Z@l\Hp\C#`=\\Q8^/#2@Ĭ\\Y//\O\N(`:l\n\6d#Ğ@D\0\\Z\"2R>7\\^\arjv\\	F\&2صig\2\ZI؜jɬ\\>:1i\C\r\$96~\y\\\#\կ,\NdAJ۴j}gރl\"lsqϵ\l\n\ѽP6\n\\n\&\j\\\",X\]\]2U3\\\^n|S=\(Z\Z{4=wL?\&\h7\"{dL414\33q\򥘛j?\xu\\\fQ\8wNDRUV\\\\-L-4s\\4-,\0\\\%4	1\\SX;4\I!\F}oxH\>:lT|0ۺ\+KIрF\1<Xn\\'\<`\rPɕdg\M!`4\*)ƥhx\:|\\\^\'iB&9X_H ޜAa*Y\\"\m2\SO\뤉\q\*\'FY)5\Ɔ4?X\\\"hQqIj\\kƖ:\V\&\?O\DQbYe\^c\V\`UR##BVH\j\r贄:u\"e|\\\ݸ+Â͵_c\\&\F,,T\Ρ?oi\_\.y<\gͦzzt^e]rBÐ\\\a>x#\1/L N{h\\\Oқ3Qm\z,\\k\\kR8w\L\\pNm%\lGmG\.JE(\\[u)7(\mq\\Ç\!̓(U~ \{u6˖j.\nj԰ʶJǅ\\\/Du\3Ey\0Zܚ&i4c.\r[/\^ʄ\%\\D\\\n`\\na|\\;\'`1\rIB\pReBZ\gyB;y\"r\'-\\])J\8\%?PMepKpas\\dG\\#\~ǖsrjZ\\+Wcfn\Czo\\\C\nk{\V\"lt\n*Ԫ\7+\˭\<\Md}[(\L\ܟ=9\I*	:\\b3d1r:촓\ʜ)\Ϲ\\jɈk^\J\7cv|~4hgd>\'7\\JݲTFSO\n$U\)P.\d\8շޫJFtEF!W2R;5\6\=!\"\2\QNNzPoh1?܏مy٩\9\"&k\n\<\h\ɆO*\\\'O᯴\Bӑ#GcBAR0\\0)\NܾsK@ 4\?_|PV\r,e\_\\iN:, V=̎I)\Z\ica.\rrƽH\+}14<\"\*V\L2s7B7\\ej\\+L-\yr\\}@\S*\ZhySIsiy\\\Z|Q\:Gа>\'\8.	\Z\ۏ\\rM0\N\\\0\|\'7HAX\l\\ $A9U\h\r?\c2aRr\o@wp?\Xd(icBPxOx0\iz||ʄ <uqOE4\k[\(&FOZ\\\s%$\\\.(\\n\cgc*F[a3\0:yTp\\ln\DM\\\@\Z\r+1\\r~\Ss?ȌM\ԄR,LME?#	]zQ\&\\nϯ6/7ucU\pwvsq\u1jǭx\	>Lv\\<k\a!\	{ܹm\o1\rT$j0h\\\"\夅`\iJ\DXZ]YQMZD\\PUVhQS\Z6x0;:8{5i\Rӛ&\$\\5X\\\{Qۋ-2Ҿ~IFWWzTbns\r+֗WS=r,ΟLfu}#<)v-\\gMI\0\顒\{P\Dh\\D\~b?$\"\0T HWn։uۃ:){a1l\ׯ\ZZP\\KM\%\rQp\tنUz/I\'c\;	\5\-\)\rW*\-&FtZyA\5\\r!vԺ5~25/$j`<y<|rY3\!\ˬ/M\r\\]Mm\S\\@\=y\\\Hx\tVy&\0du\ɰ6,2\\n945ǏSq\)fKm(ěb$cev\\\Ӱ;q!\\#\\\\\/NXP]`\K/\ȿ|\R\=豘ݍ-Yl\"pWф\TW<q\\t3\<9<*IPKK:}a;4\\\-J\Z\t/HiPhAp9u\Z\'\\J\\F\{x8\O.K\ZI\\\0-p&\+-IW^zE=ē\C:-W4n\zT\IaP\	%Էv\Sw5(oQs\7\q/mB 3:]0bjzJ\\\kׯ&X\8ȴ8e\Ƣ\-u!RΎ/6\\.PP6\r@(=ay\\f\ѴI QePl}tĺ\]\kK0\CÃ\H\\ qw2Ru\@J.\٭͉[,ś\'iG\0;Q8{2G\tZMe:2f@a\\Kq#}nFX\'\n\\;m\Uv-Ou	̘Ht\\\'ԃ\|q\=~Hf\\\-,\\~/--I1$F<7\\\\8><}H\g\\\\\\\\\"Ue_\y}f\MM\\\.lNM@mm\\\n`\rIȨ\saXS\151/vMs\64\Pg\%ɩ8t\@w혝Lm:E*ҏ-[\a	\Ogu#&\)\ǟ\\R\\	x\0A^${ި\Dj\.8DN\9Q2 R@u!\*]f\'\sǞK١M\3\\\(\zyTQ\f阀I#\JĩMr$\Huqb[:\{\MI,\\Tٴm:>\"8WQ\ΰ}b\wj}*2\\hCVF/\!^@P\\\0tPW\\{\t`8S-i\'\"\\>4:Gm\\V	\ru0y \%\nl\\\ \'I\0\0 \0IDATamI2\\j\hF\\"?7!U\H\Z8?#\)]\BS,A}\\խ,\np3IA\\$=\\ښK\}\\Moe\.\P\Z\Z-ӺQOlcu-Vז_\\8y\/Q\;4t]\\`f67@pp\\b\cCˢ\E9D[]Zgv1Z`\w\*\\Ɔ\\\1\bgȩqXX\\NoU@V\q\k\\\\6/}\\e\ʚHZKi\4N\\0ufA\"K\fR\ͣN\\'	PP\\\̩3£E\}c\}䱨%JA!\Ð\%DN\'[1P!^X+\0ht\nĝF\n7YS/:qJ\\"\bfa=4|Ы\՛)P$WהMNL\>\-\'4/Y}\d@\ߒe\nef&\a2pD\~%\0\(7\\\\Z	~j%ǭxI<xD+\D\|.7?3mj,1ָyнd\\\ \J\?H\\\zqRߎݗorzN\ŕeH\9:4lf5Z|R\\\h\PRjKH\(~2}\ZN\h7=\'cR0?FؒLƞe3&%\}@j|M<zpOGyWw\Yf^Yl`\K\n!7[[\"$`@\Z*5|^\\x\=\dH[\^==x${{5L;֎\\v+[\\E\,U-xc6/3Od\*\0`T\A\"\$\V>\\\`|\\2\@V*ma\q\7\\ߌA-4jvN%\"@]	##@k\F\9*dR{/]\CZ\\6aO_\	E\I*\.[\Ī\a\:QĒm_\Z,\J\-\\]R5\n\X\*p7\n=\\\mt$`K	H\\<$m\\0\17K&@\\p\0\'b;Y\0\ڀ?\M-\c8\\~m*\nBS\Q\F\6aQs\i=\^,\'t\Q\'\Q鉉\\[YX\\.\\\de\.D;vD\xԷ\%)KR\Z`\\\b\	\^\׮Jщ\\ZS\0>HYTB\	KzG0\\\(\[KӃw\yF\\BVQ7\\\\"{|{*IXXX<ix\?z\I\D\\cZ\r\3TiE\xEd\9^\Eavw\Pu(<\GNK\;l\"\c*q\ĘyQJ\Ooblӣ\\4\Bdx,NDhMHkP.\L]\<1\0mZhj\(\NS\0+FH\\0\H\\0 \(8&{\huDK@YXOVs5/\"cS\+q\+\\\-\'0ckxӦ$\8r\pONj\\\q\\\ث3\rg\5\\\xmv)[\rA(FH\~zD٫\#ݫ\"4\0J\\P:CFP> o;7*έ\q\\\\\\\f;\W6\$\`\+\\\\q\\!U<<nm^<_rR(h85@7\N=ݕ\\ډ;wnkq\m\5N qn\6\1-\ndC\H\3\"a,\\~\j/חe\rر\bā=\"\(\\0\Z?\0lS\\\ʭv,P\\[m\Go!\)e\=\\/ac?w\56l\\\BYZ\Z\\\\O\̆ϜԸ;=\\!0*[3<1\0Dn\%q?d鲢]r5=\RD\iS\b\ւ<ˁRx22\{\rĜӛL\\(%K)D\\	2\\ZG\]m̞s\*_qn\yl%<pgr\!\\IL\0p7\ϱ\qS\sȪSF\??\&hHM3|W[OKv6`*yX\nڰ$u%`	\\\\"cHE\Șx\o\\\<Ff7yvM\nF@\L\\TO69dK@[\ZYc\ \-7\?4Ǔz??wD(\05\qpׂ4$ʝ^櫛\'jY2\"`KKXhǐr^䚲7\|K-1\0 \J\|Vl\vJL\&\{Ta,\Yur\݂	wБ\\\\\\\Ҫ&v\Z?;3\pF\|fRI\\XLM9Ǐӛ\A(34y\"\\\%B\.a!l\ԋ\@\Vj	+\\\'[UٙٸuV,-ti̸\\\"P2T[]\PLg$܆4@i%ww\\\f\nw\"i\)]\}\YۂSQ\jV\w\\D(\\Q\'yt\\\Xi$\n?\m5,H]PY/S\:8/]yqi\\\\;q\\C\"56\\<X!B9G_Gَ\OiNOK&)FQ&\8\)5a\i\\\:I\'\؉1~xҺ\zܽ{_\K8L`$(\11ڠ\'}rryn\x\ׂ\0\.r%v\\[_R\Z\\\:A\Pm\&a\H\"0.S3f\>U16E\\\S\l]%j;2\Z\܌w\\\VTcpxD\',\5\+r<\\\\\j \\c\r\)\~t4p8\'u(^\Ig\\"\f\*\GFuay9<|ss\H\\r\]\i;j~\)\3	\\.C\\G\4\<n3do\\kS9Z\\=u>\M{9s\1fJɲ>\'q&\~~͛\g_\ej4.105cJ\	dݰ(t\\}ys\\-e\Zzg}46\R\'1\\\,\M8u\x8~<F\R_GVo	>p}}\m ?z<N|.%\\8E6`S\]աz\\hHi\]*ŴM=%;jޤ\\JY\2q¾knkCP\v25F)IZN#G\#GF\prl@yIs,Nłi$S$\"\\%o@&{s+q\\\t\Zfn)_~\|{&XX|\95lH2<\\rك)~7v<F\\%g{\\JC\UW\\Ֆ_Xٙxd&W\U:̇v.\:{\\-5ꍁM=FI_XSX2?;\lt!@\et\\(hmwY\E\O<?\\\:O\\i\DXS6:\g+[,*jak\M\߼Z@)\AIl,O0uH@zJEC\P\\V}5#\\]~\"\\\\I3\R/YMEj\p!5ͱs\Ɍ. cGyڨG\\7gĠ֙\AMU$zV\L2|)Voou5M\<z\C!\_|^J?C0^\{`\HYpG\\_kH\&)3zHl\\"HBé\l\\x108{M\AD-FPi`\\/wLO\`\\<ڱV\* Xj\f3V0O\\^9T9T5f@\rK\ni\6ЮapVɍ\\ɓjSNvco\\nTc@\Vȯe2F\#I\"y\n+e\nyW>rPư|B8M!s\B\\Sl)V\e(N؟i\\a0\\PjXR\\ѐ;=(u\\VӰ^$)^A4տ\ CyQ\b#\\W\\\u@,u\\РBL0#K\0)UƋ~/\նbyaIy|l\"9\Z\	$\"7ғv\6.h\\n4?Rɟ\]Rf@&\r%Rav\v\\00K1xNl$\.\\Ș\TsJ B\Z\啕\\\\k\kFU*JI\4f\\}	\'PX\\W@ңC0vꍘ[]\'\r\\(\\!\\zKKx\\+)?%)R\\'\:T4\-V\1\z\'D7Oٌ,ce\\Vܽ ^\=\\\*zc\9}v@ͅU\C\\\\\")pRPZ2Ak\\?J\=\BuT>h8Gƕr\ϵEJ\	W\ZN;4w\\gIR\Za\0{wG\ԭ\4\cƧ&-4\S$lWAtB*K, n\q8:}(vՍ\$jt\PLkE\b9|T=.P\0P̓\Z\ ; m\3ieFcR5@JTJog\VE3xSC퀊n`׍\$>\\),\J}dav\\\>\\\[\R\n\7鑲)\lnf:xm;\U\j1\fY7Gㅗ_\_\ \\b\uG\ء\nT8&pc%eaMi2\$\\I;OYƝ\n\1\8Ėl\CKKkq\x\\qвhZ\\;\h\m(V\"\\\0BTÀtۋZ;;\\nʜ\10\}ֲ\$ͅ\F)\}\i\\\\\h\\\R\\\\\\ŋQk\/\\BjL\涥\\2#L\J洕\uqTdq\EqA\\\c94e<F\8E8U\H\aGO\Z\^~\D|B4vwc9[I~\N\	\@L-\ru(\\0\rE0\\\\$\ZQ=\\Vck{\&G=ពci9\\5s²\\\\E\>v\*x-e @&3m<T3b~iYL^\rԂl_EޱMg\U	5kóތj\rC*!\3\?;۰vk,cy!*QƩg\?񅷾 6\Z#/0dda-/\\g^\2[ĲK\l\\xj=4h}RlU\)	\d\\Vl\\]k\nǷ\(8\J\Z=TdY`<\ HGct\\&F\l)\L\rI\1@6~\nԩpʳ+\JS\F4=1Ɨ_~\\9:yY\\\8y;t\9I	ɟ\\}Z.,XN	VƓt\&\+\\N\I\\\ܒ,G5,cvm\n9\\\8s:\x\\\CCwSI0\n>AT㩭\%\,]4\\ \lr\El+&5Ņy~r3m;	L\hu>a\n\\BHR\$iĸT^4@gLO\[ފZ\"\3U*\fa\*2az+XIA5IWcne9Vw6UN^{5\nl\x\&d\0\\-+в1NNUjLzM\\[>cu\L\9\Z\	#>臀~YYt\\~\\,\\\'\dZC\\0>՗-/\rا\mo[2Cڝ\௳\\C߸oә\0 aIP=9J{\O\\B-jmaE\n[_JYxvSU\3 \+Fچ>\q\a.GɩX\\"BbCWs<z\%N. \X\\e!ޮb<\l|\\\ SRv\\Ѩ\[\r\\/bI;<1\\0/Eh\sXԒ)|s}et\6	i \|ot_\[aN績yAvH \V=\\"OpJf;ڢ0Fޭ\I\Q\\H1`\"M<\K\Z#Ǐ\ko_ʗ)mC(6\Z֨\\S߭Չfˤ4\\g6\\I?\Û\\AV)`Vg#(\Z\'?\ۍrv\\ڭ;\VA1TO>x(\\Lt[aֵmY\DQ\)nG\'4\"\\9\0\\VBurrJV\0u\\ߩKrVS׈kOoM4(ʞ\\x66\'4)\0A;33+\!$\\!Z1|c\@:A/4\r\rڻh\{X=\\*Rt\B|\/\p/\A:y\n:S8Ql$+l \7M\賖5H\M[t\\\=ipm\\0t\\AJ\0\4E]B^	H\cŔ*:K\'f\1\7vjC%`Q@\asK\0\n4~fI!C\\6K\\2\(|Vr$\\&N\\\.ԓ(5˻\D\\rl\\F_/&\셳\/}1^}\e\	KJ\'(\ʁ\n(<#I\'GS\'|8~=ۧlݚL\'׿\\N)kv%\\\ \5CMy\n\\q;>|=f\dRræ҈\0,\7a\\`#U\'d\ZZ.\ZO{\\\M\nfҨe\\\l\\ތ\_\j\\3\a禝#\\s\\'\YT\'\\y\"\\\W\\\o\&_2<iYA5[+\u=s6Fp\I<ufWAx\\+_BTiB#J\\)X\\Q$(\ҒaRKP,\\\)[\\'\|\0c\:\\ִ^,@O+\kiAF\3n&{\N\	$ɠ&*(H\rK\\#p\0rED|\7pb:%u{\Zx{K}\\Zg\\\ݽ1 \C!b\\ߋj\RQG矿\.^ye\\ĺj\\4|S)\,!lXfU\?#`?E\<sdϛ67\m	N\K+ڻ\r\\#u6X]ۊ\\G\\\w\\6MPcH+(cJ6x\\\\Lhp\%\rsr\IN{DUb9i9z.%٦]P\\, fu:\r	[6}r S\2#\\\riF3?\Ok\~\4\CE&\+ƉcG\\Zw<-\$VeQ\*\\/j#֍\'g;5`i;\_У\3d\Wցip@Y5)hK@Q1[e\\ZÀ0\=RCO3c\j\z\Mb|0 ډF\Z\:\\"K-².	X6wk\Z\Zѽ\"!\0\Kk\\\\fX4[\\P۸\5hn^AOQ\R[~\׿\Z\#1>2\$z)Gص\!,\	\\U.!@\O\<%R|ߞUU\ĭO\l\-H7:!;,Gm\]ߏ\\k\\;\\8]\\޶sa[b\pLQ=\\r;c!.O1O-\Mi\XZZ\R\H\ɟ\&\	@\QPv\^V\ԛ%p	j\\'\&\F\\?\!Vr$\¨-nಂ!AJ\hD\'^y\x󕗣;*ȋ\Fz)Slb\i\'\r[Ё\\nK*lnZZτn2+\Ck~0-C[`\8ٳTN\\^\bBH:Yao^2,UR^^\}FKa\H\0krPO)8-XOdDm\润Op\\P!V\E\\n4\y,7&8]\/cݎ흸t\Jz\\\)j\ZƯ}\{\_\FY&B\:I\x\Z\\W\"2}8}\͙o\\\LR\7TL\7A2!\\\0S\F[{qLq_X}E\\\0`+NXDʻ$\\\\na\G\\L\1Ɖ$\Ę\\\0ݔ+S\r~\Lψ@\H\\] \\f{OL(ޔr\kXXu\@\Rph\h48\\\E\\O)`\@	EB\Ny\Z\ڪm4\}l_5,,\r\"\0\03I[7\.\tÂ\0_\\c\,|\P\\0\0 \0IDATϛŪ\r|\0\r\<\YI\fN$\Io;\\\׶ nM\I\R}\h+XZ]\\ʄH4m) uŋF08\r\˰5UO\5[D\G\/\\\\ܙ162$TSZxAJ\\oMڇ\skO?\\\X>\9`7O\\\\\T\`-:iVi\oY5#ַv\q\Ɲ\ڭxh.vk\S\]ԌrO\m,\nm2\ZdP1\\52A2x\rd13[d6SGfbcmC؆[X\e,NzD#BiD8k58fD&!\\\0_\gEy\77-\V???X\8;+&+\".\\0-*ݒGP\Z\=u\X|\\c	\.\H%(\䄭&T[q**AF\r\Ԃ\ԛi}\'djH*\\E/YyP\\\!8\Q\nU\E	X\ōv\'\9\\%\\*\*=\\\ʣ\'h\s\"\k|2\ \\'I!\UR\n|\\#\\\k_b\@|\\bK\-\\2\\Oc\,|κ\93J?|\\\'\վє\Ln7u&XuS8\r\/\Ǘ\{\}\\\J\\d\\"\3Q\\\"X\n>x\\\\=@`\a3dkin9VVV0(q\n?\U8\G\e\[nmf,X\"@\Gt\\ͩd\B|\\~K#Ƒメ1\\'H;#\\l1J\"\\"\qhb2\|\\8t3f\5Z\r\r\"%Ї\,eق=\ԝf\Z{,f\\\\A\q\B?l\RGfS޵\3ڱBZ9\"j(0o[\"\'o\Lz7ɠm\W8\ݥX\،Ņ9\u\N\4L7d\vk+\\\\n#f\\\Ǳ[M\\\NiS\qS\	\\\\Z1\"Kd`\n\1N\|\\Ϝn\'%l+}\%\uq\ݸwq<|0 ^_6؉6 `\Z\دC\Ռ7h\P\E\\ .G!<33s\L9|)|_oSwe3\\2WJ,\\\I\0.Z5k\\oOe\Z\V\\\wߋn+(Ku\\ʘdauzl*p?P\\n\\2>2ϟ9S#\\O|\Lk6bms-vRkR<JʸS\ӉM%+C,I\&$+)L\0!G|tHO5\\\0\r\li\Yrݜ\6\"He\\N\tHD=\\\%\\\T\8h\T*\F\-.\\H\\)̛lBvK+q\YZ6 \>q$\\׿\ZoF~vhC\5Qě5d\0Z\3)Hls\\(|\\3\`N\\?e>~\ϑ\8F\|}\r6ވwǥ\\\?Ѥ  ]qؖ\n[\\\r\\\!`! \@܈m8b.>`c\\m1\TjE\\=WNN\\\\\h2߃Tn\\\t\L\\\\YO\ZCф\\\bJ\ӃGEc\0j>q\"&c\d\\D3IGrwvcs\H!\\rj0`{N6*\\\%iH leVNؤ=}4҂&OR\&\X\⑿\~R*(3\\u>POp*S\1\2\Z)&{s5m\NZLS\\c\͗zJ˫\\\F ^\`\\W\'~G~H*c\L)%Cyк*\^:-L\]p\\nټ\\\?;gR<ņ?\\\st^L\iVctKGr-H\(}=ޭ\v\\\z\7\\ďl2\7걹\̴X\\X[]ր;v\\N[\\ߡ2\8\pCS5+ia&\;W\d9Y14zF\针ccjHF&\r\Iڵ\'g+/\\\ĺ]9\ء7\\\Q\L\ 1\W\\8\C\r	F;[\ڪ\RwQ=J\\,Y(,VYE\B\3>\jN*t\r\\xݟ\nDv\WK\+\d\YL~n\0&jzS\\r\;X\zRk\\\PmtI\"\\Ξ\'V66cyl\'f\"\\U&ǣw/^{\\F9qLlOg5\@S-&rHCu8Ĩ3\\\[\?\{CN\ZQ\M\&\'5*CQ\n]\z슙\'k\\\;1;ۻ\Zr_XY\n颵X_\M]\}\9U\AnM1v	\cQRrlla\\smztn\vKȋ\7{d\m<H[(3\"cwh9-\Z>SK@^r%._d0Ks=X+#{\J-8\4\AR\\\\.y\@hE4A-\0-\Z$\"e=\h\"m\ZHqe\jR/\0\7`\BLJ\̅%ltCHH4iR^%\zxh\MQmi$SL\g&\ZdB3\\BM$<!:j\\@)J\\\[bkgO}D\	e\H6<)\F48iGؑ_\x9\*M[2KQ	ipOXĖYr\~6>U꟟=Y?{\nXgheIZ\j\d%S\\d\:̿4\/\X1x>.]Wܔ\~\/p\\\\\\\r,\S\`Qmf\	f\"mitM\o	\&wp\\L\n 8mb!8s=*e@Z>¨A`\'1O̩\n/\O	,\c\߿[ZB\Ij\>&K%IX%=NBn,d\\nJ\U112ǧ(Pߋ\Qs\\0#xxx&{	Cͯa[%c[Z\\'釾j$k֞`\A\L\\\v(K\"FBE\%#\8\\f~G\4uB\ɉ\OJ\$J@b\M\\j\\	\Y\$\ٔJV{JQ`ccx$^z\U5>ܱ|1\nG\\\\n:A3RɣL8\\"\\?34N*2\rYH_\(J\\r\CX\p\>\6\\'⣏\ܢz;@!،J_O `\3zjksgͣ!,g\Ġ~W\l3}VvxĘ&muB< \C{\r\cO:%\\GI\U}/Cz9\fp\\fז4Hʈt\\\\:tctp LM\\\GGV#v7\>5`\\b˚5cK\\"5Q\L\-\c_De\\ꑱg6I\>\'\0(4\\\rCȋT\\\$:@Ӷ@)\YU3<h\\\',\'|M_\\(\$&x\0\\a\eΖ\,+\ZR4=Q\\'N\˯.f\\ڗߌ\'ƣpX\0$e\;\\LO-\%SC\>Iޝ?\M%\F%\g\'nK\'*PCC#d ?hU\l2\r7ڱF\l\o\}I\HMVbG\0YRʴ(un-\06P_\\'\x=\m\\\_h3G]SW\Җ\+\Yp\nC=rHB)aP\#\c	^ŉ\[Ff@ϵ\\>6:mty.=ac B\:\\\:H<v:\ϝh걻.\\ƾ\x>zs{7\N\j\n\%v*\\\xM\t\E=Dp\\3nؓ4\\y}>\D\euyA#\\mM\h\\\Z˪usju)%fApR1V:٨\m\\rթ+kkUE\evOW\r\r\B`\\\/ǹ/\l\X5ꅸxzJl~˻r\\\]b>e\5\:<eM\9\\G\_\5IF;\\W\S\\"?ַ^@J\r9\\\`\Vk\ݻ\~\x\K]%\\\Ul\\ƚtT%`UW,.\\@ץb,\8\B\P,+\qx_2--x[&PJ%)ֶe=9\:\\ϵ\\S\rZH\' \\R\\"د\@?}:^:N\.\:!7\J\aq\";8\\\\\s_\#ivy\dFzSYYYi\`\k5\ݑ$K)zjS\Wew>b{ν\\\J\\=\0S,i\\Q@R\'\,%%78]\\#\z\2\W:gh(~\=\\\\rX\\n\ue$YK\a\\0*N	\ٲC\;\6.f[\ܼGI\S\X`o\r[\\h\q\5\y{\\umI%3\1\wϲ\2pW\\]&\A\\E߿6`^_\x\kh8dx\\"h:$\J\\\\ i\q\~\O\/\\铗\\'RRyi\I\ݦ\2I+\\RDMͯ,Q\Ή\NW\_ć\%Q2\\nEiQ4nA\\rU\\\n FO\\-?Xu:E\]1I1\\D\|\\uO	\bޮ\\\\׮Zr\M9\r\fՃl\@zKc\<\׫^7	vBvy\\\iX.+0\\wj=\\"K9R74<,C9\b\\\\=,\s\z\	+?\K5\%`{Izv\n\a\vmskGh/\Q\29gVih2z(	\B9oZ\B}\._\ne5A\\\S`ov\f\i\\0E$`Xp\\r떆RY~@=\	Nӿr\02\\Z\\\VwЌ^/8ƛY(\>7|s(B\*PQ\Z=ykc\\\ZBAΠ\Z\\㳓H\\pW\n\CI\Z6hU8\\'mowǍHk\\dH,5ʔh>p^\HeT`\^P`\qYpD.\"c/~sg\眝Ί\"ImFBK\Y\"ς\ϩlo\\f3s\Zw\p\c\J\L!@ckOT\\,(W\$C\\\r!<<˖\KPg۹\'`Y\p`躰\rv\'\nt\\(S݁[\2=\_}\%~\0d-g\Z>\<Q8\ݷ\\;:rC)YI\\.;\\\\'K\\Z{͕kv7\\\ߴ\\\v\\q\\\\9{mc\.\XR!2]9_{\\\\\~T\}6ěd\ AI\:\\\u!7cLv\7g\\\CVʟ\c\\{\v1\ݻ\>+\+qs-9=LG[x\\\m\rX,Sn\1C#`Z\KU\\	LՅ:z\Qwfs\\i\\ \0XC\\~rxqK\:\\@nc	5ģy9\!\9Bm$\0\\5bU\\ZMK3\\l0\\I\rz\r]\\n\\\r\\ݷݽ}\r6J>W*O\ݣɝ\'\"s\-#\ZdAкY\n\"SbVLP]>\\R\\Z6ݟ\q\<L	k\qo0T黹k\\0c}AM$tV\EO1V%-\l↽\\\o}h\\\\GV͎lmnW\\ZHY.d$`ԶC5g{	uMG\g.\0\W\QW\y\\ۓO9\\\ \㳟\-H\z>_F\\D3T\4\\0iӁ=|\~_\/?m{D:LXEYvl.It\\\Dgo[\}k2G EPF\0	:\' \\RP|пBC{>OJ}( \I7@M}\WFaÇH bC\Rc0\˖͹9\o\f+s\+6W\Ev[Q~w8\S1C\Ztm{oO\yO\c\r\h-2$J\;*[9\\°^+\\&࡯İKC!\z	\`Ek\D;<1J/ɮI\rȺY&#&@\\\hwߓV[\\6wv\֖pXSZ\\sBn:\\h\ADa7\\n~ma\'zLB\\ٰ۴Bg]]钗ż2!GQ\r\\^e$\Z\\n3rZUI\\\ozx\r16	s뿶Rjg\\c~Bx֔;0}ȾT+\L\cr|tj_|q\~\\\\'+]>\r\?)y;\ZfxM\1\u\Dh55|ɢ,I<e$\TNz>>V JJ\!QBqI\O.A*5y4CbU$\k=\\Vn\\Žr\.,Zv\\8[\󚻃tPn_X\:dvvQFWZM=]4HC+K;\\T5A\rʰc|\\3\r\sXP\C\SbJ*:\Q\0,\09-&\щ5[c\vA7?(Sf\\ZJW>g\\	\\}\;d\Gq\Fقm4եf\'s-5\Z{l3՜ݼd\#(\r\\5#d2\	|W8b\_Y\\\{^71j_\\Q)\VSuA\kk\x@ȳ9r\\`\W\L\\'Ӻ\\<x,\J\Zud#cЕ\n):W2!C!;?H\ˇUz\"/>YL\nAN\T)\\F8#\HxD\\N\eAW)\<wؓ .\Fݶ2\\\J\\n}$e\\G\n.J1\zK cj;#\ݲ\W\PH\g\Z;]Ȃf]Q\3<\\\\M4{6_0d]!&c\n(ru\C\'[\ux0Dtמ]1SkxP&\9<\#{]kS;\d\\\J*\\"\n¢\\\?O]+S\Of\\,-#ʵBjd\#)\\QvH(ǁPO\>D\"\-K\9\\\\\\\v_ϵ\Q/T\0Nƾ멐c\b UY96Hw-aG#_?O\\\\\n\0|t\\0\p\7\'Kqg9zX\ą7\Dq\"J\Zs\\[p|!\#AUCO>{{\gyh]\mN\C𣂠S<h\ǒ\W\{Jdp_煩{\P\\\\,\\\N6\mazʮ_^&\cЦ\st	P;;{\߸].\Drs=5\Ev|x(ް\ lG\fTsA!P=SI,\\0\<́PM\Z6\\幋GJ\\0a%б䣑\\\m\Γ(pPd\\B`^\>d=^u	GKF=+#\'6[\ڭU*Rќ\9\\qN\r-9([I\<\\FԘqX\\ϼ^\_܉\?Gw\cٙI4<j<\9`\\?~b7߷Ǐ	\\\J\"YD2:\\\\nXFY\c.d.\M9z\/SD_\ͽk7@`\\\)y\0Sھ\\T\`uW\[Eٛ~v~i)ȇ]_J\\C{T\5\m\RI[^^Z`휞\\\Ur9fK33B\\\'P)-YKq\\η0(Ol\\N\\_\(\!h!\֩̽b\@\#\[%4\2\\^c$;\\ǐA\`Nd\\Z\0k#\\\+<[_\a*Ђ\ҖL\/z\F9tu\qc\0\0 \0IDAT+7c\~r%%OJ&\sR6\r:\'9umk\VLY,K͝+\qM[\Y\\:(ád\\')8DV\gs`Ǌe*\r\\\\ZB\\|4\gztE|\n(\qq\\\r\\O\o\\g?mm\J\\	N\(퓉m\I\\D1\\Ƙ\JZb\"O:ڵk\\0B&d/^\Ç\'v|^bR\l&+.\\܂k\\@W\XI\3\\R8\5\Z	\\\t7\R]Y[\e\ó\;j\n\j	H.x\27r<PJ;\\Bt@\0G/\/\a\P\$\v\\S^\\z\\A춌*]\n;ܰ+\i }2^$PL\0(Z*\eP\\TK_\ȖV.ـׁ\\E\/di$xzVNlK5KZj#TQx\&4\0ؐZ*e D\t&\\\ɵoX5q/a-¯z&/=\2XCkKҧ	Tz\d`	Ӷ\o>\\	\v\DqtP !@\\pW\\_i^\(0b\\\"x^n\q1\\/Ԕ\k\\"ixb~˹[d\\WC\r\\$QWO 0]mؿub\\ڪ\\L[F\07`\0`gL;@+2B\rP};%<ٚLqG\\\\P\'{\$5|0\\+Ƅl!XPqD@8aN\ugM=\$H$jFT\\W4V֭PX7a\\ʍmu岬)\rS)kSAO\r\\)X1DԪٱ\WsT/Z5@\1\|X\\c\	2:ʃ<d\\M|bȜ8\gIwf\aV(إ\E\\2lq\ZM\꓃BB\j$\A\'9N٨ӡ}\O~\\A\\\rUt\6\\':OӨR&\\eV\:\a\|\Q4\X\\k\>hIօ`\{w\\!\\N,_ֻ\hR̐#G>ݣN;\[\n`N\\O\ꕥeaw\\\Lp)`\Td;/\pw\n^lBAW\sh\+q3\/.h\'q\0PL\)D\\DX0pDEh\\ϟ\G8\,\eGѥ\2ͮy\\ɯCRaomi6\\)FIV\0	]?Vy\G-/\\\E˔ֆY7\\eU>*\rڨ P\\\(\۲rr`\\%[孢=+Yg\I(hhtG\\.fsh<)4&Bo\bg\\䊘m\\X/s\\\0N\C?#rřU\\Gt`\'ݻH\\]m\E8>\ׁ\ca,9\"2\\\"L\nlV\٬\v\r\84K-N\\#\\i\}\\@lfnNnj?Rps  6\\s\s\s	.^\XCZ]Z/lw]f7o\\\ƴc˃\rF\Ht0|y\\\^e39\ʆ\(#a\BAch2	8\\eVtncݘ\5\\\x|͠\\za5\Bp\L\u#\\o\\\\\֏8\\\\.\\':\q,_\\\:Ƕz\W\\\MM5D\0¦\\EG4텀(}uO,?\\\\UVɘ崇\r\\uSbhe\^{^sڰ\5Xm+;9 \'>w\CX0dp1ft#&Vʡ\'(\"2G\0\\\\p\F0\\!\	\\}\\}l?&{K,O9\/,\\\c_?ͅ\=Y2\d^h,\V(%wa/\\|\\\\[~G;=\F_OFܸ|\V.\u}fvV\\~\I\qQʁ]r( $@K=\\\\	r6{\\\VUm\\s+km^w\|\.Z!\X\aKkCABJz?	؎\\\E\	Dn$=nGGHx|\0=`U\nqK`\\\\nE.S}\pՓ J\\&\#\9j\\i\!Nܻ:\f,SZ}n\֮^2ث+\\r\!1+8lې鷬\Zڭ+k6\'\\IV\\0\n\tcX\\\\X\\ͳ#ω\1{G\\L8\iP\CjR\\'\\s\DޖD\\2w?ntI8\r[\FAЀ>V\rC/?v\C\ur1\\\\~p\غt\C\9C\\|8q\\-u2\m8\"*\RFt\\\32iHl\gjM\\\\\9\\@\iOz8%[\r\XۨO;\n}{޵U\\ߓFTӲJ>g\K\k~aѦE&\y8^:\6x0 p\"r\2\\0x$ea7ȣP\nRlȲ\3N\\]q\7\Kp`IfJo ^+4\6b\l[;Ҁ)͉\\>%~|bv(\\'RԜYh\K\v\\5\\\|NZ\\\M!\V.\(\ӱ5OQ\8Ռ 5l\l5oo]hr\\d̰:*\49\?u0X?\ i#l\1ϡ \"\"\"d\зƲWgI\R%\0\q\9ʏ.Y\P\\Gq\\n\Կ|e7\?}\Nˎ\\gSki3\\+}\"\S\gSS\nL\0\\0f?C 7V+kz\~1}u\,\n\&xc~\Ԕ8\qX;\0\\Ѡ>e[6\ų\Z\ 7~Ѿޛ<;1\D#}\yCKi\H\\O\&\.\%\؋R\<\ \ff\rpDJ\\0\#\c\:6\\yb\'w\e\'\\8\,2?\\F!UC5\j\\n\dd\U[X߰,\n6\mue\*լ\r1\^fA1B\rԵ\ٚ]4oYm#L]FZA:؉\:\\m`*\\=u\Ē\\,\\!zرL6\\\҃]B\ 2\t>O\4\\8E\=G^!<\ l\\\x	\]⷟\m^O~\\v\>qdY*)\ϭM\\\\ʰ\\&$\=r\Ζ\ZE\ϱa\n\Cud\\.W%61\l	x\$|\\\irnn5((WBL=.k>B p\|\-bSwsy	[d\A\F}/\n)I\z5Dy/\Xӟ\\\0,\\(`h}\<=9 \i\޾x\P3 :>\\\֖7\rYK\0\B\":Nξ:}mciЪU5l1oʔf23o)k\NمK47egsN#\\?b\)!ְcf붾\\js$=`=\(ɝ(V#}$p$k\0|m \A6\r	\\r!$\GA,C`4\\[\"\\Aծ<wz*\%v\\Z+gk wdx\P\D+\n\e2D\mڱ\\7ʲܻ;:\\5c\t\嫗SM8\\\\z§\kP@C\O?z\n\"\\"L)\\>ź\	FLzn\\3\\XI8%\\\VBg<ggOT\ŭ\Wȥ\\\|\\\ZSV\\jTg)\\؆}_x\Z$|>qڙ\'\ZNg\РJ&\jW\g\Dk\Z9\\1ANk2f\J\'m{\`A2N޲.#8&\4ͤ\`+\ӳs֘YLdb\\W/\\\\rP\SP7\\̎;];\0t\losբ\ORXĨ6Q<\# Z_!`\'kP]8*J\Z\Ag\_z``\\ϳ\׹;	DX%J&IHG;nuVѤ@%?\'\h\Q;\\GV;ڱ}\O\G\Ur% :۔H(\Obeޡ2\08\lVLvTC%`zX6*%P2Ț\"\j#C#N!\\)ѐ\HR\\>@3ݕИ\U\K>ꈀa6gJG}\n^j\b\\\'Lp\\:\\r\V\1\uI#\0\lؠ\<IģtǱd\(>c\Lxsa<9{0\;h0|\\XAp\\0!\rn«4\\LUͥ$^-W\\\\\\/Y2|jWoݲݐ̫\\\n\Z^B\V1\\C+e\a\_\买E\r\\Z\\!Ua,\\3\/\k\U#\\\ӥY\\j\\'\;N{2`0\\\0|\\Z2uMqM*`+P\\~`9y\\?<0\H\\\z\"H۷T\D\>xl\\:̩LNgd[\6{6-5\KX+QP\{P~)AJ:Jz\A\J)\(Qd\abl\\к\Ir+J\8L/ קU\G3\+*6\x`]̚s\}\)\&ƅ\l\20X^v\\\B<\MĸK\xj#)\ntPù \(B۶{ph{_˃C\n\0\Cc\n*\\9\\'Ӗ\Ѱl1o\9N5\\\\et\.-\0\%ktFa\0\\n\ldsU\n<<b\ol\/>=XI{\(l\q\<V|\\@\Пd\\0]k!Yyk\Mq\\!v^]\-\l8*\J\uS\5hY6\0(\ީ]e/O?̞=yf\fK\p\\h+-8\"n\\\8\n\'(\h˞ !(\r3`/ʾ\)iɄ*(A\@`\TrD: \nL\\U>2e\\PzR4[\Â\0\\¢\0\O?\\\\na\Y]\mk\\V\g\ooW\׬Q))`\hK<.\f\'	p4&\\\l\?э1*8\\iWRg\ZJ\Vr\\Vo\Gvt=\\N\\\n\0\\'\:Ze\Ao#~͙\\h\\\덆\ffljn\VWmRZ%c\k<g\\\9syzC+s\6[Gك,3J0L	PEQЧ<Gs7!\B- f\	\/zN	V4|Fڠ\W=\ؐc\޷\\q(|b\0\\`*t]d\"x\\N\ugG\NO\v\}C{t\$\։a_<j\\\\\|\2`Q٧Lv\څ;\7g\@֎\lߍue̯J?[\\nXq1D9I\!^0.G\ZQ `yg^mm\i)ʰ\%ZX7An\\\\\\\7^\Ee\$D!62_\H\!Lxe\'$C\.UC\sG*\3`I\0KpI\a\*tmeKh	-\:KG%\\<hȻb\(PY\\jG\ZsJFija\J\\1?gi]\\\˕\n:P\O\,\rXJ\u\n\ui/\kˍ\\\R\X\1Nc}m\/\"\q^\e\"\,\\\\\\\\n6fbR\\OA\$Hg\UtK| \m (\r\z\#\x8ç\\A\`\4A\\r}+?N\\\8\I\\?\\g\.Rm;;a)!iL\';\PZ\n}EO\\_CPJDO9P8<Ւ0\oܸ&zjC\-3\%\[\К͖#s4bG\+e7ӢgfrME{p`O>\\	H7ͣRMA\\fv\\%{\U[\8\#\/P=+<9g-\_\W\r\\"ʦ\s\G~d`\P-\\v\\\"\ڱcku\\Nӻ%\rôU\"\0Z\4=\7{\Y\\Bf\BNvva.\\`\nްyw+\\\\,\J\8T\\t\b\hG\\V{tڟ\@f(#ag)_qa=}\)d\ G@J(CT\\M*\ߌ&4=\\sgV\# ~M Aܹt\|\Iy\\v\}\\\scni+*f\S\r3	YW\Ⱥr3\2t\\}%_Yx\#(mL?2F:>9qAd[X$Sv\2bzU~\\ζ\\y)STw,>\\\V|;=\\\\\\\\39\'^pjLlRpQo\5!Pp\C\0\JvBY>YC\~LA\5\"&\tEC0D}(\\\N[\k}*\S\ \'\p\r}?e8\0)\V.\\¢ʉ/k\B\\\e7\yۮ~\\7\myeED8ƒj~?|\?Uw	[c%\2ЇA>\\,O\~()ѭ.tXn\"\\3@bLE2R\\0\\L\Ef$z!YB\\Hpओ\9|\rݳ\\[&y7\\veLcBo\P?|\nna\v/;I\r\\\V3Zk/^>\\I\$\~\=xWr\ټ/uuD\N\n\\\\\3\Y\&(\\҂\Ph\OY\xyu\\0C Fs\Mm/˃Q5x \\"{aqw\=\\!50kHm +j]f\u\֖KY\]Ws{]X]rM|\^|!/Q\"w\$;\\*\h܌^W5eݳNێOp\k\I%l58\FEg\:\U\ m|^	\:\re6\ MyU(YT\pi\U\~\6]\F\*e0\:K8ݏg	\a\\\\ًUϒRYO	^#\\#\0%\n怹Uv@M\R8\%\\(wh	b\z\ap\nCA\{X&\gD\]/>\'1#c\X\\:X{ 0\'\\\\\=eֺ*>#Rݾ\2\\\\?\X<TNU%d}{HCdz\O\m\Z2,P\PR3tDX@RAr\nH(\b	\FX\\gq\޺uK<\l!\xb&\o\+a\z\j՚\4ff`\\5\\.\ӻz~6\:KXAJkݺq\>|\\r\"c𤍅-v(3>gZp\<\Ҋ\$q\ \n?\;`q\\(`)\rm`XoăJ[\"58EA\g-S(Wխژ\u\wX\\Zh\M\'}fH\\\}\1ك\\Z\\pJ\($}=Ё\38y,ł\"\\\\3`\k\\l*\pCf\:\\\+\Cŉ<^\45C.k\\\r\Ay\\徻kRvf\'pTK,.?\'aH)#\O??\6_2\x{mzfٸ\?\'\\\Z\0R\@\0\$R\pl\kB(\D\'(Igݖ?d\,\r%!kQDYBrA\\r\nwף\|SF[\\\q\$[;N?z1k\\"pI\\}\eÞ\\n\W2I\\Ձ3Вlh\\\bzڶ\fˎ[v\\h*E6\sD\E\rf*\3Tw\\ʉ\\xym83(d\ZMh\\\*SLgmzn\\|ty\\fľ\n=qqOnq\0\0 \0IDATo\T\RƠ\7\\@\\ZkԷ/\">ք~Ѽ.\\u&z&i\Zj\/(p\^\i>o\'Lf	\Z	v~NZ+\\\'\3\\4TA@\uQե\2Q\\\Zv\9\ 3d\r\z߾\gc*CL\\rs?:f}n̚\!/	}@W\CJFtSŒ\eB:8ܗ|Jo \j\{\՚d\Uy)\C\' 0U^_V ͖Đۜz7ϰY\p9\\e~1c \\\n޸lo~M\̠)qqG\74%\F/Uѧ\k.\!\Z\\<\ĝ>_/|\\NoO%q@\.\\q\Z\Cҍ?z\\Ǉ\ɕV,U,Yu`Ƭ\//[ca\\/_y[ZoI\0\yB\\姂\'lƚ\X8)$\o{e(@_W9iY\\\\Jε鏝\=\<`CUy\UrB\&d5nW(9<\\;\\O\ʄ^F+hv\n*zl\JL`\2Ck\*VL*&\N=\~^5\\\?\r]+rV,S\\`\04o\p\\\<CkА\nol\0k\X\\6/q\LJ#oCCY\Z\"9vX\_e|L%\\I@2ؚS\\ّ>0NԒd\\q\\{Gt\\{W{b1;V/\\ƚ]|\.\\Yq\j\Z\\J;\rb[dqhS*C\$_a\n\ՁC9NC\)\AP\	x\28\Z\n\0}y\\yx䜲\\!\T;lKVm\Uc03;e\Zъ C\02A6%H\\b\]R\"\l\=`8Aa\YFH\\\\\K9\C,(Q	@\\԰e\Z\'d\\^TngC6(0yv\L}DI\\g}{ZMk\C\Op\5S*.\C\\wd[\\'S$\0\aJPrS\ \0\\vgwxb\{_\sJ\, mk&K\\\\o)-o]\i66+\\\\~q\\\C\'\2𾲝pܥ\w}\T\f]?\Z~H0;{?N\p(\\ׯ\\tÎ[\\\\LV;pq\\\8|@F\\}kԊv\][h3\)+\Kj?U\r(DG,v\F!\ѱg\vˇN\0\0\O\T2\s\Ais\\ELͤ\kS%sy˗6d+>T)YZb9k\J\򙄍q\tIvB!\'`0vXW9\\R/u=\Gk\sAM5\sMw\uf_\\j\\`+\0#\\\9ȡ RW|?\15q\\\af  \\ZE\HQ\B\\\ʞA \TR\|v\en6ΚIj}m\b2\ث綽ʎ4J,\\c6&\c\.\Ki(k\%I{\ [B8\2\y\Y,\,.e~\"	acY\X\0Ctc*J`q\\mvv\nJޓ\O!l+H],\/~s}^\Z\\\ԫv6\\l>mYP\0\نCŧ\AE@*\9C%eh@9*1@o\rQ(q\K\"\HI\Ez)\LX5\Rd*\\g$ph8\Vֲ]%;1iŢ\	\\f\\╫~\gg>3\r*|)cx%\\=9YT8eWHoҿǙqxI\\\nTңAIL&\H\rl\0(~f\9>	*״\\'\>\XesD,ĥ/<\'\\W*\\zFB\eu\yKE6vq\\\Ģ\\\C\(mB\jri0\c\0\ Zs\Њ\@\\}U<\M\\ޱ}Og\m,ڃ4)n-֭>?҈e1bŌ\i+ʊt\0$\"4a4$94\N}(A\T,6ۜz\\?Dã\#wC}\جRٻ\oss\\qSYOuK\nӓ,\\8ͱ\Q\X\^`sh\\Pٴy\\ hLAk@+\LF\\\\\\(GQ6e.>7?A\ٽs2Nɰ8^\jJ~FjAc8\i\2<\,Af\^%\\v\{\\\VK\Op\iK\\\q`S\n^x&WNh	\2u%X\cҮp>\Rq\\\C\"M!\\i(ӝA\3Y6~\0ykvH\\Ra\ӧ9\\\\z^\)\0?~2\~VENpq`g퇫\\\%/ぼ\\ra<m&\!ǐݷ_\/\W?b\\`Ґ\O\.*P\\Q# \8#L\U%|$\rWoP\{Cw!\\I%3	<h\Z2\\Sȼ\~i\\ݿkw\\:$We\(?P/\Qfgy\rgD{\$zWd\\CSK[\r\BչH\\x\h\\pX\\'#=X\"\\MR2ƽ\0\vSnHv\y\:Yr\\q:cz\.\\ް\n٥׬P)\\0\'g\\n	?\\ZhꙈC6\Z\Ϟ\C\E6-ד\n}7B\@腈>0\&\A\Aw.\8}_\Zdwy/Y6AQW\\\g99&p\yCU\ Ѵ޳\{MZgjP\sg\\7%dJLY,~驅\č>Vf\\DѶ$n\0\}\\\Z\[/\\\\-\'?LaO\0Ijdּ\\\\TC-\U\\V-S]\яYt20G\\zc\\'Fb@xI{\\\/?/ʃ\'6M\0ǩ.\(\{j _5En<	Jh.Q*ǅ\aŅU\!TD\ʅ0\\\p(\!4Ȥ޳dU\\\\\Mղ붛).MIA	\nS1\.\Y\bI@H\~\֮\\\b\ez\-8t&w\%\\'p\s)f\t\TKA](x२\\"lO\'՟ϗ\sG\btڳ,Z\\\,q\\\ɽ\n\lF%#x\\\'K&\ZЧ\.E#dQ\\	k00D+rY\\ooH \2\={\~\O\\\vk5\k1̰=nu^\8b\\CdG`\'05IZ\\L)ˎL\*\$JN&\B\\!{\0rQ\w\y\\zM\O\Ν;$5hzn!	FZa_-\8cKU\AVA0,fl\2\b@\-7P\;4<ۧ:yX\Y\WZpb׈7ʰ(i~W*k\d\\T!?\]B\\vuuR~/-\\\Uur]sdݭ\\\@\<\ZV\s)v	g\af$d{Z\3\\d֩\wDG<Xxxyhb\% \FdA\H0$\9b\ H/D*n\	9\z`LV*{\\\\p@`*\\\!\O#\E9KL(\"Kp G3N\\\\\ws\\\93\UP\0\<Y\v\>\޹c\c\wQ@ؿi>\qTElNl(?0\!\ٳʴffUrI3\ZMOM\g\0!\|R_\\0\LP҃LN9!*Op>@ׯ߰]\ܶҊC9.IS\<q\\\\n& R$H㛷\\lj#nAՇ0\cE0\dTF҅{ꁦ\\W \WVN\\켋\a\rh\'\Ҥ\Z\r|H\##\\\J\b٦\l`BIb&\,*\\r+T{\Ylq\Tj$K9&^QQk5\\\nP\\TZ@j@t\\>\bv\n\\\CSBHJagǟp_c\\Zt\0\k\Jvi~~x\Za*	a\6+!\oj\{\"E\\\Z^;/\\0,	aҷ\#@\i\k\\\\\\z\bU\%\\A\A\8	\ώOt\;\&(u\\\ŵu\gEsLv\\\ٖwΓQyC\B\0\A6h6\mwO6|4\	`?}N#|]**3Rp\<p/rJ\!ϐ\|fbMY=\j+*/\i<\\\Ird6 Yt0󋶰w\yRĈ#|H\Xctꢲ7tЇf3sj;=b\\2JY*\7\gzd\C\YRE_9\\|_H.8\u:SCe\佫\cC	\3u\\\VVg\\B>#\z]gYL{FEhxf\R}2\\8$\΅8=¿\}l\I}/+QP!\Y;\\\ZKOmos۾\\Ç\"Z`a!םD\\{\6\'l \nn.,\Чi\Cw\\Z(r \_խV\k8\\\rF\\\n>\0~r\OYXie\\tGN\M\\$0\)\\K^̊aO\\Y?`~RikeV\\c\)\\k\"\wP\\%\0\K\Q@B\Y7IV8I+U붶.\v\{;;LR 4Qd]E%Jb2V\t{ /dVNkCyL%\gReX\-G\E\!uH\nt\,?\M\\n\\v^ӟ=\ôWC kw鍛gx\BrAp2\\\"8$\q\rEt>\ \jȩ~\9\ʤaJg\\\q^`K\+xئh\\\2b\\C2V\0\\(_(l\"\CِBBI\{ŧY`ߦ{\4oɟ!lDyL\\>[2 \\Nq#\,}RF\V8? 9#\\\:A\\3֎\\\T=\rp\Ʋ\xy8A`&\\\eX\7\Ȱ_T\J#+\X\00\\\"OVHX;pT,\rҟ\)\	$ʈh*\r{~\!2\C\r\우Rf\rݚ:VV^AH\\\|\6Y},\\ \[\\s\aHgmnj\LV\:=,8s9\ %50s\p\bN1B\\Z\i/\'0d\x\\kj>\rJ\a=C*\R\{a\ZG PB@/t\\H-S:upF\\\\rWէ\/\sY\Z\'\ZC6?wG\b\\J;.r^ȁ5!}g\\+\Vc6\q\L\dY?\UI\n\\\n\\\n\\a\:\}\_ۃ۷\ʶ񃇶օ\7\!m\\~UG1\@\\f\R5\N\<^{F\a\\߸&ʠD\Uq\ZY[\\j7\@xTk\\!Y|\9x\\\\,\YYi!m<\\\\\)	Q3%\e%{-\卫Rcj\lmZ\\rzH\\0;\d\\R\nk\\EZe+\<T k\B_U\g\ǳ[ov\\I[`\nC*\Q/:\+\ri\\u\\Ӂ\.\\k\\*@2\ϕ4\Z>Hvi\\\\\#-n|\'\\\0\ aE渾1\t -}pJ$\nBv9^e_dyB9=I>(k]\',\\b\Ir\`촬{rb\6\X!۷o#cR?\<0n&\\\Ҕ-bep\	0\x\y \kvavo\U r\\0\awn\9\\Z\0\Rv{aɔ%[ZYe{}\m|\PۚT.\'\Z`ᲦC/%ő\:\0g\\WJ\%1eX(\I\򐑙\\\nea\\hj\\ڌ*e;m6\\\{\Otl\o\m\YJVIe*%\ٻ:5\~\0cTRf]{DָSקFV\e\0mu&\\\\m耮f \n@L^rz_N\\da1RBN\a\ɥ\0\pUD kH֛.\}n\\\KV}$g\S\4E\H\@\QYϳ͊\t~!8綑\^}h\\A\υ\fměk\\OfZLUNmY\\\nIZ\z\c\\޲~m\?\\\<}7\xy\m\\Q!#\Rp p|Z\0rHv\o?\\\,AOSdTy\LP\w\\\7(ȁB2\hϞ)\9x\L|{}\5Cvu7X\Z\\\L(dR\\u#\i.g\0P\H\^\\Z\\)\\ޑe%[x\\\XԬT,ٳO\\\*wm\o۰}h\a\O\TB,\ɶEB\|jI\$\6f3V,W\\5\aU!Wbq\ߔ\{Gm;h\"|Gi\zyoI&\)-\0\zK3\&o\n\\x0\\\=g]eI~Yi\g\nt\\q5UDqq\iqљ<hq\Z5ɷ\.5	3L\|/,D>dS\\ZT*\exų!όdyiB*5\]=VWE\\\*VΤD{\C~l=盛B\%>w\\TdW\\\"	\\'\\/\\i8\Vf7\3$o\U[\\\\:t \\8\]rE7u\"0eNP>W.?{a;3 |ݻ\K2\DI4d|̖p\u\\d\LiJŊ\\̩\5\\~J\=uM\'n\EQc\%lg\@v\\-\\	{\=zp׶6\\\u\>4TYuI\@<PwU\6=#p>RXL\-\\\en\[XK\+t\JXs$\"XG\M{oBb\\\\\50H>:šOd\\s]H\u\	r-\\\\j\\:\^\\I\Unu84DV87y\\\\\"7c@\\fpq:&Î\J\s%\Sc=M\rY+mZ\\n\\\C\\a?\\l\\o\8y08Q,5ś߷+P*%\|\\N7d$`KK\\?yTci:Ia-zXblGGRV\Ј?TQ\=7O4ŭզmzao\\v\}\2A\jBκ2|d\r\'\<423x\OO\z\Z\';\N+*5\?jZ\V m\\%Xt\n?\"Z=}О>o[/_Xyl\qϒö`\\SVTmaJe\\\\r[=lP\\\n0\\Ҧ&TFS\:\S7\\\eWr&9?\p\'\ا9\bDB\\7<([1%\\!*IؙƲ%kpٕCMlR&\	zNUW)TF\oW\0\3Z\{Vqs]\\Kp\BQ\ș\\\0\>ד\0\y\@	\[%\-C}h\\c:X\\)\\>O\܇M/6\G?\O~j\\;x\\u?\F\\FI\u\\g\7mvz\ܿgO?}\\k\\\ 9;ptx`G\qN\0\0 \0IDATL}\[\\\\\n>m{\˥\\!Kr5\ҋV\\6==c\\\i\\\^\vƭ1]%s\\6\\ZF\*\ZL\\\zx4b\4\\\(;NyӒ϶A\"-\\PFh35M\\\\.\ѳz|\^>{bO>mZz|*&\"u\5\nfyuݺÑ7*q\\[VZ\h,<\Z\\B\\\N\=g\6\WLTR!c\"}bNc!NR5|qfpQp-\WK\5\}`Y~y\0zˎҼ\\E8`\\p\T\-H\ʈ~SxAQd\9B\УU#\x\\	ec\\ZU֫,ӑs΀&TF,\vT,Ȋz_5Kd?|\2L`\D8(&^-Hh\\\<9b!i\h+Y\\lMh>XOX\w5R_FT%3\\۩X.馈#J\\9B\0\^\7\ZS6\h\\|L\m\"{IEu~G^@@猻ڑ\@MO\\ta׮ݴC\\\(\\/De<\5M\<d@H\[Tj\\n\\\\\3+\j203RY+\6ly\=\\LTu@\=\߽cO<V+(c\ֱ\=\[K`ޘ#F[_߰7o\t֦s\r\rbZI\y\"e\/\\1À<e\yh\eYOypp[Co x/\\9f\gN.\ǦZ\\r\\z47Y\\\\e5^-\\\x@[d?\ Bh\\0?dz4\\!2\\0N)\\W6\Gh\vv^\`\r\\ʲ\|톭,\P\N\\=Q\X\\\\Z\!1{!\riy)s0[rh_~}\\2\"{\7\\ek\sV̤\\*\\\\aѡ%nN<Rv\F\Hk.\\9(y#\+nrr\MO\E䤣DMӮ\2\\\0|j8\\!/ϣz!9\\\e\\ٱn\\Z\nN;n)S§dNW\	\\+\+\0ydOdRY\N4֘[\\ٚ\@b\+z\ZC aۛ\c\Cz\mrE\'m\\\\\\]`AJ\l\%ۧTW\\\롒\Y\Pei\\Xu\"b:+/_/[^ŋUb3̓:4\_O0EH:~\]C\\\g\$/\ \cys\0Ȇ.;٭ Fd8\KnvԲ\\4\"\Ћ\QL\sfV\g\\MJ\"\Ζ|R>\L\\\\\vyc\\Z3*\[b\ì\}V>8%!i{(t\:\?k_}=|t\:\c+\Rv\¢\\v\Қ-\N\\t͊T5֍<S%exo~0&(T\W\1q\A部LF\!N1\u6s\\'\\]|Y%i봩Cδ9R\ڕ?9Ǹ{\JȁK\\'`\l|e8\2\H44\e\\\WS\\^&^)ٵUr\׺딼<\LM[}fފڶru\\ܼ\{X(oɔi,\\r\|T#j`\\\Xj|j\o{\IYJGYTk\ںM!\_~͊Ŋu\\dT\n̤^=Ľ\Pθf7Zcy\ҹ|/\8uj\".Ly#\-L~=j7LIv\rnbe\_6	س\\Tc>Y\(\0\`+v1OPQ*HLP̓:\E\\El/&\H7\	R\u\\:9ɉx\NQۛn\kn\\ʒkq6CN\\Gw,=(\\W\\S}{\\m\pضdb`l\\Ō]Y_\\vaiQn\MTlIbj\\\x\J/\\ߜD8]85(Z\04\\էAZǽɪ\\kit｜\\G\E;<«g\rM\\]z\\rDOgU\Ak#+y&i;{ۂ\'uX~X!\\\;5(g\MJ|,thcnQgڴ\=<X/ć*n՚={\\\\r\\~\gV\e\\`\v6ۨwXL$=Jߖ2,0r/,V:\\\\"\W3Nx`r\)\vvw\^|ͦ\\lĴ[\0PA\$p^#\KuJ3݅z\0\\4\\EoR7Zl\ZI\vCdP0\ `EMe::H\\*4\r~8^ տ~\uŦ\\k\\	\۱v\v_Te\^\\\\\\\n\\\s\\=9\GƬ\0b\;;}Oڃ\\aNrdô[]\\\ܬMMUmWU\TU\Gc&zAI6O\J2\@㺺\\\\5	~WP\\Q{x,\0du\R\\\\\NOk!\t/%\=\ۡ5M\Kb${HA+c2{.\a\z\\	\?2\"Ы:xdyJ9>\\E\ژbn\TV\dь$y\1g2\\S{⹥Fc;\߷\I\\ꥋv\\&ޱB\TL\Z\i(xl٪\\ra9\\x f\\\[&\։\[ZY\s˔d\H\OA>\'\>\`O\$PC\Z\r[?`\LVA\n4\Q\r߰)u5\nm\SU@b\\4\\Z\+Hn\i4RCP\A\\-UH}	\\#e\\'ÞZմRE\ۓwm{&\Fͦglu-	zJcX[\\`h\V\Yj\>޷\\u\ʗhTf\R\l&JN/G\\0S\[c@\F\0 o%@;}^\0M8\'\g/\"CPR@0\\趻,=l\{%>H\\kW\M\'\)\\\͖\<\JՖWT	%Q\\?g{;\)Ԟ	ˊ;20N\\E\&2MXV\0\"_YBvr\5T\Zs\	\\Z_\'\1\\zePkn\w~\]nwoaw¶6Y>5r\\\X-k͠zRU/Mj 3w\\\t|E)NZ	.\@\08UL}G|!,\\\Ujm>;OlPP\r\9\ė@\\~PBmLiQ<\n%\ZmbhN,?#\\U)\r\t\3,{̍lIo&Ф\\Xbе+\n\v\\>U\Ɋa;;\\\rcNTu\\\_ŉ`Ei\,\[>i\rRT+XZ\\\9PN@\09|\%Uۉ\|\jܙ@|F\V\3ic\d\4VR\0\\pvIĔ(HPЯdG\ʄ\\\En\*si\矉\\01;= ~U\*!\\.˟\\eU@L1;.bM,3+zЩ\"or\&\\C\\\o}\ʹ\\s\\zn4Z\.q\U\ A[Tv%0\0m\/_\"\(K\\\ذ\nae8\gd\6L\r,\lgWM|`\ZlO\r{3h8y&eTLj\ɞ\)`#V9_c\r\rux͔y3[H$\0;\\n*TZ8l1Ua\\ĴO\<ƽN\5O@\س\'\\Om\\,Dui?\\.&\1\-\hn\\"r\S\c:V\\]d\NKYg/|8Q_\a\B\eo\%>P@\uB\\f6\\r;S\G\<\0ZIY?\z\K\>\	q9A\1H$իV(J\\ dS!jei{}p\|O|VY\s\ p\\"\*iwa`}0\+\'3e5\\mzerYϞ۽\_ڠݴo\6\\\=o\\ZB\s\K\Vi\3\\nP\nݔ\0;2\EE$ٙY[YYQϻI\\Uq\\pCi\?D&e\Qװ\nG!=`n;(@;UM\\&[Vwwwp]f\91PR;\sL.v\\Hw\gŨ\b\\\\'\Ho\\\\\ i\0K=2\%\=T\k6\Un\\\ޝ/ml3\A$P/NrD\)2e\\\+\{\C\\G\nR\I+].\\7.\\ʼ\:abau}L6:75)Md|rn\\n\kw@ح͈@4;\\'$=\\\"\\nrs^YUbhCRpUx\'m2gj\ފҾX.\Ζx\\\\.\\,|\|O²\/.\U_	9WmbU,&p\\Y[\.>\볿t\\\rɯ~m\ݱ\Y{\\vmw\=g\'GMl\\؀^Jb\'\J^\&29\\(\<]9{ZkW\\\M\/_\rO7,W*ZR?\^W^\)2sQ5P@\3\GzPz^\"!ܸ:nao\\x	8!^Y5\0{\rP\"ޡd\\A.\\Jr\)l0\ZP=$UW:e\RԠg	֍R\n:\ݲ{_~nϜ۠{\ZN\0ڟ4l+\qHh.\m@h@مy{Jb6ڠ\\+7a9(K#\o}\\ϟLVȗ\xX	$X0\#\\	R\NLhfd=~(\\\\r^F\e6h$`iS(aP\R	a3Z\ \\\[\\P0}c~\Z74tH<\\\Iqv]-0\t\N-[]Y\%_\\o\߰m\\߻k{ۛK\miG7\Z\EP.k\n]VU\	\\ΩjU?x\瑍\vs	]?^9U+3U\0`{F\Z\\_Z\\\\if=\	\2P\"3g%\QY2S\\:v\Txx4\\Ss\J\ӜM\\j\F\yTDZ1\\Q\3\>ܷ\\}\o\_>\u\Z\\\UN\^$ǅT94G\	m\ht3@EOKr}֘*\\\1\7\W_3͢#\2mv\<\\޽+Ln\e\lPwh\0\\\d\ \0\Ju% &,{T);B=03aTa鳨\:$\*F\$퓖ْI%-_\\ʊ-\\KWY>eJ])(D\xh\"Ey߭6ࡩ\OC|\F\gO~b+K\\oYݶW/\\=~x\wwj\.XF~=K𾸨\9PjS*סjh7_iiσ\a4bMurBXH\\\M>b8nׅOBU\\>>tS\&l\\P6e|<1\"\\}m8X\w\n\\=$Mk\̪\\\򶫫\\;;\3kɥY. $\C\}K\\.nf\̴\j[]ޥ7)Nē\C\nc\de\\'Nu&\\aI\Zs\Ⱥ)ƒ{K\f\\0Ё\C#vG3hp\\\F\\\\V\mg{\\a@<TT2]MkK\\˴\l)jCq\J\X\nH|\rmb\"~vvڮ^M\ҙ$Bzi~\=z؞=~;җL\Z68)!\0;\]BubR\hpNS׵QeitT3[X@:\\uWHy\d\q\g\\\ώ|r;\<F7\tޅ\\vzJc|qJNs-\)\\\P>\7\Ӷ\\c\Ok29Q\tg\~ڕKv\U\\ܰm	ݷ\\V;ܱ\VUF]baT\\\0łu]kۻVWli~\n޸n\\\\\3t]\[-2\'$.\,#\	Jv;իFI쭈\Pv\\\0\2A+L\'ϐ\\\d\\\S\&yzX׾\n\c?\\pS\9V)z\<\\0t$䭒gzd\d\2~\d\n*dd\\&)RBiZӎ\"x\\|v\>x\\vm2DJ\"|:c\$\\5\\OU(<p^\ItŃ\\NJ\x\&&\tB\7\-,)UppsrS\|JK\#Zf/W\RzO맅t\<=\*|t㾫>L\	\%ck4jff]=\b|CLw\Hs\2ɑ.:z\H\ŵ|eY8l.NMۅ\7\W\Ǧ\\HQe0\2>xmɧ\f=\qe\x\\\\_\u\\xɖmgs\Z+\\ҸvmvM\kVtBw\\\\.,\\4TK~Ѿ--\۫\\\/ڥge\\n_\*\\'k\29!\\r\\aE\|EB\-n\\Ωa\\sW\	{t\Nv\}=eI2j\0V)\0ճ*Z,\k	!x\I2Wg)LfX\q\	Q*\\\ckV\\\7O?|\j\YˬzNq_\\N^\~]x)=a܃mgqTnp7m~a\2+\\\r\ /\@2	\\AH\p	Px|\\gF\6))!KK8&*#\\nnznD\V\\\#̦\rR,\\']N\F+\h\,\4hy\|kv\\\\\ͅ0d\7 b\Bᖛ;5-\5,\"8uj\VWlb|\\\g\OƢ>\Z\\::\\m\|Ğ>~`\\Љiݬ\\̴pN=l0&\\\Ңk\\of_\u\g\4z\"/&\\8\\\\\\\=\?ꋕ)\%\7ɺ2$a\\\\;\K\\{\&\0N\Y\\0!æ\\\/5\-\\#\}+Px\*\2g\\\ɏ\\=\\۟Y\[\\\FL.\J\Z\~LQt<X\H\\\(K[\\gglyy\2g/\\\$y\,t<\n\\!CYL>5)\J\\DGMK,xΫFd9q9a2\\\t\Y\\Z9sFҞ{(.%v?Se\\JW{_#Sa{ r\\\{\'5͏O\\W^o\\F]r Et~JJuM  d	-`c U\c\\\\j!\\YZ޴O>\>\[^^Q\e\\rPݨY\\6>G\\\{\iU\\Kv|\ظ\/-\ЊZ.\\\+2\\Ɛ\0\<^cL\.\a\\F\!ÝJ㗳\aR\\\n]5\rf/=+Z OHB2\\Zꊄx?e\\\\\0>\{\\zf\#\C\0\\\@c=p0j\nRH\yK\\S\2^Ͷh\\}\/~a\_l\Ck5\3a[M\\?\g0\\\\C\EDp+2\+~DPѫ2:im4&8CL0?:\\ӆg!\\\3ϟu\0(V\/\0S\=nT\r\\\\<\\\\j`He\]\(`ce\\J/\\\\7i\\'z\\\\\K6I4ef˽Sa\T\@ r=`Qi[y\\%o\\=~\ljf\{{IUj\\'V\3Jc;sj\Ν;#lCmJ\ͭMD]|\N\F\)Z\4EI\M\K\\F\\o{+]~\cJp\"<݇)`\\\\)\\\\P/\̔d\WZ\?\r;\g\X\#F^:;X\8gl\!\\rz@\\\";=\\K\~9\A\"A4;L\0\0 \0IDAT\]\/\>}\x\\K\\RF7ݼL\h\/to_THS/	\\\G\\',׾)6uq}\YϞ=\\3~\Q_\0<%u%\\c\\VK2,\VPb\n\Z\ժ\qK\i\:7@[\Z\\E#q0\[^\\v\\ew\Fшu^f\\\(Xa㽪Pu{.3gOٸ̌GrX~\"!T\WKT\rѺ\	\\;\\\iYi,/Kv\I\N;ݬ\P\L\?:ٹi{\\kOW\G\0/\0+0\\%\\8(e\b&\*\\\3N\P\0\\Dp?;%Q\nbvL \\?\*c6\D\\\ZD`*\uA\\\\0Ҭ\\Sm\\eo%Q\\\B2k\\X8<;߲\\\\/\h[$Fu8:IWTI-\'8/\\\{\qgs\ց%Í@vl\\\\Jd7>|L\%8hK׫\Iѐt\lT\	6qJ%_ԝ\#@\'(_\M]Y=M\0\;6:M\\n\\#ɂ&$~ugf\\\\wkcGF\\Ľ\\\6?X#`\'kmzh]xA_x\+ElF\|^mH\\\63\W\\\\?u+F\\Y=)\$m	\\	EQj~i\Μ9e\\(CV!WȼzX\oe\ )q\}\\?\\\qtOQk\Tf\x^|T\01\k\\R\KĄj\q\\ZJ0\,0Sb/\3L\ϫ\/_t}Đ,\~5\h/q\YcC{f?ۿ~ɿȆU\c\\>\\\\/\Npo,z\̵oHqr12j\fS\\0\v~w\\\s*<\I \M\\'FA\"@^\ǔ\S\Mf\Z\\^	\\lmX񂏚\0T[x\lz#X9RZ\ҙ\oڵ\ސj\HdS36i7S7\hC\HU\u]0\\'9ztBJ\\٭O?Uo\rف\0D\LϚ\n\\\\5}nU\)[YY:5\VShׯ_SOiIQϲHm\\ràM\T#?°?\r\Kn?pvp\5AօpJ\\;SRl<\}Pޖk!bT\\/u\Fu>\9\̎+QeՁRQǫM<\>3123x=f\Zl\XΣ}\-\}ɧڭ\x|۲\Z#7sH\8mqP{1^á\!J\\ē]Ȁ<V\\d_Bg\+7\@6\\!6\\n|#$ژϙ\\4Zs\rss+dёBօ}qaA$H{\(bxEHprsl~-PW\\Z0\ʊ]}\r۩K^D\\08H\\(>Q\w2\Vf%h9<:qĸV><\=Z{$?\"Xu\\0koܔm\\\xb\ݵg6\Hgs3S&gX\]Y[9bVD̐Bq;\~YEk\h)k:\\~Y\rϿ\K\,vE1襟\((SD\\/rRpOo`\0\Ϊ\\lrE|&N+\E\"P<XSD\r\g\0\+\\4\\f\2\r;\޵c;[\\54\\0ujyE_\\0\z]!`Ӭ\u?\2Wo\+D1[0heZ\\\ѡZIo|gl\\*\Vgaq^/z{sS\\cA9\\\CVB	F:Q\nom\ڝTv\β?cGG;\G\\OZqǼ_\D\n[kl̮\\ڹ׭4`\B\raK\h!\68\\\9\׊\\oL(D%t\g\jS\<\\r 9G\X\'m<íV+\Z	}!;V|\\1\#^X9\\'Kd\'ee7_#E\j\MOHq}:X_\Ԥ+\vgw~p$u\~\\'ߺyR\gk\،0!b\\,x\H\N\\;klJ\\C\\n\\Z\5ǙJv_\3N\{2\Zju\\\w\?O\b{=(\0\Q@\\6Z~r\Z8:m ܙDn\ĸNv)\"\Q\\\ZRu\\l!}Q`B\\nz!OLk\S`mӛ͜f^<\\[t66\Þ;w֮\9:j_~f<Q0H\\;<<\n\Z;W\HʫC\\nf7\zK\Ҳuq3\\I܊[64z\?H^or˜\\\(C\x\^\ۃ{\\omfbFKS\\p\2\j4V>gm{\Uvum\v]\x=ݼ]|\\Y\eqO,\\\\<:T\0&Ӧ02Ú\̹6sq)*}\_^\Z5@X\Jv<n\ZeO	\`䁂#\ᚑDL\[)8~W8|\LTvV+jehI$\Sz#z\p\\	\뻭eU\lo{\\?a\]]dXm\38\[s #1\\\\t A\qe D\tF4\\n^^Zv>\_\	RDld \72Eˎg(3\"F\k\n\r\s\0sX&\f[\\c%\\\ƦJd\0\=\!29c\\'V\gv[8jqcYkӵZ\\\\\\\5(ɶM;,\y>\m[\\\\r8f\n4\\\\;sArGՊml\\\\\ZVvlʾ\ք\"\\W.\\ܬf0\\/\\D{^	Hgs\mr\JGL\qcs\0B\>\F%\M#ݱr`*?bTڧ!ڧ!nP?tb\@K\\$Pw1z\\n8E\:\?\'\"\(9\E!׃4~.UlQ.%\\c\\v\0Y\T\>\~\~nկ$V\\6m.|)\B\'9\sp\\x\\@<KYfq\dԑlKvt U1EB\c\\jv\\!)\}\`\\iŻ$Qo\\=\ٵXHgΜ\ͷᐱsO@\\RZ\\\=5\2@Pg}R\\\\\ܬep\$jViR\˓`!ډl\?\kW.\W^fK}yhٰ\>\~hΡCD,T*Ge\=+\h%U>n\\\r!v\kv̪F9<Ƨ\\\SZ[]=)2\ʼ$мNcdW\7b\Z\ZoJ[8!\\\ZjJ~)A8?B_ʺ_wd\\K\\`ׯ#X\(m}؋2Ę\0$uF+})SۏAz$j;ř\|\VTKD\\\\\O9V\z힕+чٿ\/\\߽gʾd\n\7{F/\zb\\<\	\_X\\Qr_̩\0䢖(sS\\\' \ߚqUuN\oLb4t<IکSNy\?8\\\7^Z,wm\\[.Q象\ak&\/\\\\\*du,\0%t|t\%\˥G(O\0\?\9\\ʕ0OmѦsɚ\#\G\_\.lׯߔ:?\:̥V\\4]-[cۊ44\\۲k7\\ʢ&&,W,\\3g\\ի\nʹ\i?t\+\wZ\\Z;\_d2J,T\\v\o\K\\mbD&L\P\\$:DOFkH\Z(FAtvI\%s,\'\)͇ӡҺ\\8dZ5tt\+c\q%Y,\3(\4Іj۳\'\\_\\\\?qc\rc>\\:;\$pΗ\zfn~ǛoAC0><\Fdj0u	\3^jFK3VR-dFy!.%R\"3^IP\rQA\˔xkkW\n:n\\a\ɋv\\%+N\\Z[U[4;\"C@\\r1c!ɏX\ʕY]G)\\K.؉\%\.\굛\}\\'\g\\KW\ڵ\4%V׬Y\o?\:V|h\MDu-_\\ay\VϝS\\\̔M/.\J\RP\\h$kif\h\ApHq2iĤ\\\ON	 +\6d\"G6sw\J~٠,V@\Z\\z	(2~KH\"\9F`\c3AS:\+\U-$;V\\Z\i}F\ 5:\\Z!Fq\D2a\w!zܮ%zW/\\ؠ$\e#;0f\$\\U,\Jh\7s6\\nH\v\"{46\01)\\\\\\\0\I\5A\p06{n\\\\Uzeh\\\Ԭ6X8pY<mKB\P6o\F;kMNѼ$I\|˾Yvd\\I\#\:=;l\\\\r@\\M\莵\Rl[U\9[9$\ɕ\l\AQ\o޳FngVO\\\\\_fٝ*\ў|uP\oL\0\\՚_Ykܰ\E;uz͖O\\d\\Z5V\\?;\\|A.\'\1\Q#\E\Դ\\\S\0ssJ2@\= ]5\\\qSF\\ZB/̂\A)\bd\!ga3py\\)\'\_nN\"?HR&L)-\\Qt]\0au;g\\\\Cٱ;_كݰ;\wp0BGD&hl\'?\nz\,-\\>7(YGlJ=\R}\0\r~!#Fz\B7(X(BaeV\"c%gq||\!\\"qB\0C<\7<x\]vݚݿ_=1A\=\\Ĕ\x[\׾-P73*oTnF/kհ\eK7\0i\fd\^y̜y>h.\\\2\\\\c6?5+qq~\Z\]ԎwN1ml\њՎި(`\\\\W\+v\u)Z\~q֐fJ#\\\O\|0B%)G5f^R?D.rz!uo\B#Rf\#A*\\/53ѣ\SX4>u\\v{9`Z)\r\\\8\\\ԥa<\$FeX8`r*5ت6Eh֚eWc\o\pwϺ\\(},\\Ey\ZH\\\NW#ϞJ6j1\r;PhʐSYAy,)yEH+\\\=w\\s\!	Ba\8;?/RJ[\0--ZkkTR\(\O\\\\\zC\\<\\"ʑ܈-o[9uI\\Qex\\fF\7\\XRVn\\eJBxZ%|>osv\Ă-//\dQ\?\Ӛ\0[b\'lz|\ff\ \\\j\\F\iU\vl\C;\ݔKB]\S~߾o\\Km0>\FY\\LR\K71\%zrI7g]\^	\0\\k7ܨ,(oR\\\\\sUCXZ`kH;AAL7q\"kd5Mz\E.K:?`H\\ū\At\7g\\c\k$\d\n\'m5\\?뿳\Ye@Hq.sW\9cZ[a\\z\\Iׇ>\\K9$b(}};olZ\J=<܋E\0q\nWb{\Y턂.\\\	$\CJ흶\\1=c\R;]\U)އ2\A\\\,\Z\._XTS\7c\Ϭ72nǽQ;*7\ڰJkU\\\{\"#Ps\M\\p\n,\˔\nd\fs\V\ZC\%J!p\_~ew>\^r\\fqaGL\l\\h|dĪ|\m?LkӳSʲ\\w`\s?Jb?.\qF^t\00\D\\\Nrи/΀>\6qcr\Hg\?N\\K\D\{\\Ώ簗3m*\|wd\\\~TYƾ2UYY8\_H\`\g&M\\t\g\r\\qkZDN@fֱfmϟn\/K}\3{\}H\"emߗ	$\C\$\Ux\\؛*3,9i+Vp\r%_\\(*\\%1}a\B\\ޑӛK\P4e5\65;kgΞS%}F~5:)\")T^xyPdЈ]}\\'bިMYޱ\j\kMfBޕS_\\Zs\"\Zz\%\0js6*\\\D>F!]!\Ϟ<_W\\\o(\\=\\n;Pf\B6cc(M\mc\޸i\ㆍM\\nsh%I\Z+\dX){	K +$Y\\r>#L\b_dGc]\+`/]|\g\]4L3<D\Q#̲\"<@ZQ҄lԗLM=_\\1\k@H!du$q-\0TbA(IT}V F\\01\~e\\0Pb-qe~~H&i S@\\n|X\\\/\\\\\\\)!$\Ó\A\\\\~KN鹃BP+\㢋\iv\\0>\|\\\P@\'\\\Z88,\	o~qɮ߸aszHF7́5N\\~+\<mf\	lze-e	a?\'*SqlՖk\f\t7|f\Hc\V\r9f \-qNh\\s&&V[@A\\Z=X\@\n\Da\\<[{\Aɳv\Zuo\ݹe[ϟ\\\}\Xq\n!ex\\,-\<\Z\с\5(Ks~Ȃ40\\*/\\rdf\6|\\ *;/TSPKqnϰ!7\|fLk֗T!b]\rS\x- 0:tC\nTq5v\nB\'{&H\%37nE {1<JPq}(\0\:xk\\Ա\\$\\\\jrT\aUU\կm\3jJ3[܏ƨ\y%\3L~\oȒD@Ρ!xZVG\+\\\\\.>79\¿YP`xCe\\\\W5:jJ\pAh\uȦ\b\y8\'\0x]\0a<\(nz\v\\\\r\\mF\'E4Z\OKU\\ZG\\2\uyw\Z\SN0u7\\\>\\\\\\^\[k\\y.8;EfЙm>{l[\\ֺ\\:{ʮ޼n\ikaFX\Ju8hM \Z@pڵmɸN`Q\\L\pՍ\\\PC\\\A>7OY0IsZ_V{*҉]c\F\>j^og,7\]^\IQ  &\Lu\rlS\+$X6XM\\1?^\"8k\V\J2\VR]t\(A\ا|@\\\\ݹ\\ao}n;i-E+^\m\\\}\ZwnO\\\X2\0\HٗM%/,\Qg03J23R7:\иX\'VW\\\˒dr$or\=$\],\b9ALo+9PJ\<~`Ky뎎\N\\\7\\?c\N\k\ZoцJj\(\\5\\"\~?b1eV*XVjufzʖ\ma~Vn\a8\vȝ>|\>\c%^t\&XB\\\ZK\c\ \jf;Ϟ\ۚ\2\oW^b/Il7+6:\&\rRU\\\SR(-ѹu\geø!\!I\0s| 皐J3\iu@\"\9e\Pڗo	\APuF9Q0f!Xlk.A\.|Ōh\0ҳT\\Z\\0\0 \0IDATMm\h	tq{\Ȉ:|\1\6\VcQv\!\\\X\\{O\>\\\rx;@78\-qI$9\Z@\\|\u\V_΅w\G\є5ujDq;>a6\\\\/,2.\lQ,ىUy\ \t	U4\\BϘH\'R\E\q7|\MnL\*on\\[an\k{\Z\4\\0=\\u!-\8·Z\r@u9ZӶ8\\\N>Er,qYIX2,\uW.^֮n\\\n2$a/c\vzkK\\ޱo\\*]D۵,.	\w&\\\x,vZz	W\D\\t\n\-ɣD\\:\\5C!\0jy\0RfBd\?Cpl륹TNlH\՜m.sx\"ѯ\\\A{a	\\Z}\o;܍%G\%=QU\?\ދqA ID\\]8(\/ڴx<U+m$߹u׾u\n}t˞>~,EL8\\\\\5KW.\%}\L\\%\ҘY}n\п\?Be\ZA\0N~L\pV\\^JSz8{\\?~\\Sd}\\\&\'hk{\jnX\n\\\\dFQ+7ްw\/l\i6!\蘵ȴHc\+%&-f#G)零\\\HSV\Z\\I\\n}d\\[ɱYS>|\rY1\\,\cF\\\\\u\GV>ܵSN\\k\"2(x@\(\ű\\Y젟\Uƕl({\D\\\a#hyÛ>\⍢WW)#vx<\e̕9*\ZTFdu\'1$$ԕ;\\Qg4a#\釂3\\\2\5s\Z/<^֯;8ǩߘ2\!iu\0q\sZ?H\\R\\\K1	%rдG\\}\حOn\\%-\1i(\'\H\\J=RxG\Z\mp\DJ\nbH1\nqr^TW^o\\\"\\~v\\1\\ha^Tzn[[Vo\1إ\\eIa4?.\9J\z\.\|\\\?\sɗҢ\YѱvaZ\\eFl\K\d]\)Y::\\6$k3-\>xv\\v;$u\H\\\\\hS*3\կtڶ=\;:ص\'\?]q\\"i<#\a\\7GT\\Z\YaB\u\y|7s_\=Gb\"cH+`LV1+ZOghU\Z6VS\QH\iЂ\'\tL\CO \\c5~H~\\Hx%n\q\w2V\\{d\=[>?Ğ>}e8\f}rjG\\\rof\h\ZR?T9х+Y\\F{l\=P	P\;d\\\0<N\"e\\ᳵ\\ W\\	\"vp<\2ӓ\/MI6zNR\n\3[\'gZ+W\\ㇶ𾝿x\f\lz>d7uĢ\5{. >6\N\M\L5-$`iB\w\\y\gG\\,5g\9N\O\\O^.\\ҜO\\]<ks\r\\[fΏ\0ܐXL\>T=̾(!=\	m\c[;\"%)R6OI\\\ \r8o\\2<-=ښ V\\l\\ZE֌נ\n>\T2v\\H\\'I\id<R6M6q8p7$+n;9\Dv.i6\\zw\g\Z\wA/z\%=\٩\\ܻ~ϿO?\ꭊumooyҳ\\\b}\\ׯk\}ﰲ\\\\\\\\\0\\\Ζ\\\ȅP~+4:L\Nh\\\\t*+R\\ig\\"`\5Kh>\h\iy\0g=\\\W\VZ^\\\Jb<U=\_޷O>ݻw\._d\_ag\_MN\^+۽{wt\0MNM\\ɓr\\l\?z\	XY=,\n;b|\>2\Ee\\\緬Y+\\̤};ߴKW/\\Ҝ\,[\[E1v]\%\ˮz#\/hrP(l\Rq\M\R(?\;\\\r\\\4r9\ZO\\c\2)\n\\\Ib\8\4\\R6\=r}P4\\\\PH\V\0H\ê\O.\Ȧ\\\'\x\y\\"\+Z*X\Q׎ڶ]G\?/\׿m\ljkt4cؼrW\'5eΜ=/Љ%rH\7\097: e&	\0e`#H?Q\u\F@\\\@wcuF\e\Nmb\ypTb\e\0M\&اD\.\ժ\Ĵ\\.XU\j\.^a?\kAG\\\ْ\Ɠgv\\'v綳aӓ[o\\+\3;7#v!Ľ\,\߃Ê=~T\Ғ\\\\\td{\\\Φ=\\Gꑯ]lo|5[\\Y\);ƈYb׃Yed!\q>gt~h\0P\MЯM*-M9T66\\\;^49\\/0Xq=	D\nRS\ZGiܘ\nG^\\IUn\*\ ,3̪\sf\&wVY^$$4^\Y64!i%\H^\\\|}\ڝwm\њvfsV\{\\eNX\aOwbrB\+e2\Ą\]F)dZf4\dWdX666\Ϭ\q[x\	M\y\Z\o\"E#\\\zD8\Q>\0wg\ERZF\'OH\.\\h\&f\ԃ՚v\\\r\O\rS3R@F)Z٣5\\[v\\m7\\Ų]o|\;o\3*<y\\s%CI{d>\[Z Bl<e \Q\\bwW86b+\'\\>{\z~J\x\ZYjai0޾\01b\0?@4\(@\(\YAq\j\\D@pcz	9\NgDS¿	 n\`;qHWsKmg/1a`\r\Zu\Dԥq\n\\Z\\\\\\\' \!c\v1>QNݔ)r7*\~zS&@6\q\1c}\i,\`pbs\>wd\\mn\\ں}\=u\ݾsO	 \co-2O\<Ck\g%cNɋ翨.mo},\Ï~\'E\\\WA$\x&O\\Xk@Ⱦ<~D1F\0>8v@\\ny#\\[\bi=\IƇ(`\ۍ\2^\\\\;?SkI>jg\	H*/\_\.].#iFTz=yTکgN\-\\\Ƕ!S}GQ\+\\o@>\\\=+l\h\\I!\\/^\R\\Vi\ˁ\*\*i\}*7\\9gHhzզnpUt\ka\YOCb!hw_3\!\92Bx\\i\3br;!\\&V:븗\$A+4\E|S`\\\\SfE\^:\,&ŋ>zi\r\\4\+7r\;\GY*X@+aia{il\\{\\?{w\ZV\){Tm˜;w\\A(K\\2e2\\AF\\n:\rz\\\ގzN\8\b,7(zZjXFomo@<\͍M/\\n\nX>Cc\_veiYK\ǭ+\nZ\\\#-\\koig/_\\Jn[[VaR\m+WYkih\n=9`\\\\\v\\\VmckKo\\\M\<!`9p\\=_<{K\\)Ha=\\ڰ\'\YG,;?\\\\_ury\ge\Z\rOՃ\\#\ԡ\E4Skfr \\\\^IYg>hu\\ŀ|9u\<I#<4e5ك\э\%4+`W;ОA\\[\W@^A^#\\TZzV\r\S\\Evb!&Cb6`M\q$\\y\?\\02;t\恭=ڰ_>>L\\r\\LeZ\6Μ>\;\\\3\r\B\$1y\Mfs@ꨌώ߽{[}\\ri]WL\'6\^F\\'\\\d{g\6w$\n\Z%2ٙ\>fd\\R7\ue\'\gg)G\Eo{g\\N_\\\\\I\ \Z\\Bzƚ\\\\Φɔ.f\F?վH1C5\\a\@@4ռc\\;\Ϟ\w:Ƌo(!h\A\ǎ\'\\`Ul\]k7ʖŇӴ}\r{\\7e)r\\Xi>\]>\ \pdZ\kJ>\\ssC*⼦\QnNd\Շ}(KI@Ԡ}q,3\0<#*eIɪi4i	{)\\\'\\`ii!ŝ\eY(\Jhm\h,%Ze\\h\\\\rk?P\ƹ{%\	\\ZFӸ\,\A{\DH:C	\h߲\'϶\\-so\>\\\c\\ٲlhߞenzG̍HV\L:\Z(kk\\uk6}FDr&,\1xY#=m\pZ(\dXdŽx`=\T\L\"\Ţu~\奄[fĊxy\6@O% #y\\o|WP0 ೄ\2\*/Ғ\\۷\[Y>\Bց\ʛH\φN]{\dO\\\gg\xi$/҅jh\E\\O	i|\~\RxG1yI7š\ǀxNxy\g\M_8\y\6蔁\zФ4\n>\\eI\OtHLyR(r\s:b뇒T,=)h5gሽ\:å2D\Z\\ڥ\Jr\樆fY͞m\ڳg۶\\\|񅵚Ul\~\\\0h\A\\(7\\ǏsS>Nd\\ohоQOjܼ S\\@#%a%`z K=lԒg~[-頵\0X\\`!\ƁġCNﺷ\H\a\ed\\\\W^z\\\rl\\uy\n\5;ng9Ȕz<j\	iT\ZSO3B|hc#f\N\\Ƴ5\\lo\n\|\~?҄UC\6R\\\x,K\^ L\^\A0A\\4AkPL~ux]N\\t\Ŭ\ZB2\\7{[\01x\2fmĪ`*\\\LZa\Z%Mi|x\Й\\(\\ngy\53d\n޾\MR\Ғ#Q*p\|ջ\.K.!%ZJ]W\Y\\\d\ܶ\]Z\}[i\{\6&\\"@\|\8%!qlؐM9\X,\\/TFHU\U*\\jF1\(\"w|gPnp\'VUfuI\\\\4N\r\\	x8ȵ*\"\dNۜ\\\\k,\fWlrz&4JZ\`\0\Ey?7;|sD\ryL2V(\̜\x\;}\eG9\d;%\R$c̭;z|ͭs9y\hu\5Ep+\`ϊ+\\䘵\e\\\\\윖ix\Z]T\x\w=\\p0\H@z.窒5Ti*S \M\G=^ʘ\[1#B\+@Udo\'ڴ\\EϺ7=sl\d\]7\!aD\\$|l\\0\Q\\0ôMh\I\\*%=\De\\\6\l\nKA<`}q\bv\D\i\\\\Zك=\ܳ\\\\?g[{\GV\P\"lC\	y\\/2o\_R>ҩ<\o(G1I\z\fj\66\r\=fsAC*Pc)eY/\.4\!\FܛRx*e7U\jy^Ź9\!2FXpv,\oc+/{\Ō\\\%UZoJGEb\Vf\`\R}h\D\\4(J=lϦY(h\M`Ѽu,eٞޘz\n@x<&\\F\\ZCک$4\v\8E`\0Aa8\\>DؒrB[#K\r\y\s:\7vîT&:BQ\\jY3\$* x2\S_F	̿]R\'\$\e\:BN=jr2۵\\憀\\D{\Ih\8cF\6lc\\}j\\O>\\+-,H073\U\"0%(	\n\0&wOw\Z.[5UV|R\\%\r\\SCJ\\_\h\\\1,M[\"\E\'\rp\X\\^\\3g%\r!l\>BfdF.=IX0\+\\ث\=]X\Z\Q\Z\Y_Yf\lev\J\J\rk̚}Lqc*#G(mU\n:VINNelg\\z\6`m5X]$#C\֡)V\R쫌@)IP\Y\n1X:DT\\0Ldd\>/F/Y()h6]p\n\\=x8/`zv\ߓ.T*\"8\gs\\\Wx%$^@KU\`ݟs62\\T\0Y<Pl\S\{_\Ya{{5{`\>\3\緾\R\\w\'X\b^4Y\0%@\#\\}5ER\0@vC\Z,Jo\\\ B\h2۳n|\v5\\\e\,+\\\[bM!\tm)NnPH~\mf\؇C\\\̌p\n\5*Hٜ\Sd[nl\^{\mZ\\Z@\\ű	ʠżcx\{4?\\"bM;N_|.kǍC*\\dIW^zq,E\Z$Z2O\0(\\s\'IB \㎮)%7Sop\nR>xxw2jȏ$Р*Ը\8Țkޔ% \tT\}j\ZA\\\cL=fYx9\^\\z~:}\̳\niQ!\W7\\8;+\Nͮ\\@#\i\Z(\c&\\c8In\:6\"u\zkj\<ز{w\\\w\>k,GSIĀ\J#)h1B\\\jn?	\r}s\\\G94]սf^rU\p(עd&(	\a@?\G\j\׆\5\kEs\9ex#Y+\HXz\n\JkHt&&lrj\&gmjf^<yn\\q\6rJ6;\9\#=\\'(\;)@/\\zQs(\V5[P^syˍt `,]\\'g\({apz\u\\\\:\\&\\F\׎3˽M#L7\6\4\9\Ө\y\3IL\X\ruwApDD2`\EIL(@(\\@3\q@<m\\\\p7\0EF\x\LyC\CJJ]\U2\|t\5P\Dt\n\E\oյk\=Y{j}ѧ?#q\x\z\eѣ\b|\"+\"Gʌm\+42\4׌D\m6kg\]\Eu\t;z\e*%\ԤX^ťp\ܹ\'\n4=\\.9\k\7F\ƕw\tFc\xNTl\j;z\\Ĵ\'\\iwiV_%\X<XN\#B\ݎu@/\z\6j#ȻtM\;\ʻ\63>j3E\WZxU\"\1(YEx-\\\Fɠu\XeRJM+:sG\ؐD\'\\MR(7,\;\3X\\%z$\d|V\\"\\n \\'	p\/ʨi\\w@70\r\0NlH\0\0 \0IDATwg\\YFB ̠c;G!=S\)Ǆ8&\A=N/zDJ^m%\0Q([\\Kqd\SKBn\<kh\\\s\/\K\\XW%>\\$u\\r¨\7\S7ncR0֣^7;7\#\)ub$ws98<y&GWcdf;7U<\0涘+X\\\\\9)\S\)Sf\@z1\X\\\ΜE]\hѪ\\J6j\i\Jלq\nYbi&\\&N\1Dmcq]ɀ\Ъj\331&\"\EӀ^ق\#%M\2\n\0sN\0PS\.\rcr\rN\&\A`\l\\Q&Tݐ)\%a*s\JM\G\":%ǳςYO\H\` 9\\Qwx?\\\\\pS\!6:X6bV\\r\q\Rߊ\O|Jm\Ke\V\\+3Y$\m\\㵧\2g?\\E\tᆙu{6j;\bJ$	.\\nP\03=vܶ\}ssV\\\K\x\T:B\[^2\m\\\\\.Jh\т@\'\\\t@B%qn\v\\ϟ9crڲc%;j05,j\n\r^4H\0.,9 7	\\\0Ԧ-Fx;\"\n\\\\\6N}t>\q\\Z\rц\%\\<#I0#\ft\'A\8\Q(DKm\n\)L\\9t\\\\|6bs0\IN\Oy\\'e/zȊboŮoRps$s\aY\0(Gm=	\>Ihp\\\iKN\"\`U(@rѡbAq\n\u	fn\\\0# dj}CEg\hmob\\Ò^\ɲӳ{\Jp7QQFst\a0k\\d}<YvUZ8,\\Q\0h\,]٦r9͂\+fy@B=Y\\p\\(1\0V:rEe\B\\\x	OuK\\\\\\)\CU\=Y:iS+ֲw262>i\\i\qR\b\\\"G\ZbQFe\:XRqԎ\J\r\h\QfS@|\\-p\h\rJGe90џ)|o6\"9H\\1im<@SB*\١\{\\C\h\(\H\\<\u-\82돯@\i\\8m\$I\\n}\\7u:bT]\\\\0A~\A\8$bJ/!\^\\\l\\%\\\\\w;<h\Gݲ̏~ɜF\D)S\$`њ\\\N\ZQϦ\T!Az-Np]*ܳ\ʔIZ>ֵZ<\/\qzjid2* \o=;m{kGK\,\ٜf\698\f	djzڦ\,MFn̦\m\\EˍM\\QMv\SZ+\N\\L#\\BBIyߎ\d$O֪\qiScrag\nQ\Eb\\1\\Xc{Q\\7\1\\\'3:Ċc~\S&r\1!G\\qnH<kU U2\a@\\\\>/\\,T\N\\TOR\NyH\K8ӔZĐ~\D\\\\\@_\b<އ\e=ncG08\##\.*#Ax\\Cԃ֌C^%r!F<;Us\e~?V9E(\0%	\"\\Z\M*\\yob\GFi5$gf\j2]hqɬ-?\saf샂R9vlwoO\u*\P\q\V\vmD\.\sKf\vm4RZhdk336;7\\\r\B361@\rk\\v\\M[Z=g{e[\ڳl~B4K-b0Ҋ`,[{\)=\;Ħ-Olj\zYԵ\iz1봛ʲIiAA\ı\y#Y\G;-W\0\B^#Rd!Ny2\\i7\ncIo^\n%~\ٟ\F@)\edY\C\\w\0\6\J^L\!`]\\E|SL+n?\\!%5]\!u\h.\.\]\'\8{\\_\\N\Ъ8e\Ȼ/KH1Qe.%\\a˶*цe\_z\\c.K \\\)\8dNȶPi;\(3-HdJK\\\gN͡ɉ)|տ|^\y_\\˝q\'+@%wQ-\\\\ܵ݀	p{b4.\	[b\'miqNv\YS+v\k6T\\\iVty;O\Ķ	\8CV;u*\UˇV\̤MM+#pNNMXI.g\:$TȦ̱;hhg>\\8KXhm}ҢfR&$_\Ɲ>\s\=;\nڔÖ\"IM\9d\'׷\\\	!.	\G\Zyyp_~\|\~m\gN$G\\R@Q\nAVGqT\T1\v\HZDęVl+ǽnf\rZ\\li\\v-\\\\\\~(2KG\bK/\Z\\0\nH	Ȓʉ\.\\ȔT\v\T;G	\CQ\\O1=\\\\-줲_\}3\\r;:(kD,q^\<\\\mkW\\[u_}C0\\.QGT\\\p?\\\\3v,\Ԝ۶z\usc\\ڗ\\m\HOLYa,>xWq\"T@3r\X\\\\r\\&\\nYqO<ԉ:@\\\\r\p\AXqY2\\<\0*F	\{!~=\V\Z\B	aEG=l3(y\/u#_͚)|\'7(B09=7\{d1}#\\X\\u6SU18w7	\_j#/kEH!_\U5\X/\@\Cؽ\8c͖Yڳ͍C\\\~\#{:h\y|~sc\u\\<yReq\g\\*;pJ\\\1\aArLvE]2]*\\ؘk@\\HcdF\>\T\Z\\\\TOʪv\ѳGVm6䊧Y\\\3\W\G\+yˎlXK/\\\3ʍ\?^ZJSb廇U[{. Xɒ{\h\g\I\n\\a%S]hA6deZmom\\'\C*\+7^\'\鞕@ڏ-T\8c:\Ҕ1=5npӧa\+\\\\0уQ\ x`$ɖ\ɖi\\\'\cc0-5l\A\\Z\Z[6J\\=#\kW	\\=0j2+׻\\K0\5N1sN\%\'91#i)p\I*5\\y\3]v4\SIx%(NO\ɓ\'\ܹ:\i\Nv\tеkRN2G\r+Iv6\\\\z9k\U0\~RdRi2N,7 BțR|TVMm\m\q\vL7es~z\\<߾U\i|b\.^`+\'$zXm\\+\9\9lXyo\\\\y\ƞj\: \YQ\nX\6RFy\Be\\\[ثݴo|\-xP-PQT\\[*}\ݟV\\/L\'F)\WC\+_~>8\\\R\Lܿ\Bu`\7\c@\N,\n>\\n\\\I*\\46tx1r\}`t\\'$\OmQD\{\0^̴!cY@_\n\'E\\r\JP\l;:*\<X1|\4\զ\\XegJ=@S\.\i\	$zϝ9 \\\7\i_hLiDDv$s`NK\-/\\0]<6\߹\\\ڄa\%\\ᥥeG\\B},`\Ѫ2T6\RH\Ơ	\\;!8Q\%[^YمY\>Hd\nv\ګwӿ\\\=\\ZZS*`\07\{ptvz\\0$t\O\l\\۱=zP%!\\)r>q#_r #8\IȦI:g_u0ݜ_\Ƹ\ \pV}aңx;DZ\\$=\ K=~\'A3&\\@wPCS\N\^Pi@A#Pc\L\\\n9+r j\vhz\{\Z\ZUI\M\*r\짘-b\j\\ݤ\\'\VF䙉\1]=9t:\ʆ\ܬn\"\0$gff8\Z\Qd5Y\0\n-\4\\ZϐR\BrS\\\\O\n\-̫4\_B\apf_\0\6\舜ܫ2/W=v&\Z\\J\E\YT\\\˖\\\Xݣ61h\_]\:\8\Z/n   m{\͹\5%F9̾f7\&G\(\\\ٌ,Ȥ.\n\D_\\5%kP0Qli>y\G?~\\\\\"!ć/{y\\\1P*Q\\"\\\ϸS>\p i\5!ǈ\s\*\\Cks\$Z\\R\ȊD|0\\L7s\\{0i!\\gG\\\\\\\\N3\ bh;4VJtϴ	\\\Y\Z_Sl\#\q\\Hef\&{\\oǙz\\%SPd\}N4HeD\*]驩U\\ݺuK ul\f?}j\.]r?f6Z@Gɹ\YtSuv= `,\\\\\\߶f$\39V\'X~lT;v\)[\\\(A9jg/ɧgn\6\e\֖ZɢR[=B\,ƧёbJ\,Q%\cÁ yW\ȤNg\>\pH4,Дui1\\0G\qxQA\?\t\q\N_LĉR)kD\*6\\Q\|_ħ\\G\'6\0o(ӝE\+p0\KhyV\I\`\J\>\\J\D`\Sbż\\A\Jߪ\\H8:D \	\AObo)&hm	A\\ d?\32-#eXn0F\c\\|p\0&\GɂAG\\d]7(\=(\\rJ\\\\\?Wj\Xrn{\v\̙\v\\Y\l\4\(U\g\\\eR\\r\x\K\v\Ĳ~֨XݐL*3KG\$\B\0AHk\&gmny\\n\6b}6|\\ZݬevTk\ͱk8\'mNkdu\t|\\Nn\<(9A\Y\wO\ãI0\\n2\-\Z2\\\;:t1$ \\k2\0u?E\H5^θ/|sdՔeUr\R8%At0\9\b\\\5\\'\8\\\T8\等^06dI\m\\\'qP*\\ZY<uփҧQ\\x\,\Zr82G<AQ^\']fr\\j\EwmԪ\dDhDђRHH\/\Q \O<\Mͬ\\23`gΜс\\n\rz7ėy\ڶ`ia\Q*\\\\]\rZ7\\\(gJEu\p\GcE;y朽VGf}shF<\\vz\E\f\V\sx`\"{Ͼ\t؈hCĀ8zib\\#f7\Jl\\p\\\\\c!\l\ZC$~x$g\\6\7~ç	3\S&y(\k\'pN\R}_DѠ!J@G\[I\\"P@P_Z{\0K:\\\/a\rW@&,a\:FX@2˖$+L&\d\݀m`p\KG5ͤcJdd\\@\q\y\0דT\\9=)J?Rvku\\Z-@prq\SJk݋R7㡀ݝ\\|S\!\\\>}\mߝu^3/\&Qѽ׭R\\%\\ƆM\0\n\#\\\\x\h8\\\! ,<YK򶰼j7^\\|ۖU\(F%\\b@P\( \srGԜ_\=~;\\nX1qveV\zNONIi\\\\\r\k]Ȇn~\zF\\p\XLhL\pi+bR\b쒂\Ke\:%fZ\K\\W3\\k[	\\\r\0\I-AJ\0Q7|!\\\\Z\Ͻ*\KcXO\0\\2\\)\\\qۊ\	H\'\\]C\\J$lʺi \*\tƅ\rp8\	V\m{ߕe\\yAb\KleJޝ]\|\O,Ob\'I6SlzzJΛ\N\#zO\\s9\q\\\E\DT\TYySbdI_\n6Ɉ վQs\\i.IͶZ޷\.g\*K-8!?\\`M\;?٥\\m\Z7W\lޅ\\\u6\n7!(u\w;\\\0G4/\|^R\hƧc\<<oY^\p],\ϖQp\r%\z$M?\_d\})}\jzO4<\'}|\\\RZ\DHby>\N\Y\	N#&%\Eפ\\Z;P:{\̷C\k\I4\+0\i<\~rP/}\_i\\rမt\r\'\V2&(d\M<簞g\Q\bϚ49\0Ն6^x\\ci58Y\n\\|yi{\edNO\He\nr|mʑ|i\0I|Q\$낻feѳ\Z\ng\rY\\0G僒ta~^|/&\\E\m\on2\{Qvpz	\ZX\\Z72A(yNE\cV\`H\\(M\$M\\\O\\\\krC%qZ\\$\R&Ky\U\0x`\)\}/47p\"$wγ\"	\\\E\ɲ\\D\Z9\+oCoq\iMP\\`\|\y9`S9\ed\\\\MxG\EM3ՐՁ\\iΩ;vN蛣у][3(,\"s\rB\uk5\\\nCk\.eaJ}\\ra 6\ҭr5aHP)3+6/\r/\l\p\;\0X\\0r\8G\$48\~`&\\\/\٬\z،l!uc \$AS\~ZX\n\r9\q|7Ct!OD\pd3ɑn\\Z\L\52<o-\:\:8Hr \G\\6;7ob\Bg]c)9\9\(]v\\\Xqr\\x5(NƜX\}\c#x	,-jmo\\wſ~d\ݬ׎7@%i\@TPUB\ߧj8\3s\uTiz\sΜQ_\4%܈\)\q `\|\rM\>3n쭀TM\n\\gаs\>6\S\\W?U	\\zA߯;\G6Ft\ЄkxH\Z.E	\h1TǊ\⢄\2:Lg\=\\A^V\: fʮ:=P\\rmu\T(\2F\\nXQHޏJZ\X\\<<GJL}`[@	ɡ~E\\>=eP&Z\0ux.\\nQ\ru<lG$ZX-\\9\2QpT\=$<G\/1e#\i\r*\S=\5\T\F\\\w:CB\ʈҩY\xΗ\ӧ߼*>.za_\nO\Lj!w(96%9_\x\*;#S\LK|w\6?xkM\!2y˘2SX5r\P\\\(`}7A\\;*4I5fP\\rq}T\0\MfҠy$\\\\\fjeU\㉒\U\M\\0\ZT2HHb0\#Q\D!`%hU.ǼG\2B=Kfb4P\TihǞ\\@S\6tڇ\#zئ \}\0\0\IDAT\n\8\\Z\A\SK@\K7\]\UYwv\ǵ\\\\^^\\C\0W:\\Qvc\\P\rY^}SN<ࡿ\Q<\[\n/\{A@yX\t8ao\=:t\Z\\ZP@|(	X\9\tq\\\Z\*Sx\ͭիͫ)\N6\P⭲l_\"h\\\{r\\_\S_s\1m\\\6xPb\\Dx{\= \dߚ~G͐BMJ+팷b^pYWt\\'`n\_DF*UY\\f\s\'7\ʔ`wו\62c\#\\ƁdB\-$(L;ls8$0dS@&/0,gu\nW1ГZRLeHq\(#\Zh-e@*!E\~8\\J\\\\\\\\̶9\b\Ⴧ\\	i=|{T.\\\bu]zw\c\(NN\TK\0M=-\v=Z\\>G=͝;\x\ą!XԓHhǏI,\7VJ[7\05\n\\004\\9>+n\\g\\_-OYNn\*}q`]\(\=p\\*Ufas\`\|ab?	\b\M\kY(LlJ\0g=9^=cڒV\iR4*\Z\\֙}\մfd\0	n\Ty\Zm5F\识Y=^J%H\\n⣥\E¬qbCTa\\߷\\*\d\ȲjI,a\p6\飳^n\u\\kcq޶\*7I\LALk^,=\M:\tmW\<D}\Ky,+w6\{{\ZnW\\T6*\O>X\/gW\z>\L\\\n\\\j䋻\\\GÃK|v|I\Lf\\Dh\al9ی\rW!؏ɛ\%\@\\W\biMr\\)\\\\(\U{\\} c\\i)\E)l\T\\wMoKT\\|g\U٧\:\u!|/D敹|>\yr\̆EIe\ܩ\ZVB8\,dp\R\\fI\ߤg\r̒Ж+\\\#/\r[\0$\ܱTe\umAȬv\2eOӉ^\@\,? hl\"`\#\	琧R\|</h\W֟ +uMsk\y̨R<yO\\~7JYUWv\O\\\\`f<,GGz\\r\\G5\z\7a\r2;(JN</\\"U\j1\\6\\		\~(?D\YA)\\Z\0\]w)U_\\ad>\[-8\,)c,\Ai\G\Z\We\\Z8!_a |SAOP~!\\\n\\7FH!c4/\%\2cv\>AHz\\Y[C\\:\\\&Z\Uz͒Qy5pk=\\b\\wy/\\i\т4\bp>UG\%C*\Zq5V\\zl\n\Z@a鶴\̠\F\\r\.m4R#g\q7t޾/,튰\c\*\ \-9Gtɮ:!+>O\\[lj\废a\̸ny#ET@r\\AT9}hE_03~CL,\n\S2\\MnW\\\H\\\N\\nK\\u`\\0	 ƌׯ˛\C\\\\}\a\\+nZWs\'g^).ݬm\[\nl\rS\\/~\)O}^.\rr5Q\h]Y\n\ZX\P3XB`\5Nsz<4\ైK4	X[ŢqP6,8\D\ԘɌ\̲\c6h3#7{,EY؞0:4\\\\Qq۬ņX\rM\\\Tm\\[ʏ*\d\j\D\\j\q\\\GEPx\+`\cUĞ\\\#\T~o\Y\"\\\m.ꀥ\\K4F1\DE\DV\0r\08\ggl%J\wO{vw \Z\`>\0%v\">\&\"YJK\0+F\\nJ:V\#P\mXО\0Ǌ7\Ψ>`+;3i\\r~~!1\Бl\gY\/v\"Nq_J޽Ջ˫\/~\\O\z,\1?\$T-HN\)\rz,&\\;8\\eS%rQ{rVՅ4Fj^<Wq\e	\L\\Ɖ\듞rHv\r5\\|+\rgXT!䗢\%\KwP`7\\'=\\?\18	\\6\npII97y&±\\C\~ܙ\Ӟ\|Z\))6	Vg\Vxm\\\==*bWT7(Pq\R\U23T\\;\\\\\Ys\\\TzEJ\\d\"5Hkz=ژU6#5Q\ȣf7<%\B\ٴt{z\..\\#	\DDy.\\\k\vxa.y\pT޾/M\fRD\	ŃF#\0[ʯ<)\ŗ_\@,#!y\%F\bM\C,\U\CDokA%91\H,D9\n,t;\tjzM\\\S\e\:`3\\tL \\n\{v=DG\`ͿoHA:&ʙ]]ǰLP !ٶTqhM1s\\`CJ1\\r\\\|\Z>\\4 a}\iPg6\n\n\VEȞgV\r\=cH\UB|\AHR-	|\)0x\\\"\\A\:\Z\DI\\\\\tkd\#-\;(pu[\\9,e޽>T\\\tq/o\fH\J\:btiNJt\Zm\\\\\vפ],\\٥ljP\w<\M9\hgS9e<n<{\\egwW\\\\!=\\\҅zi\#\\"ڼ\\\\<\u\Z9S\f;._)&\f\\4RfV\o\}\B\tSQUS\h\Cp\qqXOlUE陳m\g6v\Zɤ\g\w\u]\\\v>\\\\l6T:$@f\\\t`\N\r\\\\&\\1_*41\r|R\T\'Yh\k\X\C\Jb`cq\\Fl&\\\\\0\0\0\0IENDB`','2018-06-26 14:47:03','image/jpeg',109989),(0000000011,'PNG\r\n\Z\n\0\0\0\rIHDR\0\0\0\0\0\0\0\0\0=vԂ\0\0 \0IDATx^Dfeu{v\9\RDĒ`EĈQFѨ_l\G0Q\Ŀ	\@Dc/D *Ea`\3\y\\{\z\p]\\0s޲g=k\\\\\\Z)\"#\\SO=^\`D0G)\rexa(H\U(\,D4\PE^($؎i\ZfL\'S\'2\\\$\"cS<\!\b</0,\\p\"ǶL~b$W*\M\0,K\a\%\\n\7m\'&)ՀJ\ɠJe\q~\V:\9\\5\Big$\:qi`~f\u)K\p\"i5j,\%R*o\\>i8\ 7\VSKknLB\DIiDQ\z\؈~Oeb#\\EFh\$SJ\ސrtmf*\\Vf\\Z\YN\9\oS\\n\4\q<\ò\xUly\h\\v\6,u<d\z,\\\K<\p+\(\tTQR\1\\R1JҠ(\nLe\\\\0-\ϖäOW\J\9\|\neP6	eQoy\YJAQ\גG\0#+0MД<\Q¶EYf)cP$9t \ZX7\5,[aڐJ\s]\8A)H\}\_\=l\Ĵ$M\\\8&Q W\\4\s]gß\8M\{D;Mӥa\eˤ\&\=\\\\c\i,!\*VHҜ8N	^l4\nq(Kp,VB\F\ L\\LG\\n<N\1Gj\D\:i!Q%M8\j鍓\\!0\\\⠛1S\\/!$El8NI*,41\u/჏r{\|m\YZi\G)NhA@\\\\\3>>Π; -r\B\\\S F!+++8\0\v1˜,\rO>Xֻ\"N2 s\\$\\J0B\r}\\q뤆\\~²pP:˲$\P\nӰ\y|T\RU)JJ\\rVaJ65\r2)\\RdQZrn0\RɫJdJ		B\\8)򔛾\ؽ\q\nea\$+\\8v\ \.Lf\,\\̬P\<\"\"܆C$*\\Haz\"C,~\Iz\q;c\m3\\C9dyBŵ1\RrNH\\5\4=\zO\:X\'*{\0\'\9u\qiR\\\$Ei8$Q\\h]h9\,eeJ\\\a\\[(QyLF\\'\P	VB^f\:䶃¨yj?Y{x\r;RT\]E@L\\kG\Kw\\t\\\00	Óv̱TFDoIyt{]>CԫMCE4\ZEc\6\^\qQ/:}ӄ~8dbb\R6\2]*\\\aG<,U:*b|JgO\W0L*uV\\D`10)	9	z0-9mB27p,[9ð0\rB;\ĶQ\e%y.^p\w>\هU6p=D1H2\Z#Kxk%W>\L*K1\bJ\-\*Q|\`\0q\hm$I*N)\"Y<`\\?\s\4\\:8&eU\r|\\U#M2\\[\gH\"+\8\Zb9矼CٺOZ\P\zJn\dϏUf\jgZd&8I˨\S\zA\\\!s-\MJ\b$03L8(9O13@\TCɎi_\l\ Z\:\`\IR\2\*\\>d3k\&h%I\"\aQq{|\ՐqDDDqz\)\\\\8k\\Ak>a<ǫ\ ^	\,ZV\rt\\\n|\J\9_N*L]\%ˆ\\S\\i6\\\\\"S\FGG\\\\wtĉ][gMlx?[\\Z\%7}\P4\\gh\\}ӇԚ8 Fx\K|La#u\~-c\\U}P3&UP\{\O\/p|\\s02\"\\'i\"\x\vѰώ-[j5\xc\mw\\\\W(JD)\\Jfs\j\&W<Ωgr$4$ȋ՘\f2\\\\\Z\R\td!5\5|$1\\\\{\d1[k\')Y`\\G~dv*H\$\)\\\M#VWW\j\ѐ\aae\\dei-Iʰ0,u\\\0Dc\?`i\!{\\O\r\\\rj[cϷo¸v\\_#\0a=*Z*E\vۭ<\g\\Ӂ*Ҫ7\Ҙ$臉>94up\\74\\:]\O#J=R\#\'b6j\5,Mp+-Mՙ\Z#oz-\Sϣ\[\%4AY\\\0\'8p\\Uyk>\\\0؊nQЋ3r%	@|8\Ό}\\"\\Rl/ѨUy\\̝3\ZŲ\J6Ǧ\\\W\aĞiMb>Ff\CZ11L6|\KxY\M\r\L	djٕ\\\pXUeS\_>?jWY]Z\w=K%K0\rj\ZMV\RӄvoX;a-C馲H5d-*\a	\\ڬ\[\rqH㟟;^bF)ZoV\\_\$\rֶPf\\'8\\?YΩ7|\ZVaSK\:U>\m\;?\OmjN\\ܹ;3.\nn\\\\`[G\򴧝\C3\x\Z?6\9&\{\DɠA\:m:c8>_\\"})Y\rfJ\\Z\ܿ6ҒzNG_&\u2O#-=2\#\x\rߢ_?ހ2\+9\^u\\rЍQd$QH\\j/t&Sqj\\\r܎l\njU>\1Đd\\O\W)\*#N\tJd8\5翘f\c`n\r馕$8TI\\\h\\\\r\\qA,8a\\waT\.+5ƃ.\jN&tVW\Z\e)ސZNdiFJ\ݫ\k\\Z\c-\\\\\\P\n\l0>l*5\Rp\8,\j^|\Xe\vy߾jmOTҀ=j\z	Kgl\\t\e\T\(\\3w^A~饬\M\e!\\/{_\\\\n%\Z\n[6m\?\\3.#~;$)㳜w\ݜs,.ձ:\p̵L+r¥\\	[\\4s\P1YXI\e\0\Xl\\\ΧPI^\c\gd\+\˘fgH\Owӗ\\\\txvnoTY\\O7ƃ\\kuFͤ^Is\ \Ygr\x1\G9\\i%x֩)F\t&t3&\\T\\\\ϣ\\\\+|\[]\\}\n7GTo`\\N\\\rd\\T#a\\\>\Ѝz\~߯K\ЭnA\A6Q\4fmIz]0\\H	N LM\s6c&\9:P]\·\\\X+Λ,G֨\c[\\j\s_Φ^\\\\4Ɩq\ؕIz\k2K.\\UU\\@֠\K^+귿w\̸ȟf]\\<\\J\⾻\\\$\'|\Z{\%p\\Ϡ\]f\;O>|ď?n.\ضb\\(aV\\B{\\@\!\\J2\"#b\ģ\\c~t|\ĤԻH\\\kL`L~\ms\8\\\\\+`=\\'ZfI\'\\F\\*\13vl\\\\\naRP9gs\\n&\'8qSKw\qRzA\c΢dd\Eփ=\\H;msg\\i]2\Z}&v^oP$\Z_gߣ}T^j\4<r+ưZ{o[[\"T\2L\ּcJ\^CY\0FCSǜ(5<[nt6\\FcR]L\[C\<ҍ\m\Ud\X\$i\'X%cЏ\~\I\oc\0\"x\\\\a>\\[9\\g\l\\⧿\h8}\\t5lAi#\\\/~\\<{7O=\\Z,\u\Os\\\\r-?\}\x//\\"v\I\\\\\\\n_\"\\\[èx\K\\\%	2\"ϟdB6(kbJS|\C/zC+\؟\wH	~\9\}$\2#I	k\\/щxOf4\nTF\O\;3Aw@|\r}fm\Bi`+\Ch\LNc՛Sx\\\<r\<c;\b\nJ[\SF\\E\AЖgu\!;\8~\p]7T\'\\ t21\<s\\\\rv%|TК?\韻\\aķ\35\ZFOr\4X𞩐8\K\%\_П\aH=ppMcdI\:yV^Q]@ \)o.4\0c%+/\Z\n_J\\c\\D1/}\\L\%+fC\t-\'߻j\ױUj\&\\-\^\׿Mz\\G?N9\%/^FN?\Lط}\\\'>ɏo˱v\\1؇k\^w܅\[0)n?օbi@gئEZH(R\,0e\\\3\Q$\\`s\9ށ<2d\\O:\\b\w?E\q>9\뾁cW0j&i\\Ј\{yպFA\Z1c09V\k\U-%]\\\7\l\2Ź\蕉4\\G~Y\t-Ԅc\\k$\&v\\U1{y\\c5tߟ\ 33\N\I~8\.ptsYJfş\\\\[fdi=% u\/c%9˸d\(L94O\nB9e!\\MZU>Fh\KRL\f4e	#\X^\\\\2\ROou\R?\_>oX*\\<o\0g5,/q}\ׁ\\Z]\\<\\G\[SRΦe\~\\'̆t\ئC\O\\>1\?p(Er\\\'\Y\\3m\\0\r5[\I㔥!If$px)\i\ox#V\\v\\{J\'$\-]\\73/\Z_\\\;\\o>Hȫ\nsB\\\榇3\0\Z:%ث?HX\q\r\c)3-\;eNQ\=չ\\vRTk\E)0K1\g\~z\\1me\)︜榝\C7P\\\"im@\d,)<%\"Y$\\[\V\2u\\'Ҩ\]6Z&YZ	g*\r\\$TU8jq\"\E:M\\Հ?\tnyf0d\J϶h\1[&,[\ܳz\Y\RҬ\6J\t\8#/\.bu~+\5Ǭs9\Zi\r lk\ZJ\\G\\\]G+5%ĵdC\\"\wLU0Y;Ȩ\\C(\Z\P\Cd^!ԥq0\\\\\H2\\03\~[Ͻ\ZO\E*\:Q`x%\\8ͬ\\\\Ԣk/?\z\s^i*sKt\$o\jT=J\ OCfZ\'n,,umKg\\rZ\r_#e`˛N&6b\+d\.\0m\\f=\o\P\	oxǟs?}\'6W6H[\\9g\}\@%.\rt\WML\jy{q\\w\\\\9^&yQ\\rL/\\Lx8\a}\گi\-JGMNܹ0h3۫7m[\@f\\nɰibf%G\%rJ1pH\Q4(\56|U3\㘉\IW\4\\r\df\\\nF\RA\I\_\	\\\Z.ck<+[EZRt,\p	l\\"\(Ƴ*Bv-.\W\'\h\n\@ˮ\\PdnWkD\\+ĠN\wq\_#\\r\i7\0s\Q(;\\羆3p\\\|郘.^K3HK\vHk\\\k\|x\	B\\05\R)ctևzÄJ\p\\nCMs{\\"JĨ\Z1kurä\ٙ\\\}\j\\\a\\\<c\}\t\\ԙO0j쪌R7,7\r\eބ\\7L-\Ұ*IdMchr\\\\\(L\i;~W\ZFKD\!YjwQ\"\\d\f\mvm\\\\"I\jA Lb\#ul\Ё#\!\D0h6\\Lq]ma@b*\\\309Jؽ\οB.x楔8*m\	\F\\6pwe\*rd31Qt EYR\\<ix8\\PB\Z\\ۣ\!\5|܌49h\\Z/q%$J2JK\T1jtx\\y:ƥ\&0v\"ҕ*Fj\WdG1y\=/9l\\?(<\\蓼#\,߫\cp\$\}vT*ll3dY!K2\<\jSw0Tu\\q8\-*fir;y1\\R\\)\n\͡O\\8IZ<}o#\{Qߺ\\qjU.\\:\x\\\ᦸ\\\RY\͞iK\Z:s[CYT9\Üs\-\neU 혒=\GQjA$\u)*=WWD\}\Gj?\l˨\˳6@yR\\Z	\͗Q.wB\޿B\'Lj<\6\bnf3\\kY3L\\W\\w2i32𓘉R	3k\\$aUMM\EI\\IJSTC^)\\t3j\4J\\4\\\0Ê)\*\\\\$3$&U\\mUI$\p\P%OO)\V\^\\	sx3s;\I\Q\\rX\S\ϵs\X\\kl7e襄M\\\\\\')QJi+5x\(ifb{\r\xxO;}?\6\\.3\\\QW%\"+|\Kx\\\\\Q\ \9r\w\y\#V\{\a\#\*Ͼ\r[\s.X\\\OgKC\3\2\ocKe\zTy˂u\VdjI\\O\uaZ\\~nGmنld	\+\_B6\S\'J\\\\'V\ZG}\ɀ?b\4|,\\`\\\W\;r˖ـt~u\r\\r%6;1\]tɂY\\\n]\"\\!wSS[\\b8E\aj\Z\%1\C7nMÄ@봕bQYL!6`X!hV	9\;͆Ʋd:f\i^Lu\N\n=\QS5F\z\.6\\.\,	Vĭ*\)7sUgQePrtyV\r*\El\\9\:\.̳Tki2aUlU\O\\=\4\#LHk|YW\/@V\?p#\$\P\\nOڲ\\\\tk\-r\\eZk.de68t|C20\&\p\\\\^\KR!OjIұ9:QlE8`X~]R\\\/縩ё\A\jO\7fT:V\U\<a<qt\r%gM\?\㟿I\W2(-Yʻ\7\\x\3QX\Z\\׽gY~\G)g%K\A1bO\Zh16@X>Hh\1X=\\\\\\\db%\\脶}cd\VZ2cXzj\(\h\g]\Ed\	-pg	ȍ@ߠ@SB\jeɴhf.+^\\o\a\\<n1$+m\Lmh8TsrG\\̭\0\0 \0IDAT\z\<!ݥf@V\]}xZ[\9\X\i\y\nv\{D\s<\z|B6RŔ)\,m\'\\$m\\\,yΠ\8Z&*\rjPg\p3\6\\\Q\O>\ѩYlҢ]ӥ(B\$|\M\eVԪj.	e2\bd\$0m?*\\'4l<NHP5\r\Vcbt\\\!qA\E=\K37R0\Zl>QW;]8\\Fܷ\r\\r7273\9O}\n/}\K\Z\v\(\\u_\\'\ycO/\r+Nﹶ#k?cĭ©\~\hP\%j<*贏\\%t\\Ii\?shד;|\s_\\pK4YB	\'\Rqy{\ѫ@-\a\"\B\\ZRvR?\\LJ	g\L,K\p\5\զI\0\4\Gv\4SmDI\j\SRfo\<;vla\\i9R9=Fܪ`odpF7\c>1\^/\ꗐ\|&XN9HuU<\d	\Z\\Z:\\d\\\V<\h(u.Y\"\\\\+GņW<m+ \i/Ԗ).iVJRO+pe&J_\Jcvmy\&ׁ*{,.,WL)\2K\\\\ i<^z\xyv\p\ӈQTgw653\37^;M\o\Y>E^R\\\\70%\\i\Z\Ʃ2+q\s?\0#)x\p\\\\rލ\<\n\\fq\'\SO;^E\r\}\+\fڏ*!\(^&]_&4%-~UɌj\l-$LY3\z\iUz`\\(\\dⲤ&Y2Ђ_#n	P\\\X\0IF\cv\\rhN\i4Q\\c+4[cdeɝS:YHlcΎ\4\\0Ҍ\:ac7}b\@\Djǅ\\n\$\0\\1SC,m\"/\S\+\\\:iR\ZY%\BW]%;ۦNP\tp\w\,\ۀlã&q\JG;<SđUQeR1s3,YgT1ˠ52B*N~\\n\\15M:cԕO\\\to\6~m\N\\\cx\K^\@\ʘ\\\\\/n\%o_\1V\CV?*\\.\"\\\w5\gQ&?c,e\/;s\rK\zȱ\\-~QFT]CZz\:\Jf\\K\ZJ2MI7HeڢVZl_#SI΂yӍS\N\G	PRO\\C\ו\&!C竊w\\\0O\\Z-T+t}=C\\\~Dmz}Vʚ\b*a`iSq|xAz\)\\s\$\\ZaJ\lj\\rJ[8O[\r\\0F}vba\r>X\ŭEzC7Z\ί\rL+ \\+]^zׯBvW\ԓ,c\\c+J\ZZ}\WJ\L\u\q\\u{mVB=?3qq\,\k\Xf\0V&\Al\]NJU\\]̩g\J̠UiP#W\t\\;%\kj凟}|[qlQ\4\A6A\ճ)G_E\@*d|`\\?\\7l\4F?*qĠ`-歷\nFQlr*-{k\\W\Z%\Ĵ}\Q$b\<\\LC2\\crC&l&-\\0U\4:SC1TX\3,\r6\nmh	ivt606\\&/\	kAL\\\D,\љ9}̝r?;rrF!<\um2f	E^`\0ܵHҼʐa;\'ancf\\,?\\X*\n3\M\\}Мچډ\W5f\Y\,\q5-1zaaAS@(\xOL\6hV+,.\\5&\hi%i\U^\\mduչ\'Ls3/ޚޜİ<~\\'*, ^	7\Ws\[\>D\DRdk*\\\_\\翎\YW\a\\oxK$=5Z\W\\\CuS\7\D,-Z\?8Z\\\\܅DLb2=>Ý\GICC\\nX+bBj\&v`\\ZܷOv\T\\\'4}\2d\nu?!dZUʎlNQ\\kK\ԜP\\\6F\P-J|;OM9\A\)& lNf\\a6p\CZ\\\\:E Z!\媬\\F\n,\!]]\x\v\TƫDA9AjJ&\8m#9r\q$~C7;\bIu\\@L\!ޘ\pVoo`\|\Ǚ\D,K4T \`Y.\ c\cġ:A\\\:l0\j\n\\\ꩽis̛\_~d*]#y;\%3\"?IsbZoy\KyG>E?\u\˪5GӜ;\L\\Ziyk*\_zW\7X|\`\e\\,s=}Χ\z\rp?3\ۋ\\?\߽B1fY^0\ۘCҟ\\U%\\BpT:m\p\x52OHmP㡣\\1D$[W\S򬓘͗T|\\&O2\Y||j\P\r\\+\l\Hu@SR\FKVHK!#\ZBKv\\\n<\8\2Gd`!\YU\ǰZ\\O:\\\\/c\\\f\\H\&5Ǣn23\0qK\جз\h5H5=	Ol%ۊں,hn4li\\\\]4E1@[\\ZHa{1spC\\0˭e\\w?:O\z=\\hTM.\9ee\\~קE. \c2?>ɥ\NoH\(\\,Z\w^֢5\\\\\\9\r6\%E\\0%T\\\vk\GI{B\\\\\Ģv\m.=\\cK\\}?\i\?VRf\t\ZZ\\a\"%\Tأ9\'Dk\\'lj\"\0\\w{Puэrh.N\\\r\m\	_D])(I\"Q/~gkkk,\Ȉ[$\iBM]	^\\3q\r\\Zh@ޢH\l]-mU\wLxzQg9Qn]L\\\c}Y2r\2\\2XN\\\w\`R82\\\L<cE\!m8a	\$uVNwA<\\|\N\\\'X5zVNc0~\nZ\r\"<XAϩ[\\\_\g+\ƈ<W\хl\h\\\>_C	8q\n+a\\о\?lN6\(\X\Z)\a=JXY\,8\k6\g&qku\c)=ˠ=8P	-2\M\\"\JF3\a \nX!M$Qp\{UC2ű\\\8}\f6\GWi*AW@Ü\Q\\\6x\\4sG\12\XF\N\Q;Z.z\s\\M>u##\&,\\r\\\\Fȇ^z6ѧ}}	\$zD[Cҏv2B{t\\2c\4\7Ɠ<T1\H\5`JF40\\߬F4\6s\'2#\\w>\-\>t%3\C\h\Om\\\C\"|e!\=\\2l̴\eOe&c\C]2e\c%Ri@\g\,ٷ;4誈rAs\T@yiDva\\,R\a\K&\\´=\-$M\#)\\5F\n\^quÇa\\\ѽGpԡ(\M\1ZO\6N#hp+$Vky\y!3Z\\(j/EU\\\K\\\\\r*3\\	\Dt\]I1\ɔ\\"YחRh\exU1|읨bHn?|Oܮ\*\e\\\\<,\\\;\Rq(=~\(<o#$\cQ\\\\y\\\0\s\h\\y_\0d\0/\!_!\^M\\e\6`\\✳TNUFe[U\/1C/MȤa2\\3O\\ۏAni%YqqNL܋.\\\}?\wYJq[E\*iӲ\dÈ&솙sގ.;%m˲H\״⮃\\`\C!V=ƪm\1\O\J~\f*\KU\F\v[ΩT\@\Z\g\*֒QOnQ17u^㧷m[\'z`&\'\82U*sca(4AǺ*T\?ߡ2\\ժ\\14o}C#6\'Q8S!\r\ZGh5Ǫ\n\-\\Bi\5=F},\"\r\IU\uI\AB=\x\ҁ4^Fm?1윘\ϿE#\8\`#eD\\\rhg\\d(\nvޣ\\eC}\J.fVsǆ\v\2\\\/\'\\[Jził1m\"+\\\\Lg\\6]3jYδ\`&tj\H3nǏ\ķ2b8\\Kų.\žbg\[Ϛ!شׯy\ӏ笉\'%}Dp\=p7]rvɄ\-Ʉg鵸\;㡕XߓM)\"1z+.\sс\tM\x<\>\\ށ\ZD8AB\\Up\\6\\ITƃ/?c-uz\\E\}jPnX\h5\؎\\#\:3dz|\7X\\gt\Z{\qu\%N?\2o\\#F\lW{HA\\k׽əM\4&\76iǟu0L}JA&\Â5\n-{\ql \\!\!\ƅIg\\\<N\\<Rݯɢ~`u\\\ϻS\9\\\I3\\\\"\L*ϟ(՚\',(]&.k\\\FFs7WU\rNc1W׼%nbוASͷ\[\?Q	ȓF0KKr\\aY0SLBs\k\f\\6<͢N\m|O\\D\\5\\\\[?q5W\\\#1K\\\H\P\$rg\O\{\0C\\mSzY[C\\dҶfxg~	{_g+P\0Sm\o\\\|~\Y\Gr\)p\\\Z\%GM82T\9޳_jm\\ʼ5D9̢dݥ?6<~FK\G0\$R82Ϧ\-\Fsmڡ9{\nhkvz\\\\\\!QZQ^\nHE:T^v&\\ٲfw\IZ;\\Oq}\n(\B\SD/\{\J0\!\|\_f\TI׾Ct1\4gi\C4L\Y\K_\ƈ>g]t\k\o\\<\|{\ ^x\O`\S(+ð)\YE_yl\\r¡(s)\g\\s<_L_oxa8ܸ@F1M\RLֹq\\\>\O\\Z~\\Vd\\A؀	*;6s}{\h֪z6~̉\\|\[_ v00x^Y\c\ɬJ\\4)r摵%:\!\(]Q6&7\r\q-]F\\\_`zs\9i\͕m\R\\\9}ٳeuZ\\{)\؁{\	\JdX\M\\\?ʯ/\\|N\'4X_\\DZ3\\Z\\	-F[c4&Lp\cjr\\Zhsf\&X[\\^\r\\⇿[8iiN\T-.˦\i\\\/6\\\\\nt&\r/.X<$P]E@rZ2\"z\2i,v\siq~K\\\ :6\\/|\\\>\F\Ճ\/Ra^\\\\\7_4=\b\O\drG\\&H\r\x\1A\kj&!v\\٭\Zʝ\k5\,+Fnq쨄p5±˕\b˾^\'\Ug\d\14\r\ė\qkR)\;\J\"סV\r=f+U挈o\V\f~\q\Vߧp\\'Ш\\\r\\=@\\"Js\◊V\Ӝ߃@F\\r\\xۮ\dG{|C\kFG\]/\+\\~?_9Dr\V\N\'J3\\\"L܍#|f5\u\\]\\P\\lG-2B.8uzJ#wאYp\L4\NL\\\0QDy\SN\X:\'?\p\@S\\\Z\\Ɔ\U\;׿\i*W,_\a݌.\nP3\=NT)\6\@.X\G\{\U\ߟ\gO?\$9\$!	z( \nH\"P(RDTP)\U:*5	\\=׳\\\~s]\nzY{g=\}\3/e\dr\$\\3\(n\\\qgw\+\,\JYp\\\\/c\yɜ|\9\#̉]O\%[Ad},\lFЃQ`5\T$R6\\\ID*-2\P&?\ZT\\\\\ZEu)x}\\{Ǘ?Z\_~zޠ%\+\\\\0\)\L]\\җh\'\GKO\YO\\OpJg\DzjJ\5\\2/\Sm\V7gid\\\T7k\\@Iӧ\\(ѻEp˭\\\"¿4U\\KN;J1\cKђ\*y9\o)4:fQK4jM\&\J?ШW&Y9g\&f\_F\\P\\ڲ\\\\iʃ\{,^\\ON\G\_zoRq*u\\1w\s+ݝ\\4N\"\	RO\?R2\s\"KUs\0\m?hGeJSÜ{\읋Ϊ\\ǟ\BN=xwV\L\t\ETM]fl\w|@\\2kr3۶\'(c\/\\E\ j/\"\nŤ3^m9H\\_<ͩ<5o\1-\e:\JE$>\r\{QO]k,m|?br]YeFpᏟ\\S\(nd\\VYHHQ؈\\\~L9%>,N\\'p>u\Iho\-~\Uգ\\;#\\z\)Y\#iP^\X\&#v\Op\\\$%#VC\^\*v gޠ:6\l\\\3Q>5i\$/\\G\&y\\'(\*\ء\A\?D2D~s\\\\z7){!Zz\g\d33K\2\}\r\/~CI;uHWg=E\O\8\i\\`lr8\\>\I\EJ\h\'\\=\To?\.]w\\r&\o-u\"$Kryd\dgU׶D|ȼ\\>t\\\M\;\s:`p\\\\\O\}:ͬ~\^rE97â\AOey쁇h6\c%V,[\@oJ\n#;}b\&;\\ΜAPp\\\KoB7Qd\~=bo\\4\5a\UG@\UuD\G*-@\\\)\\Q\?\\a\\Kv\_\2\r\8J\AO\\F\\c\g_㸃/aa~>g]q,\Gx\\X\w^\ \\Sve\\qx\W)Vj\n\a:\\0\\\<K\ͳ\<\X\ǎ\Wu$Df\\Ghϙtu\$v\I3\0\If\=>xo\18X\+\au\:-n\Z\\\C\jy\n<_Ҙoc@:g\[\kO3=m\\s\Y\\}\	}Ǖ)^HR\<f\\cY\ZSr8n\\'9q\Rl;Ijhg\\\\?\4\K\t\͐\wa%2zjzuGDF\"\0S4\6\r\Zjj.I@>\0yō(v/T)`\bQ\_\FAzO2\kJlaDo??<0#\E\\\ߙm!+M|\*xSbn\o܉nJ`yl\z|\8pA*-([I\d<\ZH6n\ \;H]\\\\\8&c\\{۶\Y\&R;鲏g\ \\\$\U\\\Z\\Ŭ\V\#\\f\0\0 \0IDAT\\\%tv3\\|g\\_8~>m}JZt\lʾ\uw=zr{>{.^.\VQcA\"\FWg7O\\'OA\\\\\K?z\\dN\',:YL\'\\\D\\3?y{\%:|Q\gj}\Y\\5Xt&ۊ\ڐ2\q(ˀ$\:V[\\s{ذv;x:?o(>9ߣ\"G\'X93X\K)]\Ns\\?Ϣ>\:76BWoK\Wqt;n\\`&RjѦ2N\I*bS>z\)^U\)I`d\\nq\Ln?XZT\:(\r)wR%j\\\w\_\\\mJU/0\nuj\Z\³,8\?\0\\\P\\%p\ه\ZQBi0t8h\m<K\]q\ZCӍ79^\r\rhiPVo߿\Z\If\e\\OA	#s\yLm\y?8\M>;^m:\_\?/\\--\\"\M\n;_@h\J\ \\u\\"bkt\"\$}\\~ǟ\ޔ\\'\Yd\}|\klx\mK\3sɶv\'M2S\\\p˃\\'\2Zly/\S\񟅝<0OAH2\5\Z^\\T\\ZmTK%;P\Or9\p\X631FĴ:\p<?r\&U\8\Q \349\ooz\\~r2m^dWZc\!}SCɑ\ZQX\'_SC`Yu5)ޤL\Bꐚ2\'h\\\#sWځ_\\{\O6&70\rZ\\\\;Z_\v\!<HuRVe|͢\Wʥ\\-s\\\Xq~~]p\w2coI\\!%!߆>Ã&OZ\\s\sDI^\l\\٧t?2JVe74D4,N\k\/e\v\ZF3	%\\\-\qԞ\\\I^]&#\\\YW\\\\Q~q\S|t\229=1T97#4\nYԙ1ɆH\}\\M(	\\\7o\\7^G6o\\0\j\\\"\ދ΢	\rW\\\m\\\)2$C\mf;\2t\\xA\\\1^Lg(l\1\D\#m\t%\O\\\5\\v\7\e?.\ķޖ\\\\r\\#RM\w#鎍\pT&EШs\\\ \mᤰ\\7°\vM[8eps6h4\\uQ\V/Ď\VS<\\\.+g.\wt\~z\?Q%\\Ԧ\\ruo\g?\8flxa$6*fiٓp?{\\Z\\\2\y\Hw\\A/\Z\~\r\(\\Ѷ\\\?\]i̘ɕg\\::\f\0	\@\Yn\+\nҸ=\"\\KqVtvf.j:ټehBV\0_ۼM\pnN3T$\?t\ t@\\\ 19Bqx;6e||ͮ]9\2oհ\\O~.\I̝b+gn^kǕc?\QWH\S\*3\񖥱\؃s_\«fi- S\r\\\\VKPvG+dtW\82\@\ⶣ\SɚX\\r`\\L-KZfll\˜p\I\\@n\*0<\ivv\\BDYf|\OnP\\n8Z.\Zb8!h`\U\\M+\e+>\J=\\\W\y6M!!vlV٥q\n\hF,֙N\[MajT`n3YX3R\\;S,V9>sR\!T:Q\c\h]&6\;\=/|\\C\7ت\H\xǋ\\ؘ{LmY\g]+[]\\\,ʵ1\\H2jn\2#>~\bW˿\ZU;&\v\Z#<]\',vS\FRG&\#SMv_4[\0cN[X-ቲ2\ l(-0+<\\8\;g\\'1b[\\\Mm\^}>\s\U\YVH\'â0^\k\\Hg6\Z6a\=\ݫ\rdD-CL\\\.\)JA\$L\l\Ƭ\\6r^J\\\\ˑ\mRbz\	ٰm\\79\0f>\"\y\O-谴A\Tf\\C%}Ul1Mhm\HQ0\2v!2i	h\\O\\Z;ʨ_<;RF\L\'\C\+lıDŘ*|ku.L&\3\vHa&S\ǶS\\\S-	\r\\2kO\w\HԪ{r.:\T\ER\D\\W\Q|\\3X葥$ңS?\(o\E\ZR\'.m\\G\X\\x\\\$~y\\-\K!f6fӋfvO/a6Şj\L9\4{Ο\Z,z[S\Zžl\;\vb;{ЬSr*\rv\"=\0k*GJG\d#\\&v8\;k6)\\;Bo6\ˏ\\A-L^u	+N=H]+\{\|\\\\ZGWzK5\\\D14\<~%OhS\i&æ\"A\\dM\\\\\\\$\o|-\Y;ɡ+\5g_\sZ;B\Zo5\\\s\\\\\ۘ{\\4\|_C;\q\\:<┶S\M\QH\WT.\\&,ɢzi\r5<\2R|\\\XEYuUp\E>-\\i_1H\\.arg\\N!\pׯ\v5\lp\YW+]h\hלw\컜t6KڤQ.\\r|\\O&prE\\B\"0s\ʼ\\\\dm/^\׿xT)}@ڤ\\1X\\\a{\S4eOX)*j\@\\: g\(V}hp1{ϟɶ\[%kܪٜF6\\ϜGn\B)9\\v\'}#9J\\%Dz1DA\p\ebC\\ࡻn\X\\\m\'m\Vm-Opι}Yp$\wu\G\~Z\01eב36uCC*L\3\n\\k\ҟ#h\\\?bdsma&\S\'r\/~I  R\/&7_q\rGaV}$\Z@JOF\@7\'޲\\E\0\\ꕊ\08J*hXudG}4\Sp\\b%\|(jNQ\L\\.9O*,\\5\S(\\\N×p,V]1t\VHɰ8Aa\\Z%\\\^Ak\\~\\IL5\Ь\gOؗ\>z cR13\)U\(\CҕnT7\ZK=(f(n\\Ko\CGH\j8x\&!;QP\\^M&\\\\\t\\wEV!1\9\'\̸clX϶-\c\+sI	O^}=qd\\6iZ\t*D0H-8\k$\~r\\x\\\ͯ`T7\Cc\\\3L+Van394/n9mm<\Z\e,]C\\'֨=|*1\\\_\\?\\\39>\jMZr=b\\]ec\Ν_\\nPY\\\N?\ɟ\n)n7w^.\>%\B\x\e\r\S\\7\h7\&ҽ:fK\İ\T\f:z:!ǐꥢam\\(\\\ZQOT\2T)~\\ZS*Ϊ\#H\n1\\~\r\1\ga#^~\%Ɔ\>0[M\	s\\⧿{E5^&.5ו1O\~P\\\$\6Ǉ(.;n,\\\$PLh\\\"%\\\xS[ȋ!n\rp/5N>z%\\'\\D\w\yft\\\.\-&G\vO\\捌n+ۛUy\\,{q\0}{\"kF+ώ1Ų\R\K+\\"I\=,7uF+\\\\\O?,])Rb7JoHk.\]ts\IiO9d+H5RT\|t%\[~wfy\mR\$H\ѫ>\\̌.\\]vZ<)\dӆwX4bFE,B\~WIKQ\Qes\\b}\\qn\\Mz|\\g\J\I\u,ٮ5\\\MڕD3-èVkx\*\\4*7\^\}\UKEUj #\M7a9\)\\\\'N%\̴n;hL\d\!+\\58\\kW!TЅL\nnco:ζC\	WlCn&\aA\\{ѕ\Hvi\K٩e\,\6\\\=\\N@V0V\e|\\jUr\!hQ\q\r3-O+;\,7\\&);\nm>\\ulY\{K|7~\uL\vR$\\.ձ,	\[J%Dl\8RvE>F+&\\TE=ttIg;\\0\Ͷީ\\VS\G\\H_>Ǯ,e`I_Z\\\fVz\~\\Zzߝl\\&\\<ӏUܒk\ZK%*½5\\\ǟTS\(J\\	\LV2:\vѨ\\eI\\hiA\\Ze8\#p\\'UP\wt/_s\PM(jd$˛\rq,H@-#dtqyw+g\UA\:]@+\R\*+\n\\rvbw\<\{I\8u|g\Mf\\Ĩ\jE*$\Z\'\I\\p\9\\6i\'\J\{д\Mf\eR\n͠y[\\'>\Pr+ 5*Ao\y^\E)U6Ic\|\S}ci\K:\r24K{t{\4\\rθ\7l \6x쇗\d-`9nc;x\'+\\\MR,U~\׭*xyR癇I>Ɏ\"4\\\˯c].o\r>уIS,\$\@/\\+g|eL\\=A1\9s=85>`FGvfXh>߾\.b+e;\\[Өh6*J&\~;!\8(\k~Υ7\b\\D&Vu[\)\\\K>)s\rUcdWoa	E)I\\x\	l̚}	<ٍuB\\-Ԏe5\`]\W{ \\ \>K(\"s\3dR6՝\\v꺫Zd\vT[+1Ew@/\\;6	]sNam&k_ahP̶\iEh##҉1J\C1J%\\?<Nqȉ\};|\GG\0(s\|N\\d, -r\Bs.v[#.\+\}\i\E\\tP:+nj\\P\Pe\\\ClǦO\|I1nT\\ryh9\"\h7_|53\\|2\UCX^\6\Z\\\\p\\sܤ\8+S\'\\\3\ҔrJ\,YsYp6>L/nJ\\ZZlh\"H:$^J x@(L\eFWTq<SR/*j$dD19֧Zp\\0&6|\t\\.\	\ ]\)XÀל\Z\r\RQi~u\_\\\Z!\'2v~mj00\,]DrQ?v&\\\\lxzu-O>\Sh4,\@S\kwI\th\"2\~S\b\0-U\'B~\1DMUY)34\sX5\⽭eD;\8ל}2?\#|d\ޫpr)J}3\-ϫ޳O\\	\N	v\%\\\|*JZ|\c\\ڃsI2*JrE\=E\dӔ\\Z\CKT4XƋubۥI	\*\"J[Rʥq\\K{wґT*#hx\	\ع\P.9\Rnt5\Ɗc\\}\n[\\\ZJ]\fSN:}T=@bWW4\b\I\-#_xDl\\e^\n)z\/Asm1}d\b\9[\\8+!\0i{gdZ\t=-\I(\\\\p	̐/WwR)i4(\1Ov9JC\'P5<4\Y\5gu!\"#\K\&Wad\j&FwP\y\-!lz)D\؁\Gw\\3\'\LZv*G¥c+\Z\ \U銆)|y;\\\~%\	G΅&(\iy\Z\\6ŻɄP\o\<Z,-`\\\E!\q4]\ȳ\ݍ\\Z]R79c\NN<p)\dZ-T\'\IݗM.l.\bJ	&I.ٱ\\\\oL\1D\\Ŭ\<A_9\\\C\\Eӛī6I\.j3N1c\A<zd\\\Z\{[\\i\+]m\\f2G3ytQ\rȝ`\ofb\rJ\NW:\n\w_\ZR	7Vb\	\u>\\tx5UEJh\ő\-۔hk!\):N2\$\U\\"9#*\a\xU=Yb\ŏ;\G|\ ,V(\iY>.D\G\J\k\\8F\c\w놫xh\rI\\7{\#W|2eAѳ4{J\HxK0\g}tRiS5\C\0\t\8l%k;َ\Ʉ]傛C]0ӥܰ(\\Wn\\n\jb%Ȑ\7?\E\.-\Ⱥ$\.Wj%yY#\KdRjH|S}*\\\\\\	u\\,~x\W3gp3O\\_f&]\)\\/\\0\\V\䮩\J2O?_\\\|{v_qC\\>\\\qg\n\R.\z@O\Lr\\r\C\d2,\ZyJ\'Fv;hm\\	Jk!k\/_n	uC\P\E)=\\w\#C0/-,E\\+_\-^K\2\'Np_ \!J-;\,\JcfBy]Ӛӷ`^\"Nywc\}1Q<Q\'#.\np^XR+:)ⓒ\sP\Ff+?Y\0Z_t*=\/{\\w\\\x\q:u{W+A~\\"U$A\4\\y\iWTǺ\ّ\\U:26\=\t#=\r\5T@ԫrs7d\\\IFҵI.z_:\\_c\`\Kѳ vZOF~s\\\\,3<\-\\M\17z\Q&vl\g\vt.b\\\}p\&nΞ\NUF__[\0tA#_\XZtHP.Ш˗$,:M<O\r\\H\4]Ð\&\h\\\)#\"!*	\'\Σ\\^LA֨4\7{\\\r\\gԛ<S(T\!k\\3\\Kȧ\'<FqCe\mʔRL*]\l\E\\\Y\'\GgG$\}FS\'a\\ra̲v[\_\pU{m烤\\RÊ8\ԍal\jܤCoM\\KGSR	HM\q\¨5J\'}Qq2Y;t,gS2ۍP!DJnBm0š\Xu\&xu]0*%\\қt*O\\4\ޥ3\yԋ$-\Z\\{?\\h.\\\'@z\=y柯3\\\\\d\\#ВV\\[Y\g*	\6oJ%<RJ98թaZC\dL3$D\n\N_\Z\&ˌ<\r&\xuSQr\;ҧ!+bi;[M|)!H\\4J%\\\0	\_S*\.#لv,\\nό^z\uU^h\|-n0|!,Z&\\\\.\"8@\Qt5\r\\͛K\j\(>\mН9刕\\K\te_yv7Xw\l+\%(yވҊW$nU\ZS89<-\۪\x\\ꨖ_\0Pe\\'2HĤ\Vvt*\O1|gm]N+hp\ns\\Ԋ\rIݕ^i٪%\'7MO\䞐\߾^|_%4A\\:\\䱟\$!KOz\\.Y,:\X:ؕ\[ofx%Gkv\>p;\?\0\0 \0IDATKXt\%I|Y(=\֨E&Y`;.`|\Z\"\QiXLٳ\\\\0&G윍s]\\hy̜RXEA\\.\"oVvOYm[0\\\2-fΎ\,AB\k\r|\Z:z\8\\'\ZǛIQ\R	`{4XF\e\N3)-\N\\\\Υ^+S\ưS\\ywGuzWib}\T>2\\oJ\\\TVJ\\:jR\n9V\!`\r9iLE<b\Vޣv[\G;FDҕN[>\\\\\K\\"1\\\\\\E\4\n_(\aD{6\\\\\k\*d6l\\\}\r\0GN9@\?\g\$-	+39\#A%\"m2\\6\(?\{\ē;Ty\\\H\@uf4f\\\\}N:0N>L\\k\uU~\:ק\dVq{1k\:zga0MQE\UX.\\1~szy\+)K\WZo_7|^M}\"GS^R:#\rj\r[o\n&u\\fX\\\\i-\τ\/@V\_[W:j=J\cq;\9d`J\\my\^Pf7N몯k\ā l{M\$TT\0Xu{3|T	\r3ye\@\\r*rH.2>?\'0X\B`(\ۋ6g}\\4BTRH\>,C\I/Φ8\M	8z/)e4;p\A\X0o\=Ʋ%VxqJhgc<t-|;\\;I\b\'\&\IBp|;nR#\Z7ܼt＝_|ً\-\0\\<=\\C?ƭ?%}NW\\v,{\ \W:it\%F\\#\2T\V/^ǯJF\FS>lV&\\ڈ\\z\%KcoE.AA.\\hq\tY/\luI[6jsVD\\\"CR\\N,\T4|A+\&^<\l\F6\Ԙ}r\\",\5\1Z\6\Z6\n΃\|~{. \q\'L\I	՘\ڟ\ϳ{$|ᤃX2oW\p7\r3\Z\'ڍϟ<KMB\ҨǔjG\\r~MEv&V\	\m}\nRjpy%\ؽ\Ai\f>lյ^:\\Z\Z\r38ld3ii\S\0\h\UoUiBiZo\U1{\ӏT?k\"p;\/\T\S<\\8\\\\\\\rｹk\%.rmmD\t\_\\\ncy\\n\/C{\0-S3\\'HZ]Q\.!kCWxz\2\DجSW;N\\|/S[ث\I\Av\\R!pbȄ\J0\Q:T\#+\T.SYQ\*WEK\nR	n\xG\\R{!`gTE\Zau\s.QM\~mz5FR\5,z\{\r8\AuCO溈SEDW\UKFTbdU\AJo[6\\\"\\I$9Ò*\gC{W;ZI\\\x\}$W\ސ\d^]ބ\TXN9n\Z$Sc	\n\&\U\Y&N\Kos\Q5CB\M\\Z?&R ma[ׁdlɢl-T\wWdj`d\\\}\~\\k`vV\ \xJ\\r\C!1\l=]ԫ\\y\\7\\\ڍ(gh\|\o\ڌ\\A:-8!S,I\ISd\\$\ )d\Z\n\vTS	\[D\n0AJ\r\(í<Rw>q|r,T\QQ&\Q\\dW\\?.{`\f\n\mܸ\?f\nQ#OȲ\\#zY]k\su7P\m>t\\n\P<\wf8xi{RdbjK)\\\PfW\Tκ-\\IR\\n\n g\tr4h1V\\s\v}5g7#Uǰ\B\&hR,ώ_\Xy-|JGRS\]J\ jK7\re1eř:YIUn:9Ć1\b\\{>+{H&\y~mQՉV\Nͩp\\~\y&.\/\nN~շnt\\GS\NUE4b+\\2\\\\\\\E 9܊. \?5S	\B\7%\6n)\4\|/uϐ!Vk\tVP\%\[\\){aP\=}u\\Ot\;\m4\^:VW\6S\Z\VFj.\$.n%Yol6&-&\;a\8$2\r\Z5ҺOPt]ƨv\3{<\3\Pm\p^TB$N1UB/&l\J>\\wyt,Z\Cp$Ũ\\8c\c\푑b?%ȗQ\jH.}\\p\\u\\v(\\\離z;w9UM/$ճg$eOS\;\8ɢ]\Ge\쐑6*բ\\tv`	72$wv\\M|[ ?d-QJb\f\pv$a\"Џ\fAS]v\G>X\\hZl)D\'\zez\\'ξ3\rGq\q\Wi\\:\r#jÓZb\[^\d*Z\N̼\\\ĺ\d]\\S\\\7&S\\w,5 VOĻd+\2\ZRG`O?r\K@\\\#t:\I5.b_\b&eДQ>,ۓ!Z1Uꌨ\\LV\@kJrх!g~d}\r\RLt)\\a&uCg\8\ZOy\pTysO[E{\Q\\"a(2)ie\ )k\/\MѓjC\\\05\\\W\0=Jt8LA\0\Cݟ\Z7{LMbm<j\\\\\%\պ߰M\~;\R\Eӂ &\\|Syg:\^]vUU\\'gU9<Z\F%ɔ/Rr\xMS\\Z\Ss\Rp\\̘5H[\j#$\#LҔ]S\e(\FN_\\brR\k6(+$)ؠPB3\֬_!l&-CJ͙01\{\\Z_E)?Q>)a@kʂ\\%O\h]zH\0)u`&k%	_4mLPKli$CK	\ک	FzpM!4*{%\\#yXufEyyeƳ)M\Re#\cS\:\\v\b\\\UzO9B\r\UyJ\\D\f\\\\SW\'X\|4#\J^V/uChO&w\\ZT(}hە.^ɋ\'\5CFY7W\\p\Y\R˖\\V޼-\5\b U\9\2WA\&j6]ϱ`\B0TV\b\\"z)^\\"C\kUf.[ſ\m\<º\1&\2\\'r +9\'ۧ8\\\\ZaެK8\T\u\\{\RIei\u\\kzhw\AAo_\\`\\(.Y\WIq\\aJ)Tʳ\;$ou<\\\D`I]\#zW\95\ja&U#\\aml\ʴqP~|ᒎ\'mpy\lSDC\\$\'TG6\|\XtFH\2\gR~f\%+2\Z[\i9򦍋\jGP)\\_<\kS\nIk]Tvw^v.ҝGz\U\d)\.?;J\#z\\jF+(6&8oyv\\yjj3\w\'xc\84\rr7rl}7_y\WU+s\IKB-t\Z\_6\\\xL\\(J%ئ.MG\ZmF\h%\\\+\)_󯺁@Ȅ^\`/\8h\\>\~\\rj\ttcE)e T\0N\\S\\M\?\w3Ѱ\%XD>-(1$;\\Zj^\`\I\\{\2[\\JbjM8<.\$C\nxU\*q&Pc\$4\}_l\Э+Q\e\\V\	:b\\"\"Aݎ\NKK	\A\k\n#deEYaW\^\o\<\T3Y6L	;+\j#)fRLS\~ˉ\\8`\\\ׇx\\\\C\ZD\x*5Mӧh\&v\lv~\3R\\/9@r\]4d\\[\M\X\\k\,J\8«x\J\Z/7\\"dĠ\TEĖ\r)\oo	і8i\\\=:\\)ۍ`\→F\V;iF\\Zܯd6\_/|\tZu\'PU\e\\9x\*:S9,3C[נ\3[<~$X\ՅS,\'1|\^\|})\%7\\gGѻӜ|)<\(\$\\"ktF:\\Zi\,\N}C].\q*DLa27j\b\\D-\ݿ+\&g_DvԊ\Ky\\rhF)얢ꊆio\\||N>\ʺ,\nܼ[\7JWB\-Qbi^yq-<:/4,θy\7ԩk.T\\\L[n\\r|Zt\%J\6ҚI՗\\\0\j\\<x\L\rc\\\\M^］\u\Ø5趬7J$Z\i5S]Odr\9\l\gV&!:f]M(`9oG|rdwI\oP7-\\ZׇؒIqI?\x	\ZЖv=\e.\u7\\:1L\\»ʐHt+\r\i\D_/~s\}r\uBd421.;#\,s\Z	c!\\_Ab\e:ǍN|\\>-	h\N\\{Ո\\sksF8UX\\ \P\\\,1\\B3ҜF7\\ۛП0\\/)\l0ϯ\ݬ\\1A\\Z.\\\v\'6\J(؂(\)_\\^\\;\P5CJi5U\7<.)OS7UOnlV\I\cϱ2A\FH\\:xU\N\n=w\z\\\\y\qC\9\nUZ\	T\\!S@h\-\\\H(Gw3Ar*H\syJ|VL\\=L7sHj\\(W>\\\+l\7;\s\G0::Y\b6Ul!aKⴺHDz^\|N8\POb$D\r\\W^i\hJ\\nVV\\\8\\ip\i8˃O\\CP\oԄ%JrTT\+aƤVQj\޺O7e\l\\\b2 \\d\քKn	MQ\0Y8[WF;q<ѪQv\X\og/ZD\F\ddX\°D.:\P&\v\s\\e֌A\fq\\\Z\7Li\[	ʐG:\\\n[qN&`(5pS\+?5s@Z0 OȮڝd\\\\Kg\cǈʄ\0֍\\\\|^W\0\*\KgW\	dL]H1c#YXq\h5ϱg]KcF\PdZ*K+&{\a\\1U7hr\Z\ے,FYvk*Z\e\=M>\\\tML	\ L\44\#s\~j\Xz\3L%m;~|r\-\aF\s/ʒ>,f|\W?̾}C^(Y\wOL~\\\wZHeH:c\\RLh\\2}۝TEi,ME-/H\05\\ORV+)\Mv\h\\\!qF\rJ-\Q\r}\W j֔4L.W\\ؿ1cj*wL9y\O\\Z8\"L\T9\d\	\A$~S\\\J\W\6\\bJF\ǱӬ\Z\J\E#\=? \tw\us	\Cؠ$رfs\262\\bR璫\։m\\3֏)\:\Q޻X	f&\\\\QK-ZOXOFrZ{,D\=8Qg^\\\43s$Ӛ\2)@\+K:31风\\NxdC\\\26GNjK\Sq{U \\\\hK24ʮv\z&JU2\Z{x\8VE-ƭ\\Z7}6M\UA;99(\9*ɿJ|؆O8)z\M:|i&yDZS\\\g8`h\"I8\JkgzM,.\i#&Y\ՕŢeMi+{rǊe\RRۊ\W\Z@ü\Z\sfs_AA\)ʗ(F\\\\lj-Y\'m$ء\\N\]ˤ-3~_vmׇ\.(f=3wVv]H9X\ay[>?)QnyMucAjF\c$\\l\<\d0T/s\\\T},ƑK;}DuGV2\]\"A\~`gP{9\\h\rq\ \r\>6j&\"i^a`h/[\\\H\nV_nIh:Bo=\y>ɚccҨ=\Q5P\\Lqӑ\'\[B4Z\\M\\\\WHNy\3b?Ք)^غ/<\֑q}w[\\V&J\+\f\k#O}jX\@С\ձ\LZ2dr\3\sX\oǚ܁\[*r\\.*\0}LziQ$I^TP\CU,ڪf\x)9\N23hT4u㊶}\2%d&G@\ˏ%\\C\1X^n4i 7fà$fR\n.5T\(&R2ř\\\?3Jgin\"\<M\!p\Z\rt*\\Պ\5*<\5y1\21<MmO{G; 9L\5c&J\\\\\l-^ّ:o]\frb>w\\nr\YG	Z*/7\\\H6JcGQw\rAnq\ƌlh;\1wM-ϡeM\tz\JKEX:\\?<)\Sя:v\\n߇V\rV\p./Na6\HP\\z\\ҥ\l`f\B\ю̱d4\uuQ1V\\aV15\8,ЀnSk6\\"mʱ\hp\n\\`FW\Ԩ¥w粼iVo\\j.\?l}e\\I2iPB\"UQTvū`AzQ\"\/U RK\H23~z꿞3Y\Is\o{?)l\Db\^\J19\0W\]\\*N\;tKѹ\00\0;|F>6冄֗~B@\'7\\E*RN\0oթ#8jb7\ \\\KAYQU\\'7o1E?Q.!8\ZYmJPG\HolUlN\h\n$\\ƅJ\+\X\\Z\Z^@*\XnF:Ǟې,LM#aa\ڵK\t\"\\֋G]=0\	x5SA\`2?j\\Ͼ{n^7ӏXn\LŒޠƉ	\S_	T\$\t\$l\'\\\\\\n3[7Цh\4$Po7_	v+n\\c*7c\\3d~\\ڈɋi\PP@]l\I4aw\adp\p\2\n#\~196,\Wł+ё	\ZX\TJm½)\q1+dA\\'PH\\uz3̾\*p2uz8\Zγ\"X\6YU!2@ؗQ.|\9S\/&t.\((<J.IW/9^$խA\ىo\ӝHH\\nk.j\1m\n\D~? 1ܐ\\'C\n=x\`Z\\r>ޱHD\n\\8v\x\[G+|\\jضs7⦁\Lشgv\ڃ7\q\@\ӱp9)QDb\xd\z\o`~;\\ZcP\\	#\0\r\\\X@T\=H\-Ĕ_@\rvdG\ZX^[#ӍJbH\TJڱvD\S\!\\+)H8=Q\\I7$\Сw\u\\\\n\0\0 \0IDAT\"\Ē\88o ba:F\P3\\*fF\D	8	\fОf䟆Mǥ\p\\ڴ\ZS4u\p\ڌJUCG\W;{:\\,1U\3pa\&\T\"\0b5I9a~մ\\'*ꡤ\x:Vj\ZHQxJMW\hq\Cm1Gsv\\<=VvavkCqlAHq\'\24f6E\TO~\:u\"֣\\n>rƑ8\\59$v\0wɘ?/\v\xݒ\\1/nQ!!\} \\Y1\\@ސ\\\.\F4Ų\\\n\seu\p\XT;	o\nEmAz#%\W\@sS\\֪O*	Gg,qFg;j錴SQݒ\ry\ZF&-y*\u\"\5\/nF@ՠ1\\\0pf$(@fړBV\7ba\\cR\48\кځ\հb\\\Z?\8\_RA[[F,̙\\']o@<Ml\\\\ǯERǎ\I\^l\5\B2(/L|-\\6HfUX\ud\*B\w<F&`>yS@1`fa]\@̏Á\tuBg\aUY0E%\MƋ?\J\\\\.DZChpQQ\qitv[p\\\U\\\hk\1<2TG\n\_\E\-\'\>\\Mgh\Cr\\nhIV*#\lq3ds!\'?xc\0xy\\^|\caըGx9g\5LW=\\v\\:G\1\E0(jKk\\ \W>d[Lg\&4DPܔ\\i\\n\ڤBt?Л5u78cg\nL=\8\\Ot.\t\tjH@[wƼذMG\z\}zH\x#+\&	o6nяxP\A&D\:XD\\P\\\.\\<s\\\\\\66|\'\iR\\2Jr\Zb4ɚD\=\;\\5\A\\U\b\nf3\@jMAʷPt|<u\Z\\\\.\\4|\G\\'U\\xWy\\73Gnp\z6	8\q\0*fz95-\~0 {\'\xudRmP)\\]\\\8f\|\sW{ ̮aZq]Z\\}rbA\aV\h\\Z\n\\9\nWP,\\\\\y[o9\=Ac@o\I	\[rPxb}n\\Zt뀄ƌ4\>Db@lmeh̜{\X;|\\\SƮ\\+\RVx)滈;\n\n\2\"\\RVڲ~-ҿeF?\\ǁ\\H\\UK\\AR\Nxb+\O\E\԰\_\\\"YMle6V\B3\v\r݀X\\!\;Ixn;\\%D]U\\rtY)i2\K\#>:\n\d]fO\\\'\0~%@f\	xl?\\X\\?ލF}Xr\\8bxb!8g_.v|r \ ʥ\ry\k\m\\8lC\'.\dD\nmePma_?˝t\\ފQ\k1j!Lx\'@VB*yxLii\[%h\5\\nק\r\\(\v6_\}PX\\>\br\Ayԅie!\\գufhUx	rklI_\h\#(U\&?/lq\bjV&H\\8qxUW\\\V\j\#*/b\\o>!\\8\N\Jw\n5s.*sr\Ϗ\^\ʼ\k`\x쌏z]HO\5Wi-Z\Ⲷv\\nQM0{kS#^\r\\n>~\\Z\\w-\-T\TV>@S\\уWh(z\~X8t/\[\\Д\\F\cp\/\\\n|\[%A\_\\RqslDS\FT4|\$\+_\R͡3\\i4-]\/\\/\ÆO_e\"\r!k\`\.h\Z\r-\nEN^ 	\D7:Nzr\ZՉ\qɯ\\B(|\9J3XrJ͕$yD1z`!-\\mx\\Z,ϐG٨蜇u&TfƠ4\\;S\0*ed-B\@c135\\\MT@\!5Jtp1m\V\?bhNtd3\"\MH$W*oWm=\%\\`b\\\\5\=\A˸\\\ֵ\b`F49sW~\ti(Ab\';VWj{bO{\0|wi\@7F/\֔p]4q\|$`P4/\Bak\!\\.l:u^N\\Bg\Z1%\'\\\"\\0\'\lWȫ\F\\Q\KPuKkP4\\(Kعy3_b|S6,_..\י\l1xpi\\ۅO:q$3^^\Ȧ=\\\ulD)ծ\hL\\\\DXVl\fQn\mXʍ\f\i,	D%\}sנc-\uM>w\"$#;R3(@uj<)|P+·m$]5Ju\oڷ0\.Dl]rP\T*hkk\Adnv>2p\S\x󜫸\\nH,\\҂\a19\E[UIm\f%b \]i;Jc \\\D2eay\B\rWp9\\\r\\3r\\\;[4,ą\\\Z4;\Q*\\\4N\\5v Nݏ\,a=\\\ |QlM\T^s9I_.8PT[ↅ\\f\\sػ\N9\G8iiT\$R\\\^&b2j	.2Z/\բ:\_D5\4\#x\Ѷl?D\\r\"߰u<\>\q8~pN*\'{ɈJ݁?1?e^^݇˥\D\\Zcӈ\\Z\EXzW\\]0WċA<qX\"\LXPb9έ!\\]ׇ͟l*t\"1R)T\3\r,t\x\]H86\gnB\\'\~aF֡lU\n*,u\#d\n+@!{uEDF\VKLpmGD]XQir7=po|`\Z\ Rc􏏢\W\\RI\\ߔzs@^\\\p8\\׎	}#(\\\]aǆ\	Et2V|\Pl\$;ƍ?\n\>3iYU&A~zj˾q=\)\\\\W]dG\*q\]K\\\E`fl\\Liˊ0Ѹ(ṎX\ecjٵ\r/?N|\qJ\Z\Ѥ\1tNT:B\z`\r\0ZI6j=\ >\Q;>kҞHuEEb\;C렆 \ZCJ$r\n<⠩tD\qOߺ,//&&lEg\\Ý~,\\w܁c\8\0TO;\PL+!/\gmY+\{\V\f0ׇ_\B-_B.*3ɐI0e\\j2fYRx\ƿa\\\Ei<`Ux/ca47J@H\\r%H%u\\L\-*\K~Mv\U\J\\\/F\,\r\vH°ڳe\DStvvbt\\?t,\90c\\Z<j\\H\#\r\\;\'\Vn7c{beCw9b<\6,\n\\C~\\\\s\Eٌ\"\ޏ\\{\\\u4\2\"\"W\\qQ<X\\az`z{by\%{NS\\\5gi_A*\$k\$<\abdOo\F9\VЖfGhO3\Wi;k	~v-b\_\ATF+P\Cي\\BP2\vP\\ݤ5 \u\h\VEm*M.x0n \\d\'mX\nB4\ǒy\bB[hwR\\\ǌ\\!@P\]u\\C\މ<\\+l\=B@ÃsUu\Ua\`~rz\q5HrF\u\Ͽ:c\\߻\ZQ\\uXAa~*+Zhl$5l(}Iq\ͧ\n=I:w*RN\n|LH#?\_{w\y/\\=	Q\Į\\a\r鸎\\|gQ@U:%A%f(h\\\R\nUad]\gR\	$\u\\:ާ2HLg,:1jM}-$@S\"Ata\pAُ@Ȧi\I}`\g+\\\63Xp\@\\:Rn\"\ϧ\\Jk%9!)w֍YEϣEB,\'ۍCqfDɬyNl?cQR?YzރT\Z\hO\]8\*\QU|\\0]\š`&n\t@L\4\\]C\\]\nn(vl߂h$h*l\\58t\r?)\r(lfj\W\܌\tC$a\M/#iߑ\ TCՕ3\Z5B\x\nptC*Fn\n/=8̂\\Uہ{;Eޱc\Xq\+u\uFƃ%Zap\Z\-50\\ .񗶡1U@-Rt.n\\\!\ۉD(zv䡿>D\G&Ѳ\P\\\m\\`E4	[`<_:W\X:3\^T`֎27mk;	X\[\"\rw\4\Ё#\s!/	\t\ҌP\1K8\Q. 6Л\Ƌ7܇C|O$\Yq*nM-Ə<\:8w85k&aD\@\:	\~\A[\AZ/\:1L7\L\y`7B?\r	mZ\Z7\۵ӓjh\;L\m\\\Z}Z{\\\!\0MEXEm2\d%\\Z\\4\\׉x4΁z\XI>\0wGU\\\Z\⎢q\\\¯82ßA(\F\{\F\\\h[ф^\)\T˨[\\ 8\\r*8xgRWlS\NL\dm\Mń\'SB?\'p\D\\*\Qa\2:0N\<OEyXMX*-!*-\\\\Y_C7%\0yqPå\\n\(\D80\\\0ZÑ\T\\*\\)mjå6Y\n\\o\\Ly\}ǯH\em\HuEݑ^`#BOAF\3\cOwFoWىV\\.^\\\Ƙ1%\G\J\\ Z-ծQ\Y\l\\\r,&g`RM֔3tr\033\L\\\RFT\rw\?\kx\G\\\o\/rX2+`\Ru jGG\z4\'n$B\\\\QzԪ<4c1\D\(!AT\n9\B\r1s;4\\\\	\L8eq\0\'Bf]bI+\w\򚇊objPzղ(;\rD\w\G~3gE<+c6A\ k\B\2X\\e2ȦM\Ju\"w 7k8/J`+\t ZByJ$\Z:\|XZb\Z~\\Ջz\"\hH4\\\\jR\uP\}\,kSѓ\\BRi\\';>\=i]ER\H\ǘ\\Ar\ј㛰D\Јg\s#\!\ZYr\Lf|\\QC6pF\Pٜ(\"?\@\\\1g^X>y&=XTUD\"&F\w=7\؅tO/_Fd\\b\0\$;\Z$\q\bIw@%D<\ft\\\\IVGA&ըG7m(\Qe*N\ƶ\\Xp\n=\\rj}l5.5\\U(5D`\,xQ]\"7Iٽ8\&e>`.SC\\\JuԿ_@O`ѢE\Keɧ\+\\Z&r\\F2AlCȮ÷p#O\"5/V.aƶcL;֡\nEĝ[][uXg\/r\\m\[TI\\XZ(\\"i\\\"zGP\Z\;\\\疑@\h>L\ hSZ/\nJ\{@\YLYe}\Vejܪ:~u塨#0Lc*0>:e+VRFp\G\5{y7O\|/>\\\\\񮓰t24(\\\\BK\Zy\3pMD&I\'VA2pŀ~:i\P$Uoߺz	\L\Zj!\Տ4Cq;\+7\SNM!L\"V|o\0\n\:.o\rJс\ׁK]\\Za͞$_%\"i\UXGEw@)\c\1ƞbؓZh\.uuq\\Γ϶aģ2W,j\A\2`Q\}\8p>\wX4m!\tg\"\}\S|C6\{lhb`\X5y\\)f?*T2>\\\\|%RYfjQ\\p\ŸV\\Z;\J\\\J-i\r\'\~\"l/?F[ 8\9zd\a)~N\0\-UH\'\ػ{\'f&&tdY	\r{{Ƿ\\\ϝu\"!Ƭ\K\Z0p\t\\b&#\c+%\J9l(dV\"H2Y\)\n^\0lc\-lym3r\3t3/\v8M\\\®\\9V4^}|	4R}\\0T:Fq|\\0[ı5W\\$t\0bKXK)D\\\\r\\(hu˰ctZ<$嫥r>Ѩ6\A,B\5R \\]P\TtŒ}p92;^CN߲\O\؎\\lEm]o?s\0s\iZ\\1\`>_\Z}Y\\:k._B\?g\:\<Xb1ly\\xս8\\pP<\'K6\EL<$mi$~{\]hq\\\"\'\\8\,D_\BZ+\2#\r\\[;R\?pD[\\SGp\5\ޱ\r\mXu\1Hf:\DJ(Ѡ9aK)3-\+%\GFߵSXKB\'`Q\zIݐŮR@\\\Zj2\ǧ1wr\rcS37;\\Z爍\D+W9\r\\\κ&\\7T(*H\ZQq\+\\~fG\]|\O@e\\ե\0&\\\\}\\"\\CgV\\\`ꠚg\'畺ZE[9\\&\"6]#)\\0i밒2\'mV\:\}l*xȦvYMɶ͔j\a\F\u8=\'b\Zǿ}vz0;emh\ap\Z涇&̅\\8mEቷ#C!a02z2\|}X\_E\j`\1\|I13\ܲ߻\NMH\~a\\'\'1\[h\\E\\\+e\\n\٨1KJf\pV-A\M!?v\F\\:\\ڒk\zh\\\n\5&V*\U\$; \֎duGE\\\cYzеh	\-\\\\㟛\'(Q\\p\(6c{\\\Mof\l	\rhJDbȧU\\'Sgщ1p\\'QvL<\7\dϵ HRjn&\@[댱V,17k**\4զ!	\Hs\/\nvߚ\[ }\ \\\.&\2\{[[Y{\\C\tf\G\!kq\\D#\\'\\oM!0Spm8t#\"L҇J	&\Da[!W>y\Y/P\rV\:tZ\\Zl\'\Wd\\\tv\o\\\p\\\-\\>T\WΌcl\^/Z\RAM\\@Pa\\\0\0 \0IDAT\\\rZ06;v;Di\*{w#\\\'V\\\\\g{RSA%WEqf/\T\\Bײ\\y;*\cS\«صm=mxer\'Cߍ=5^s;h\!\Ԁ^\r*mƦ\nX\N\ސk\Z\^dX\%\B\\'\PlW\Es%[fDh\\\u\r!\4C;봊aDבj4fmIF\5BOǐ\%4\l\\\\gkh\7 \ҋ̵ٷ\r\\jv\K>9\Z:2\Zs\y8x\xj\֣\G\\ah\(ݕ\rQ&\+\4M\9\5d(\NZu\/M\\"cTQjf\j\\\s5ԓO\G_\^\Z\`D\\\\Y-\\7^aF%]* (MT.#j\hX@S=\"vKww\nq\/\4\(\+H&\PA-W\!/GrrX\\Ri\rޣ{w0cwA\ѾlkL\nfBg\[c|l\?\\\\\K.A-m[k8KC\LW\\L?-q\SWsWSX\\1𵉭r\\#mK5SW\\ܿ]\\8^\\\.\̯\r\9d\"!BA6y\\\ZE\6\'j$\\hsC\U\ũXe\l5jq\}\EZ_\\oasU\'N\X\'X\\ѳv⿷)L;\\:,=\\S54+Q;\\"yP\3ܵMip?\\\n\Ě^\@PG,D6C]\bf\{Hw\\^ 6&\O_\%\CZ\4pػ9>\{v;}7\g\\5C7*\x}s(L:2ݏ?\\nY|ݙ\ZN,*iB+:?\{-C\@?FGQȕ`\\;J!%{)R]۷\?=$\|\J\_:\'q\\'nϲ\{Y\r:{BB>\\$b\y\\W܁er\>~\0%@\;B\]\)W\г$á/\"#\6$ވl(Uo}\\r(\Z\o2ʁFb\ف-$nŊĤG0iB#l\H[W<h\0\\n\jZߨe\u:\&r9HF&NN\\\{\"~\0n\QBj\ZIA3FNOg*[Z^X.=\"K\\\rX\\9\\\pŁ\rY`\q\qw\Ђ,\oz\Ox\\\k\\rB\\t\&t\U ~\@5C~b%Ww=\n\ڕ\\\;vlA\"f\W	h\\R>?n\\M\\c0Cv\rXVc^{}hO|rιP#Y\l~\\\0\#q\\e<q\\\\ߍO<NN\OQ\\\\\\!\Fb\>w;\"\j|p\\MSҘ\\\Z*b&vΕxsܴm\Z\qw\!VPq\C,/\#\/\[E;vw	\\$\xZ[@ݔuP$\\Ne&\\ܧ}\\\DՋQ\:\	O\*7\rLJV\j_\\\%\\hN\E-TTE\\\ǖ\S#oNVb\\\FR\r4ClSq|dd\uHm~z\n}06<g\\~Q[>+\K\'@mj\|\ELMWew+>˗\?%v7p\\x\	\\_\?\\\\1op\\$,`.T]\|\x;wl\\\D\\4\\֮]І9vf\B6~Wp\\\\#]$>~n8\\S\\$ň=\,]\mkT\q\Si@\P6CZgTta\t7\\\5#H\$H\\d\#O\8l^ݳ52\I\Zv ި*\j$/<\O2)*p\S9sC\ց{HyC\\Tx1\宼I&M\gZh[1y\`\\8\\s\\=ߌ#\\<Y ك\M]=\"q\POb\f\EDF\,|Z6>l\VQC[Qd\\\\\	>\nO\O5\Ê\`\\'%\θ\bSS{:><2\\%80`t\/]X\_xk:\Z^$)+/7\r\4BI\fS4V3\do\گɾxvjn}\>\^`p3\>5l@z\<SS3\\o\~Z\#}{\^0:-v\\\FKw\\Z\㐉L\(V@o\\"Ħ/\{.\\P˟e7\<2Pv\^`\02r\~\q\ϰ\\aFl\quktH\'{K\O\꟝қ\alo\/\~X[+g\"VD{\\%Jlmn/K\n.t/܀\w\\Pݢ\\\\\yV\0ۓ*\{>}A\u!\nGpMa\_㢥0\Z۱z\Ԫ>v2\/]ុ\uS/\\1>u&:ں	(\K\Z-j\43Z%	\4#\\\E\ej2\'jb\PyqS)ПhE\\\nV|\Ï\\\Ŗ,^0\x,:ha\\a\bG\"mS_\?ի.\;\'\;aR텢EKe\dH\n[:2\;So@UD$u\\ŋpǢf\&\)7k\\s.\]?\\c\ac|+̆hD_\"J\J$i \é6ols\Zm@¶\\z6f\'5Lr\?\n\Jv-Y\nj\\\i\mdڻQTڀ\߬\Zy%7㡴D\=xȪ\'S\\UCX\`2F	//\rw`á\/c\\<(FO>,\)\D\0ן\Z6?t#Hq.\+8-\Z[V3\ȏOB\qnF\D&H&\ekPU\~:)de\\\j8-~Mjw7\t.]\*|5`mpM\rw\\o9:\(nن\8\i0\A\\3U\\\rg\0SH1\,q0\\"\\`ԹNg4e`ݪ^\\\3CS\" \a\\>\"4=Cbf\8!߱\\s0]	\:m\\\l鄆d\<Unl*\\\U\)\Am\\Pv\\ZBV/\Z(&cjNB\\\\\³20\=pԄ(!g\n\nKfp܆\\p\\'Ķ\wȘ7\V\\\qSX] |k\\\\ߞ݋gM\\/;\,\P2\!*\\ǄFoW\	\'Z\\S\CMZ(\Zݜ\'s\&)\И\B[\]􊁡@\\\lx7bF%\Hc|\d\/\-8\@LYP1\'5\r\Z0͢;-G\mU*\枆a\HZ	4\Z\"\90\БhƖ(}\\`3Ŕ\yPp\\G.\y}\r?\M]\2\\MћQUĨ\$M\0C\"k\\瞖\>s_a.\:4fWW\l]jN-&etc\	^,*\-\h	N=N\B\\dZ\!i\"U\Z<g\r\'>U\\gGW\0<\\'yq\\v|\}\'\"MC%Ofa|>P\3+ATWd/\!\)~rgyRm\"uj{C5\$:\վ^lmfW\ОRui_^Fef/\Z\4t#\\nt\LR\\|7v\\va\XiI	͋N\cCe\NPA\rl\\<CS`!V^\Wz9\w05e\CU@1o1Ã_q\Kp͵\\>\e(Q/kʞ\\qU\\\-\&E77~-\0u5z\\\<\o\r]s1-]wH_\.ią$NT@SBnq$#\n\nD\磡g$b\\\\N\ZBv\0\v5\~\\\Lv.+wE\\#j\xzz\'Ɗ5G\q\\\'\"J\\fXq1:Nh&#S 2Sp3	9]w*\\wÝ\>-Gx\Zl\yp<\nj\Nn-\0M\0tfU\Zla\\r$3Yxn\\6\ү~]x	~v\V\=\'v(׾D\7MoU\cs\yD=\4K+=47\4\ik$ߓV\cɪ\\H\\*	\rf\\\>\u2_\/笠%2Jd\]u6\=@\/j/\\*̓\Z\gsZ[V\<	ڷ&ox\\"]]B{sV\\5>/\\i\@*\b#\G\	\\Z\Q\0Z\A\0~0,̺!(f}\GiKԱ#jxO\w<GF4i\Ջ#e\\"0\ueEK\(	v\#\t8ܘI]%\Ԑ\\+#F0\CI\\\"\";]pz2\)2NؿEre\w\.X\\v1L&\ZBuo\7\~>\"|\U2pu+lЬHWc\\.:u-q\Gx՗T[Av9S\CS/bh\dP*#ñj\@]wC\\\e~\\A\\ޖ\]7\r=\Z\3\yi\Z\\\a\\n\íR7\|\Vk\ߗMFq\+o`tn\g\3w\\Ģ\\t\xtL~yPCQ\r\ȄH>0Z׾XH\B1UN\r	M\{fpx\\\\k\\\\W\­=\\,N]Շo:}TެOB\Fra\E\7RɪC\й\nTm\TNC\=ʩuzԗ~\;`Fڱat̗L\\\.;H2HW\<­ A\\ʌ@a\JZaj_\O\g\ws	H=d\"\!ܛ\V`S\Zĉ\G+Wax\~Z\3\@]u7\\55\w\x\\\S4.ķ%bqA1\օ+WC)INAxc;V\~\%\u\\\n\=\o\\i\\vp\\%HG_<FW:yP[W\8m\\\fWN$\0\ݽ\xZMX\\u$p\l&mi%خ\}\0\]G\4q=ޛ\F|tȐd݆T\{\j\\LA4A1\r&M%f&ą\+lX\F2\rQ.khS{yn\䳰:\\A\֢k\~R\iS\r\<Wlɮ)QZo-\rMML\\\eQ|L\ߍF\Z혮I/[V=	jŬ\\~q\+f*E\YVd\1MIC1<dŭ]\\w\\s0<V\!\\r7tJ7ѓL\\_\r\#{y\\?\\L2cl\\\\?ZA\֯uwepƉc\ո꛿_շ\\P\3\JT\\&\\4C\a0WZ>\\c^Q\\"f\nYWT {~I\=\Cwml\A4w4,\\\K2b,\dpʡKpʱ$j+<n\%+JP\n\r>Tl0\ZmccүJ\aO\t7))\NMafכꖝؼswT=t6t`\@˗-@\Hg0\ړ`\UX\P}\IDrr\ZBZ6\\\\nx\xǗnyLr\\3d\IFf>MxX_hw\\A*YQ	χU\\[\\w}$Ĳy\u6M\0h>\a>V|j\B&P%xV,\ګN\\S*sH\\czP*W[JqoUs\7\_\\\	Gů\d\,\\"\0͡i\`ƿ/\\gM.\0bݳL(\iu^ŅBh\HZ\jf,Lt\#\-\"fx\ZthL\r_`>\\!5\\X\r)\`$\rG\Qp\aЎY\G@U6@4r3\1\\iFh\\R+\.\1\f\Z\?AgG\'E1S}hân$RQ12?>T|\z(\ZF=TU!\#\kbp\X.b\\I\\\L\}1\e\Z\\\6x42\H\gWVooJS\\-Z\I\\'.\;\V\"TITW/\;_sϼ\\^\%pxK7\\\/3ӰϥdxӶ[\0k^Ohs\c\\R3I\\\R>\V۪\uٓd\ֳԂ˜Z:U+\Y\dEh}i\",\\N1z6\\\\u4(Nb\\BOG\nw\7t\1p\;ʥ吒\'I(\=bA\M.K\\z0<ͧ#͂\e\\\\#=,\xa\n1TJ^zϮTL6F\1\ݎq+W/Gj\~(\0\xm\\U\\\<\\0\nb\G??%\\\\ehך8\b!\&Z\\vmByku\%x\=\d\9.,o\\.s{Gq\q7\Kz=O/?\|\|\rzv5B\\\A5̸\0sQ<HS\Nw\xYG~p\\\\&\XD_!aI\+\x\ΫߌA\Z\Z1\8\\Qld*\m]6)JÈ\T:\\Xt\ay\ǰ~\\Z|\p\P7\\uk&$\0)yt&Cae$ą\r@!+c\L~~\Z\$C힏J%\o\O3`\H1U`\'\n+\HGTt\qM`큫P,J\LP\L<d\o{\m\S\\\'\\/S\r8dǁJ&X\Z+*n\i\H\%6ld&\c\\f\g\a\\\I!=\\+:b4nɷp\\6\p`F(V,l98P*U\|A-\\Ý\QaOM\\K׻;0o~O<J\\\d֜\\J;;\S\ZVZ.au\Y\\"e|ڻ\1\0	sk6\dqio$\|3\aɅ\nY|\\k\v(\\W\'_AXE{4U)l\\ыK\>\}b4ѩ\HE\"i\#3D!\#\<^/86-@Ňٯ۟7wL`\<\fxZ\3Ȧ\n\Z51\kby&.\\豈<LN!\Ұ]~\\Rq.L\\\\cE\$Jj|;BRy?|\2|\rЕ\\\\n{\rʂÕtV\5\'\P\r!9]T\E)\w\-;\\"\G@g\dp}\F?qҙgȢC>\g!%5Y`dc*\o\ \\T\\oo\\5g&?s(\'#\0\\ᦄW\7+G]GK\\7Y\\s\f\rՏ!QZX䬸4ģX\&&gd4h/\\\\#\ࡧfUaa3wYKżM\4mH\PMyCP@m\q*shGN1\U\gfPwm$ \֏jX\'sz[GG\\\AA܌`\\(x\\\\\46]ˇD4W-L\"LBc_\"-\эQTH&>\rԘX81˿g&P\F\iPYYNz\\r_<s5.~\0d\4WsII\M\@X7AI\3\<y5޵pI[\"\0Zs,M8\gx|w\G\\\vu\؈$\\*Ep6\\0˗w\矃O}:xs\A\\?Љra\Zl\B\r6v\Z\\W\r\\"\GLOU( T=\rF\Rmmd\0E/,\b|\\\ސ\2+]*%D:\r]\rt\T|IE\E\0\0 \0IDAT007\ؾCbԏݰ\\\"8fj\r\\\.d;2~?\r\uP\		^\Ulj)VA^k0Xb\^|c;v\m<\k\\\1&G\\\g-\\\\Z\\A+BM\\D\b\F\t\h\b\A{\\bbl?E<\FE\"\\E*\pa\"#\㔓V\n3,]ӚWr*\Xz#S\\")\@n\|\8\\a3\\+%kO&zBk#Ak|!\|\Y7\n[\Pze\Wt+1B\\\Qh`;\FM\%HńH\\\\\4s\*Q^aEj!2,~F-к\ѿv_\%qs[FjC\ )x\e\\\\l\E\\8t/\nyXH8V.\BO{}=\-\P\aIo\Z,\C\"q\)\\)$S)|P\lY4g\\ٟ\t%.\uj\\\˛Q7\5u$ʹd&|\?\lx*v\gD\@1[%\f\n0\b\\01eC!7\ئaXBAI\vJՅ\hK\-]$\\[i>5qMJ\\ZV\	ABfQSԫ\\\y\~XB\\"Bk6!ИB\\).z)|\\\\O\\ x5Mij\f\S͞g)&L\֡s\\\* T\.\w\qH\%\q<\6\\4#Dg\nP:\\n)\\0MG#Bg=\Z͍\"%0<D;Eb^\<x\rr335\ۍ\R\Q\aA\Q6\WK2\<l<H\a\T fX\\\zm\'\Ȥ\Fi\J\02_\+$>sϭӷ!\\F]tC>\zص7x<!{:J;p]\3\x\r<\xq|ۆb`m(\\X\ׅnJ3IQF#\qcE5\\"Cr1+#\(k.\254\\'JW\\\8aC\=\_\a\\Q\XyiL\!0\\pk>\7\nWCoh\Wqر熪T:t\8q\K4	\!)%\toJgEm}c\'JG\R\YB~3\\\\0t]I\rkD\㘨>s]?m\&\Ys<g\\s$\nHۘu\:a.x\Z\\:\\GA& !!u<\9wuU\\9{m|wyH:gBw\W\7ȑ#%=\\X_G`RT;eV]>1FAh$bx\a\-9f\#,\"!)8Np\R\\?\z\ƴ\H\c\ǵs9\\c,\L!\ZЃP7\k\X\r\\w\n\"\Ba`6F#V\r>\cy\x\\8A-\\ӑP(P,͕\r4Is \\xvSy\\'u9v3p>V\\6%~U\\[\\\"Vq\XV?48T\3147܈\NO2q{\+\r\^f\\l\\)罯\_F\\\QR\\w\c\\_\\\w\ĉ\sk\E\E)\\}x|A}Wq\\_OEß\	w\f^9\\AL\'\xǏ܇?\\.@V\P\c)Q\Bp攰/\\tdL0{FrQ={cG	t\Ҷ\n/&G_\\\sxީ䧾dMW$.\\\\T\\\HV#M\"A([r:G,7\O\dqK\M|\\U\ot\\\BװP6i`\c~\XT-\\0u\r\gq`q\nIG\瑛bQ\PXV|0٣(??\\r\<\nQдb۔+X=\FB\\\n8>\@ʗ\\U?]m\Ku\\\Z\\\\!aZcC\s5\V\{0!t2\g7\70e{\$dB[bL0U\;G\\_\\aR\\ܦf*a\\X¸\q|\\\钥\r7\\\s\n@^)&N\.\ÊHh5\\\MqYN`\\Yt\\k\\F\zU5s55\4^~ڗ\"\zY\u6&+\\k,\.c\Plqa-EayPLƧTX<Fe)\;\\\W\MZ-#o\hBtH\I94a*V6Ѩ՝:d\nYb\Zrҩ4\B\\\\cg+ɨtt`X8\\姿J3\r\f\\WY+\Z\"\\CoݱD\0\X	YS]%*ݘQyky	|W0Dob\~\1s\ Ju\\Ovw\Zh\\{\l\`3=5w($(.s\s|e\J\\RصkC}kh0\8~-u^<lU\Y]\K`b|\oz6\'~F}B9XkhAR\ދO#.\ַWit/\0b\\8qV\ׅZ\lFl*.\OBc>@\"\=\\{\v6\`\Z^^B&DV\\\H%s\h,|Ad\\'cXsᑧ6\JCʑ^/\zcZ\B\۬+0\x\\!\r.F\.fL,\\sH\6?k.czfF2u(4\Vډ\>j\\3\ʎ\ h\PɃյ-4>ӷ!K&\"\e\TW6m8Q\0f$\/&\\1xo\[\A߳~\j?p\\0\\\\\wl\S\r&M\'\i㡁i\	P\r{M<+vFP=F<!\䕋ȅc8?Е\Dt:mT~=\W3Hիd`o|\İp(Fv?_>\\\DT㎥YLGl9h70\5M!//Hq*oVUf;\E\\4>4\\rYo{\\X\F8\G*{CA\\0faM9sz/\܁$\ G\GTMf>0H;]Vz$\n\\Zfj\F\\Z E\\'˓0=B\#}YieErhR$\Q8\i\%8h\"hL\\0f=\ďZ`{HQEwǥ~#l\np\W\z\n K$\o1*q1.xhLo⧁\ޏ`\		vJ]\Z?3?#e\+Hλ宷a\\VJm*aq\9|\\\\2B^P\Pq\&\\\\@j\y\K\=/֨\G<ն\fl\\Hd}YkYx\ON,Ĉ\(jkּ|\/\*\ߎX:;D0׽\C)\\\5\L\\\\0ATFoȘckjXw 7K= 8:\nr\sE*G8B1	F^\'RMYқwjl\ނeP\aF\)\3HOEd&1	\ey\l\\\O\\\x\\Y-\JbRA\\\"at\Ev\.\\\!sЧktm\\_Q\7=KK\\'r\@c7(\\O<3[U:E<S:\s<=}C\\o\n\ƙ`.|؛E\\\N=\B\A ckZ>(>JC\r\d2\\ߏX,.*\\dJ?;\ͨ\^}\\r߉J_(2)\LX\in\\)*{\ǿ{tY\/Ĩۇ?l!?=!95f߃D()G5\nXÅ[\\\\r)8\h16#o	\D\K\ \".\q*\\'|ZF7+ĺ\h\'C\uN\0w\\ϑH$dk#;fd\\F02\'\E㳠\G\"@ثt*{8\!MaksG80C&!E0;7p4P=\Aiy\[HG:A\4\^\\\)Uy44$:\\0xDF[)5زh|T\eJ1\q\Nbin	ɬ.[u\<}ۍj	v\0Ŋ[Eˋ7q$` k\_|\{\XzIA)~oLa\r/ERh\d\nI\K\wo\\P2\菻l70\Z8e\遁_\\{\\mU+Mn[z\nó\\n<\\\t\r~J\\Rl\Z\\Yh\ R\ZGI)O\+\\=\w\\*%\r\\E*\]\C(V/\\naefjd\"0D\]\OVF䉤B\B@n\8V\PD\nT	B$\q6,1\00\z\\@\\)\!\y\\CgPxQ\)a&\M\'bz*\\L<\$\n?Rhz]4\\#\,QeN[\&2q4F%>\{D\Z2Q/^x\A>pS8DL\#ԛ&:{\6zI\0ՖC:ZvD\\\zw\}Q\\F^m*\\3FV9A\l\}\\\\\`8\?YP8\WZ秿$6/\`8\\B4|\C6~^|˛npPc\P\MJ9DmwD?1K=9\AF\R\Z#b\a\\3t\9Qx\r6z\\@(\\[R$<Ɨ\kv<<\[#\W\qp\=kbd{~u\r&P\\0,i#\,*`4mUL	ʘ\ \)A\Q\\k𘦘|c$u\\YĂ\,U\\\8\'ZA\h\"c9\Uy,,\2QH. \0p\&0iՊnR\o@cM\\2(Xm(ҁ\7\ݷ¡E<=A\r֫<V*\`a^l5\4,omB\8{~>_x\q\\ %Lphd\r4[u؇\\Z~\ݾ\T\n\;ps@TU\x\\\#o~pr\}/I\S?WᵯO6U!SKI0%$} d@\?\"|\`18{.dW\\?7\0ӢRpWwZ)\p̮Fs.DJ7O[\\?\n:4C\/ߘ\Mc8\\g/`\B\F\s\gJXy<dn6\qD1r\-1\\\J	lnW\Z-\auz}D|4;|\s\l|&BK\"a\*W\/?w\\r>\u\\\Q<{	fQs\#H\\C\S\>4Va:\\ct\Ulmbswg\xlCIp\u\$akm\\~|gam\r\X#T:^4\]F\\E\ô\x\\\'_ϖ-\'f\'\+͋\?\0?@ȇ&\\K(լ\\x\j\ѥ\lXi\\\}\rȒ#;wQPQ+\\nwG\Z\RUS\܈V\"V\ԗ.\\D\\L\YĨ\H\fjY52+Hpu\\+x\wˇN7\K0\j_}q\\\\Jn\dFT\L	RFUXE\Ȉ%\r*#\\\p\4]\\0\\@\juǦ87L<\"l\\LJ\ZdȇlRjSH\x\\26wJ#I\p\\\\"\#J\xs{\\V:\\A\ixBQ	>NGt\?Z++gS\\\Z0Q\\8\+\X\aq7\\0\Z1٨\B|fۃAH\$0K\m\"\\8\֫15E\?kPNcX\lB#&p\3D\\{-1\X64ڝ\=\\aw(7\\1:}\\O\\'\\\y\IL|ahQs=\ğ\\9\8\<\{F\\Y:BVT^\r]+\@@S\\`5	nY\Xyڶ7\x}\Oޙ\Qs[o\\\\\E\\n\s_[|w!V|nN\\\RXt\8k8֥\\ϼmiaNPF|9d)Ǣ\Dy|Ρ\,\"\ \1L\\-9\n!0Mp\l\ypa\Z\c\e8QoUQ.!dq\t d&X>NVz_ԇ\l̌kF3\\@ŭ9\Qڮ>\B%XZM\\\\h{}|h{b\C\\kK\^o[\r\\}28\a\M\pK\\0\\z\'0l##7_{^\n\"\v\n\\\'>UJZiȤ2\\\\\\Sq<( J`o+\\Й<siQ\<҃\@\n\\G:᥷\L!\1\ZNĵ\*\]д|!Fb=\\\K椪\qm3\#@p \\ˇ\Z>\g|0.ȣ\ŧ_\^\\\6.k8{iupgd:GQdn#ŵ\p<P\\\L櫲H\ki8@DG[ƀ#/\"\r	]G\@:fIF\\\\P|db*q\lL\"F|X($|h\CD^v.\:3gW\\3\::X1F \PHAp\,frY\bT6&>}	\Â\\nCr\\SX\\8c\@.a\\A\z6:<\\q/cw\\0ɉu\\ں\'+fJ	O<z	\\H~\h7_w\\x#D\X/>s_x.m\ȵ\r\#,\3\x\~ҙ]O*qS\n\_G\s\W\\\fo	 \\L4Ct [n~&#\f4>\\/;ؚL%A\ؐ!൯dcq	y\Y][/g}/\\Wy\Z\:ݞ\\k;\}\"pI\\#\r!W\0A/d,]:|\;\rL9A\'a\`e\\q\F&De(\\wK\'\n\ZM\r\	V`>\\\;,\b2fY2\VVb\(\Y+\F?d$YݏT\b~~\nd\nZ\\G\\\\'ή@PkwaxYw\hFģqL\"HEc\\\hySNⲄ?\\\7\J9Ɩ\ZW@#\e204\=\>{jyΜ\#/½9\Z\'\'q\\\rt\Z\r|ⓟ\"#\r \\\9WC\1\V\t\re6\\\?\"+N\}XR\¾>\\q\7%\\nRFfю\Nf	G00h$)&Y~	\0I\v\:P\>fX,x\g@\\\\K\(K\\aEb\\bݥ\\"\Z:¡{h,Z.ٖ\>@\\0\-&cг#!\rF]v\ 0K̥= \L\'<*T8D*H؏VNNj{\2\\k,\-BxІNE0Gba\\4L<y\%[vI\z,|~\\\\\nl^Ll%\\`\k\}?y7[\\ɵ]d\TM3\1\66*H\'\\#\\\\\nt\\khn\\OI\'a\ZM>\߈\\rpKH`\PNTSF\x\\x\\FD\|\b\rZaBYJ2sT:A\n1\E\D.Ggg[^:J\2\\cv؇V\8x\B\\T\r\\/S,]\\%xEtO)b\\\I\5\x\B<@\^OV#>4GX\\1\Ztjm\n\xl\Ӣ\"LeQ[D\hʼ\\S\R\ة	G\Ƒ#G\I00@\\Cvn\\8\ԯm\\*VŪh\w\kAbPOH$\"\&3\.\0\0 \0IDAT2 l$\\R\z\n\\\G\ӭXZ\?Ic\\jw\\QMX6f\\?\'}\Z\O#K\5݋\A6N#M*\.\]\~?ڝr\$,gq׽w\\^>5xR(=e*qI3\WX\\~z8,>^)\\\\D[!\rCP5jN\09ۜ򢫝~Y(\6OC\)Z62s8~`\".}i7\@\\&(4\^R\\PbQ7aP8\n\V\HkAnJb\'\h:r![2[\a=dlr\\ky<8<G\"2t\"I\I0\QǴ^6A4!Mm\F.\\\4\p\0h\\dzV\=z\\\Nn#˖\\|r\\nՑBϠ6\аcaG\\xތ+O\\'`C\!U[S\Z*\>\D\C\\'\N5Zu\3g7\@\\\'`tT!]*	y\̣9`ƶ\\?QAwl$\<_Fen)Td\܊Фp\\>}_{\bv\0\:\K_m$J;\oR\Քl\Zx?<\\ȢK]`\ړ\+\nHb4`3\H\˱̌\&\n/G9\R\SE,+Հ[j\$cQt;\M0`ӄk򌑉p\r\\\!Af\n\e\\Q/Uk^Y\FP2\nͧ]\`e\.#\b෡iZUllla\\NVKuúp\)5yO\<[6(lf\\J\0p\~\$ި\d 2\\\cA(\KcD\"T\=W\\\\\\W>L|\#\s٢Fݣ/W*ӳv6y:K\AzkD\7\S\\ZP-eWH\˨\\\rPu8pn\'=n#4\Z\\!H?$oՎzHg \\pX2)o;fR^N R{ʅ+OV;*t8\Z\nY\0\Z\r\ ;\\\8\Ĕxᚒ\Zsi\\&E\\>Hpdz\ZXla\Y\(o\\\\}g\P\\	ە\"\\r4Fc4{c<~!ES6?$ڣt8^\"U3kzefV,\~? ^z{Z\\ql\\_|\R@5[<f.\0l\9axC\<{A1q@\C>Q[1)C\UmS\\ /\\Ld~TǲPM\D0	=\7~AU\\CvOÚ\\j\8:K2*)\>\'6b|qgJUo2\G\\ip\	\Pxݬ\^ut5\UG|$x,P}?\x4B\RN	\OyG\B_i6M893\tpPR4ZE#A\rḃdl!d\"J[2ʆ	\Xݬfu̑ԤXf\\,6A*PS\\94\\\P7͡dGp\\~\\'\\\\A6W>NJ\#@ԚUc#\s2DKvJ8)ư;\%)ߟ\)\\\\)=}s&qw6K$\\KMkl}\D徜O1i\s\f[\-\y(O\~\ke\}$Ri1:YE?\\mY\UrqbH| 8b4r\Q0@\\}\nT\|(\%\nì\\G#1\\5i\1F\P*^E\\T6\'G?e\I\\rP=\hXSq\r\tAO\l:#:9\\!݇\aYcM\>׫\{09\\Cݶl\fAƓhu8WpI\\+J\᥃7IQ\<\/\T\\;v,\.kÞi/;\K\{O\r׭E\\9u \͸31W\fjfoc7ɧBn\QG\:Rp-ǉz$w\:Y\0\\;nT:\4\מ\\?#75\\"\\X+\\\\155-k\j%GR\ZTL\\\Y\>$\C\z_P^G\L\'/\ `\\#q\Z9|x\\m$c:,HE&\!\(QB}&(\	\\p#ެðmMb\\\eA`\ڭ)\ZXaG&\0\|\\p\ɗ;CէB<\`L\\\\p\\\c\\\׊\]\btwa\\OjyɇP\r$s<\'\\r5\'O\Z\Z0\KP4m/ӐvS̺\Z0Px\{~\ld)\r:C_#6^h[\Rcb\\F\,\\\V\vˠuZ7|\펄\r)rNs\z/\Z֭yY>T\\]\p\\6e	(I#\b\i\\Z\zMr\BzMٚH\r\f\[\"ȱ\lJ\CLtvG@VW&\#O\X˹\QtX\ns\2#\co\\I%PՉNZ\\091i߸?P\\oe;.kd/dԕO;\\N\\\W\`\\\\\صNMXPy\\\\U\Z\"\".(Y\\a\a4MvǏA\\mY\\]+CowN\\ȼpNG7\0\.5[R?Qr4{[\K4sUZHcc\\\E\\\Rj~c	t;]X۝Zt\"Ji[ttF[Q\Wɭ\\ͮy\v[5\Z1Ǉ\\\?\o	p$9+&\\"\Z۳\1zj.i!ٹ\\\S8|\<\d\\d-㰆\C\\UWG~ZS\oq6M\\ξ,\2\\\\\\_^\\\#\mUE\^ƽ\\Fҽ`U\\u5\U#WJL\	&~[u\\Q\r^k<\+X-U\\\n<#)\0`N=\*X}\!\=\rF(\*\)TÕ\U$\"Y\5\Iը;ԋ,*\9&\G\c\"JknH\v+\S\*Q{@`\*\\\"\"F49ܞ2A\Ȏjս\]\xzXG4#s\b\$n{\mH\\\L\n\x;Cb`\X\\\䩻W\ɄUѠ.uw\N\\jwh:{\X7\\\\UybˬzQ\\/[\P9O$t/\/a4\5\\%갃S\@#\\͌3BR\u~ՠ_}\-GD+^jU^0\\<\\,\\\~ʸ<2;Q`C)\9\U%\D6/\obYC0B(\?\>\:@P_\B\A4u/3Po2ʠO KYfT|\\Z}\DӅdv\?\)\0\n\t\\<ø\\$i,,\\\EL\\\#rZ\\⼸]\wtY\{\&R>\Pt\͔\O=\\\\\\q\0\П?w۰|I˻\%_2!0R\l\aE\	:ݶd\xL\\èT\MT{=FA\Icq\vq3\=!c*Y\K\0+d\\fÒ \\\\$)\\USٔ\0w,^ySXr\,\-\\>\ndmHo81PYOX~ʺ\jpaTY^Ew~V\By\\b&Gv\M)߇;2\ߧY\5?;~Ǐ\Zy0\\S\꣈\'\n\\"1bsp,.\͞lϑ,s\3\g\.\\9Ib\PY\#\pys&G\g7ȝ\N 2e>\}\4Bh\Z\\\@=\ɋј\	`ks#x\\ӏO??j\ɺ7s\Uˠp\\jaQZu:GnI\.(\\n\=\;\)͏\cZf.\\U\Z1JIFu\8V\vKdB\\k\\3\{\\j\dJ\[\#mxH)q3{n3\\\I)N.,<\B2\\N^T:=\\r\r\\ݹ\\\\\YSQӵӷ<\'PR<*!\\>-y[2{\\\rj?Ï\³x\}8s\\h\\\baa\z4$\T\Z= O\\Z\\E\\*Vгsܺ\'\\Ξ\e\<w9\'{\	vR5\"\A]6\R7.,\^QlX\yAMe]\\C,c\yap{jd\jWvU*v^\a\glD\l\d\K(\!ڦ)Q>\!53\A\"\H\œ8tb\WL\ނ@2h:/\"83ǙGZ\\QS\\uH@m}֦~\!\\U\a\x[ss\Z\l\\?\0z1\[F<j\,\!?cC$w<\gq\2٤ERI5\\d2h4U*x\\Eln#4WJH\%\{`m#v\sԋ Tq7\8;uK\|o\vc\0+\\d@$\	q3\\0wM9vQk|(\\\}> W ;gǟ-e\r\V|O\ڊ4\p\uHC\fO%\ad\Kq\i\\\\E\nY\i<\.ψ\\]\\\\j7Ju`/@\e/Uo3U[U\\m\\\\N\+k֓jbc&&fKrCS}XaZ\\%S\R\Zx٧H\S\\߹DW	Q9\r`\0ޟeDשij\"\\:ݙ\\\\l\01_:^]Dq\6a>\\E\\]\'\rFޏG)\\e\\^\l_\Εݕ*7VSyN\8y\ \\":\n\^\\(n\j\\J\'H9i\h\z\/\\"@RCHD;\ƟČJ<\\P7vv-\x\߁^?89铁W!̓@ّ9\kZh6[j\\\rv\\W0?(#~\rӅ\I/\j8g.)\r!DhB-ϔ\\Dn\Q~ٮ&\0\ ߿pR7sM\l\-{ӱ{q\\\SY|\v3ԥb\\=RfI~;\G\aLn篭)_)	\Q\d0\&ӲE[BE4J\1Q;Hu\\ې=T~^d4\0ǅ{ںBtmZ)FbA*Z3vrr\\\\	(AwAA\Z?\]q\ib\Z\"\\\8/c{}GTދcX\\J\@\r4!cc\SqY\"1&CLrr\P\\-l.);\\\v\{owj;j$\f7Bs\\.גnp\\f\m{\\a\\2\C\܆\}Xx\R숿\\\03\H\Xk\\>QwW251\\n22ƃz\\\\nL\ZF\\S]ƲD:Z\\@0#׊y\\>Ts$<E\\\֭ArS[g\nl\\\r/\\=.\TQf\'aC\G(\y^Å琎a\5G}\(k8}NFHFQ\\fId`mL\}\p\0Dgϭix\\yYa}8o>Y9;a\p7@vJ\Z\'p\Z\Aٸ\\\r\X\\\msXj#<\-	$\\vU\0\\:,72\0ܕ\'D\K\\\\ױ	\/\$J7\nl#:}<8zl\\\0\t2=\'搟C&;K@Bܱ\p%\@\\-nwu/\\~\i}\{`1@)0:$?\/\/1x\3u\\2D>pTB&\a\\Ed39\	4j6=ۥm\yS\G@MIx|P>v{t!L6rRZea{^/\Z\W1ҊGx\8\=vT`E;f}\0Anz\]4\pk\\-\r\\ˋ$\\*\-\r3B!M}\b|U7BHkqL\rT\\8@L$\4\0\\jl\n*R\]\\\U>0N\̬̆E\cLg\\Zp7(|ɐ\d.\p\W!O(=w~\z\vc[k\\V_Pȱ4!ݗvJ\U?a\?G\Ʀ]\T!Kѩ߿\\+\7c6\\̴\\P\\3B\\|i Hɢ\\\p\Ҫ\u\^`~\0t\\d\T\\\<666PVPjR\n89Ȧc4~\H\B\q.(\rؾ7\)%\#^\U:\5\\J\';ڰ\ɝ@߃_\AO\RU,\X\\\-Gbz\t@8\<SF\\l Ljx\\B\Hss/`0S`#Ja`Zj\ƥ\Z$zQq狞W-!5E\r2\b_F\3͓=r\ψnv\\`\T\ nl\VmU:\\o?퉡Zl\nT]G\B\\ouoA<D\\EpDo\B&?D,x=x,ͭ-i4.;|fGv\V+7M\9٣\\\\g5!Yczz\Z\n__\7ѳFr15\S\\á%&7\3\V\)nvM\\Nx\fJ\Z;\n7G\\XJ\/8	5u\n\9å[޸k[~=\B8+ eawp\FI!lk|8%\k|\\9\\y\\|\.`yqAHz\\R\S׸\\\\\\u0O\WG2B5+\T>+\?Z]M+c\'\H\٩\\\[dȥ!<\\Z>^\O;`\\=/z)\E4\ZCD\\tE.c.e\\<j\:\\ED#\\	b\Z)8\X}Qϝt:\\i9\=TmqgĬV%[0;;KkFB\'p~eUdPnG\\rJ n1{H8M\`<\]&C\Bìa2d\\,=ߙ\Z\V9u+\EқH w\9k\<ta\\\"\)c\nTG\TB(cbv\l L\:?\.*VXאkKΧal\04\\\(\T\1s栋\\4\\N$g\n\\g\\*\6j\\8/~䩯}\vN\z\)erL\\~q\|\rۥCŘ\eP\\\x\\\\F<G_G~*q\\v*A֯g/Ǳ#GQ.eKP)ВZtmmMj3^z\\\6dz\uW\i#W;	\_\\#:yFD*M	\bJ=\yD\Z6)6s	\ҤG8=k!\\5CL\'bhLXC\\hs\\'\#bŕţkN})2= \\,Ѱ\H\FgGAR\>݁\9/D$#\s8J!a^c=\n))v^ׁSR\	Сdla-j|>+eD>\ph\\l{}C{\\\\8zl\'9\\G>a\e:@-sC\Z&p\R\\rf\\-^\\e\hk28J*Z6z\\֡k` ꍶLC2N6\\Y\x\\\mR\\%\TJ\P*\\\̉$Q:nE#=ᇧr~҉\\چp%2ֵ<\sY$\qd\m\ȴ\#\\M\W]q6\~\hPZ\iǞ6/4O4\%O$\PxRL:\\\\<\\Ԕp*T\JCFyVxVkX)S\z\r\pØ\O#M\\\Y|\*J\>(\\Ғ?/\\jc&@*F*)GGBV\\r^2%TnGFWA1G\~^\\"\\\c;QRK\0\0gIDAT3u\rI\ӐW~\'ex\w\?\y:Q$)X\9\\0\ғ=*\\\\)^\`j~Vx,&Y\\\ZME\\3GHH\MFk5\\&\|L\7ȓ\\2\~6w\E\kA.Babk{V\8E8f%Z`$\ϡo\\$bѳ(m;ui@\$\x\#x\\K\'\9|\A\7Ab\\&!?\c2r*@zÑ\K\\=&$	Ȏkp\Ac\Uf\"\M\\\)\r֨\:\1?=`8\Z\":14n	<\t=>(XU?%1F\L2\EB148\r\I\p\󐛣\[6/\\׿{<\\\\$\@\0Y:21\h&\\}\G^w=|TC<Is[\4\\"\k%!ss{Kt\	\E/vFUĠ\j\t.+Gj-Q\e/My\\r5\\\\Z㉍T>\\\\rd\\\˒S\Y\\[3O\'%8I\,mlo\\r\r;zNu:\q8\ƹ]^ݑ,\Zը4 {H]N\	g\\\g\0vw\\\\:\\^ X-?rUe5϶S丿rvӱ h>M\bp\\W飧1\FP\B񇸺P\P\q\Y!2VMZZA\n[\YlCK\\"(d\<	\*\~\5^G~j\@\@\\\~aw_]\\\I\~aS\-|\_\׿\\hCֲTb\ 03sg\\13;+\r\NrPPG2%nm;T\\r\\Z\E\\l!\'0b\507}@8.ڨo4\0\Gzr\rENXRl\\xa[MS\z>QI#(2\y\8YDsy9\\}9rE\ͦ=:9DzEQ\چ\\@\\5^w%h8D$\"n\1\ċ`=⓺[2ԉǱS\`-\&͑+\2[\l\%hq\ZLpPb\\ǵ\S\r<\C3\Ǘ\m\J58/W\\"\gd)\\0\'\EZ\r١9)\tw1\vA={^y+f\15޿%:VN\L:\4uw0!č\2\X§>\J\2.-x2<!B\,\\\\-tRC1k:J\:\h6Ld\\8{PwIT#t;}d\\/Q\tE<\\'\\09ۃ!,n\"@:=,ti\suɻ광.\J\\\\\\f\tZ5\\@\rLW\\r]2\Y	\N\;t[\"\lM\\UՆ\\f\)\\N\\n\"O`cmMlCET]2UK\\r\Nj=TXA\	\@\x\\0^\\\^\JП6p ~\ϡlN`sB3RQ{*Ԩ[\n\\\\b=ͯ\\UHe3\\{z\\\k\-#;+w~}T\\FX\U|<P1j?\?F<4v/\\fuDI\M\`9O \ܖ½]q֪mdY|C\\"\\\\Dj\rGZmӪc\rSo/6*K\0\G4@^JS\Q-1? \o \'\>\\ם\\\D\}3;w#σJ!V_nLz-+M@R_\Ѭ\Q\RÊ5RB)W\i\W\@\\q\)j,g2g\5AD!2`9\ƀ\Zm!ć\uXϻѰJ\\}z\AQ6\TG\Z\\\Z\ M\hy:\rߧc\=\u\%Kn8\]\Wc\\"Y)ދ\^M\p\\\	\jQ@#O°L,N-\n70dS\\w\QzQ\rMq1A!C\Faj*)_i\ǅ\r!\82fSh7\\[\s<`&\\\>/\!O|\\߅Eu5\K 蹿\)7\Mcuk\LF\\ta4\7\_\l>\\8o^:6\\'A\0;\}1P3.xPY~Dʚ`.Ʊ-̎\17)\k\i=k\C_\DtY<\%\KS\r/\\g\` Y\ZShT~V.\\Z4ژC\v\q\\S\>Iw\D6\\\\Lm\\\¿|\)Ū\\\de_\-KH8\*(\`t=\\T\Z^\Q\N\lˇ\\z\i0\cߥGPoeuUP\lh\\k\hHC\"F֐\0\l\"\8t`Ac9%G\BVc\\N/]\\ψ7\"m=\\\fJ%T\ZuxaZc\0\h\#\iF4\]\EA\0\p2Y</c\a6\\;;xV\\\:Zae,J\~\0(θZZ.\\\n#\]\X琣p\EvR\A!.^-=աAJ\\\*\D\D\hLb\԰\ܭ,L=\tz\u8y\UxGS\.\\J-ɺH\$;zZ\\O~\n\ױUA*3p\0Ky9f+\m\\\9\>2ɴ4]C\\Ey\\ZՖ@S\lw\\\e\nX\㘂A\\u\\*Р0-AN~P\44\\PȤE\\\&ʥg:xAYWqǱVٕKs. \\\\%E3@h\U2Co\\Q,\2\\ue[E9?\^l\'sGwĜ\\k\<&\}<X3Ic#0u${@m½f0=\\"Fe`jU\~\ZXpDmRQk\\p\0w\ZHNs8{\0jYqA\r\^_{,\\{*F*]Bp\aM\Ю5\dv\5d-\k5Eӂ/^?nzW\xf\dVe#\\\?\\\\ӛ\z\N\\0`M\,x뤥P-70\Z(\nQ^\v00h2s\W0=5K++\#Ill\5ןOЋ\7Is\H3\'\<v\\nD\<\7\ԲMPq\D\1,\\#N \l\\\c\*\Y\X\\\:b\$̓8vx\z\ra\"p婓R\ZTZ]Q^Yْ6\@F\r\rՈ\\zt40xY*dSQ֥&\:\Z0^\RnW܌#\\\n)\D7K2jF\ƫc&=\Z\np|	\\M/`\\A\}I|\\OՈ\"މL*\#P(I)\'\\8\'5_>Je\rN\l*b\4\y͋-\;uZ\}3\Wfu3껿\>~\=W \hu\.,\\;\|[\\.=\kʕ	-LEy\nsK24r+\U)\n=U;hҟ\\h\E3Y{(\)=*$A\Z\~dS),\Nck\jMA\\f<6a,\\P_\\ZJ\p*\|0]aP\ȱ\\\\\dDW\.\ZFە\Zj\Z8\'9#\)\\2\sO5B^m\Y=DJF;4\F\Rw\)\B/WF.\US؀\r1\\޻oE\k;\Z`P}f=^ܸ\L\Z\T\Z\%\~T>ѿRETDiL\c%\\,n}\\:4Zy^\\'PXI&Ke&#\\FF\7\CpD896\wr\|mM\I\X\\\ѓafM{&4ڼ\ Tw\E9dNOP,7`Z&\T\ M\\\ 8\\>Adr)\}\np٥\"h\\x/LeEaݑ}@q\QakP2F8FTTV4\\O<=\\\\:7\)\'\\\2I\#\D)\vkN\jA!\UwǊX#$RDj\\RdCq\DHX	&`EyHa/\Cx\\ܬt\ɱ51ԝőϤ14X>=c*>:ф·~i;rp\!;\C\\$\|\\\<#kga\L\n\\-j\ԯ\8a[nW^wEP\b\\Z?Q\/ic\"Ka!(J0uD%\\qY\NKv͎\D*\M\s\FqЇ\m\\"\\(W\7ӱ)@[\_c\z\$=eF>x1yS48L`z*/沚?]\`\r)\no\nX\kz[;e\]\\\\\\I\\^u\n\\0\\1r[\7yB@!!]YV`^\\\Pe^\n5\|4~}\\DvoPu\@UΟOY\'х\~/|	zK\\\\\*DZj݀\q=0iA}~\\\\􁉄\"\\ ΋t8@6\&\$;~\8:\XL\r),\\\\u\\1;;%%Z_\?:;y\|<\\\ͨ?q\ʮ\G\n\\=\c\Id\'C2NP$\"@HD7 p@p\0r#\\\\0A!\"%`%7\\gz\\\\*\'9DGs햪~\}\[\Mq+f\8\HpUHnPA+\VN\\\e\nԭTԉj`a4L{d4\"=b\`J\h4P\rl||\`pl\ I!V\b\\Ĳi\Kit{\rل\\\r:\rCpb\ѨDʰr\k3Ҳp\rj\!]0f\e8\\\\Oz<yw{={-4m)C\0r\/\\-\\:|\\=s\I<\\l|u\\q0:A\r\pӐ\BHZc\0qzC\Tnb\&I.Q1.xc)K\.\\7\Z谁]%-\\~A	J~\߷7a_w	3(\"\U(8E:E<o~JKNES\O~H$.K666$Ӌf\\Z$E\ů^Ɠ\VQ\"\\x\\ߐ)\[`hB<Ts^g\1_l潛\f\6(a*|0vvJb\8\\{\\*\rےHM\C\Vp=Hh\\\(E\X^\\&W6=\|ު+\i-d2^B\"A6lS\p/`PL*Rl2\`(JPN\\=̞\\ω]s\ۨ+rPGS8@c\͝#V͘Tn\ȴ\"!\adI{3\\g\RY|\<>B!8Gf\<,\A\\\\{Wo7\}\rx\\\xmo,,cqnAv\'\1~\M\`2\\4w\\BO\\'#k\bM\Ee\\D\\_W.?+\7\\5\C	ٞ\ZoKɜ+\.\ܓe{\\"2\n<\n>;\?\\/}\劏ֈ6WMR\ZNEa8\P(QP:2@&\\\.)qC\\ϡ\jI\\\`\/\i	9	\=\D0Y$\4j 4&k\\4uT:!L֠\\\\+\6VN\cgwsHŒE\6\iF\&|\\"\Z}؆B!\*{)$S	\|Ol:-\G\*7[\\\a\):-UCB\\\l&\\´\\WdC\S\s%\/\rc\\! V;Sa5M\n+?\'%\\\dS^#D\\i|gk\*๣\,?Ot\\;_,:50L\\\&\	pvv܆\a[lD#afQ\\q I\#<c\\Z`\\\P,\c(ڝ&\1^u\\v3+d\!Trc\G\\:%d\ndNF\\\$\")[]I{p]&w\\F2x:XuJ=\\ʃd\srP@>yzn\ӕkФ\"|.q],U*\'S%ḵ!2ґ\={vB탖Qg\j\$E\q\r/B*cy\\s\g\BX\\\է/c2=<\T\\\d\0\0qom\Z\i	?M& a\ȁ9F\21M\F*E& \*o߀\t`\\J^y<,jVZ\\Vy\VW\\H<\\^}⼸[ C\L\C,¢=EzR@\\vo=<zzS\>\\%\:[	\rZ\!O!K\7-E].!c>\Z\w\Kx\\\\/#\~V\#K\)T\n,\4~P\\ASC\T\\\jw1%DCZ^&SB>\\{w\=\\\`i\\+\\0\=\S.\`\pL\Z\neRN+\\؛-K8̴&\\^Db)C\0W\\\\/]⠥t2.\4Ο9Rɲ[\6ƹӸ@XX\?10\bl;6iK=\D}9A\Z\\rh\&W\\&)n\t\aСS<h\{b\>Z\$E*\[D\n|\+/`6@\t\na\\oc6~?Vu\\V;5Zx\\⇺+\0\(a\\b>+AotXU$\\0#1\\":\&\na\nMcG\\\2\\\*UNZOn輜Gs\]L\ӐA\N\r$\\Z\P*\멨sHg2\>\\2I\w\h\\c誆@$B \ +\00\;\Zkƥe;FlR>-C\r\T}\1u($TBLtJ~\(\T\"\;2%*[L\nq\-\n굊/-,-\\F2?\\(\H\\\\.҅F\6ֶSfcO`6F)\b0ΊghԀ9\\T屆\%z{\r\\j\'	BQ|1\Z\>\\$q{`\n=\0\U\P\xo\C\L\	3S\wq\Gf͍\[\6\iL$\Lr!ш<g\ns\(\-/ceaW4{\ȑ&N6l\7%,c\NFR3Ba\nV..`\Q\P8yTPE\Zؠ\\4\r!?\\sMOR/}{kTA\\J|!?\D}mc\ \w-WĤu=i tls81\rK\ !y<\$\\\\\\r)\'\\4S\y3%c-	qK%\a+JUyt-\\\ǭ?MP)\\\r$0U-L-\/.a\\:jHUJ2\޾#Q1`k\5H\W\5\r\r5g3(\\Sj(\\Ǫ\^-\/\6&\81|!\\'3-\up\\4\\\\ǩ\=\,\J\0:b\\\)mb0#\\\7?~I9\)=+KSn!N\K\g\8C\n |4(4F\TRV\Ć\NGm\\E4w\\O\/]\\\ @\Ϙ\\#\\\0\ҫ(\\L\0\0\0\0IENDB`','2018-06-26 15:01:22','image/jpeg',73472);
/*!40000 ALTER TABLE `profile_pic` ENABLE KEYS */;
UNLOCK TABLES;

--
-- Table structure for table `province`
--

DROP TABLE IF EXISTS `province`;
/*!40101 SET @saved_cs_client     = @@character_set_client */;
/*!40101 SET character_set_client = utf8 */;
CREATE TABLE `province` (
  `province_id` int(10) unsigned zerofill NOT NULL AUTO_INCREMENT,
  `province_common_name` varchar(45) COLLATE utf8_unicode_ci DEFAULT NULL,
  PRIMARY KEY (`province_id`)
) ENGINE=InnoDB AUTO_INCREMENT=40 DEFAULT CHARSET=utf8 COLLATE=utf8_unicode_ci;
/*!40101 SET character_set_client = @saved_cs_client */;

--
-- Dumping data for table `province`
--

LOCK TABLES `province` WRITE;
/*!40000 ALTER TABLE `province` DISABLE KEYS */;
INSERT INTO `province` VALUES (0000000001,'Alberta'),(0000000002,'British Columbia'),(0000000003,'Manitoba'),(0000000004,'Newfoundland and Labrador'),(0000000005,'New Brunswick'),(0000000006,'Nova Scotia'),(0000000007,'Nunavut'),(0000000008,'North West Territories'),(0000000009,'Ontario'),(0000000010,'Prince Edward Island'),(0000000011,'Quebec'),(0000000012,'Saskatchewan'),(0000000013,'Yukon');
/*!40000 ALTER TABLE `province` ENABLE KEYS */;
UNLOCK TABLES;

--
-- Table structure for table `province_details`
--

DROP TABLE IF EXISTS `province_details`;
/*!40101 SET @saved_cs_client     = @@character_set_client */;
/*!40101 SET character_set_client = utf8 */;
CREATE TABLE `province_details` (
  `province_details_id` int(10) unsigned zerofill NOT NULL AUTO_INCREMENT,
  `province_details_province_id` int(10) unsigned zerofill NOT NULL,
  `province_details_locale_id` int(10) unsigned zerofill NOT NULL,
  `province_details_name` varchar(45) COLLATE utf8_unicode_ci NOT NULL,
  PRIMARY KEY (`province_details_id`)
) ENGINE=InnoDB AUTO_INCREMENT=27 DEFAULT CHARSET=utf8 COLLATE=utf8_unicode_ci;
/*!40101 SET character_set_client = @saved_cs_client */;

--
-- Dumping data for table `province_details`
--

LOCK TABLES `province_details` WRITE;
/*!40000 ALTER TABLE `province_details` DISABLE KEYS */;
INSERT INTO `province_details` VALUES (0000000001,0000000001,0000000001,'Alberta'),(0000000002,0000000001,0000000002,'Alberta'),(0000000003,0000000002,0000000001,'British Columbia'),(0000000004,0000000002,0000000002,'Colombie-Britannique'),(0000000005,0000000003,0000000001,'Manitoba'),(0000000006,0000000003,0000000002,'Manitoba'),(0000000007,0000000004,0000000001,'New Brunswick'),(0000000008,0000000004,0000000002,'Nouveau-Brunswick'),(0000000009,0000000005,0000000001,'Newfoundland and Labrador'),(0000000010,0000000005,0000000002,'Terre-Neuve-et-Labrador'),(0000000011,0000000006,0000000001,'Nova Scotia'),(0000000012,0000000006,0000000002,'Nouvelle-Écosse'),(0000000013,0000000007,0000000001,'Northwest Territories'),(0000000014,0000000007,0000000002,'Territoires du Nord-Ouest'),(0000000015,0000000008,0000000001,'Nunavut'),(0000000016,0000000008,0000000002,'Nunavut'),(0000000017,0000000009,0000000001,'Ontario'),(0000000018,0000000009,0000000002,'Ontario'),(0000000019,0000000010,0000000001,'Prince Edward Island'),(0000000020,0000000010,0000000002,'Île-du-Prince-Édouard'),(0000000021,0000000011,0000000001,'Quebec'),(0000000022,0000000011,0000000002,'Québec'),(0000000023,0000000012,0000000001,'Saskatchewan'),(0000000024,0000000012,0000000002,'Saskatchewan'),(0000000025,0000000013,0000000001,'Yukon'),(0000000026,0000000013,0000000002,'Yukon');
/*!40000 ALTER TABLE `province_details` ENABLE KEYS */;
UNLOCK TABLES;

--
-- Table structure for table `relationship`
--

DROP TABLE IF EXISTS `relationship`;
/*!40101 SET @saved_cs_client     = @@character_set_client */;
/*!40101 SET character_set_client = utf8 */;
CREATE TABLE `relationship` (
  `relationship_id` int(10) unsigned zerofill NOT NULL AUTO_INCREMENT,
  `relationship_name` varchar(45) NOT NULL,
  PRIMARY KEY (`relationship_id`)
) ENGINE=InnoDB AUTO_INCREMENT=4 DEFAULT CHARSET=utf8;
/*!40101 SET character_set_client = @saved_cs_client */;

--
-- Dumping data for table `relationship`
--

LOCK TABLES `relationship` WRITE;
/*!40000 ALTER TABLE `relationship` DISABLE KEYS */;
INSERT INTO `relationship` VALUES (0000000001,'superior'),(0000000002,'coworker'),(0000000003,'subordinate');
/*!40000 ALTER TABLE `relationship` ENABLE KEYS */;
UNLOCK TABLES;

--
-- Table structure for table `relationship_details`
--

DROP TABLE IF EXISTS `relationship_details`;
/*!40101 SET @saved_cs_client     = @@character_set_client */;
/*!40101 SET character_set_client = utf8 */;
CREATE TABLE `relationship_details` (
  `relationship_details_id` int(10) unsigned zerofill NOT NULL AUTO_INCREMENT,
  `relationship_id` int(10) unsigned zerofill NOT NULL,
  `locale_id` int(10) unsigned zerofill NOT NULL,
  `relationship_details_name` varchar(45) NOT NULL,
  PRIMARY KEY (`relationship_details_id`),
  KEY `fk_relationship_details_relationship_id_idx` (`relationship_id`),
  KEY `fk_relationship_locale_id_idx` (`locale_id`),
  CONSTRAINT `fk_relationship_details_relationship_id` FOREIGN KEY (`relationship_id`) REFERENCES `relationship` (`relationship_id`) ON DELETE NO ACTION ON UPDATE CASCADE,
  CONSTRAINT `fk_relationship_locale_id` FOREIGN KEY (`locale_id`) REFERENCES `locale` (`locale_id`) ON DELETE NO ACTION ON UPDATE CASCADE
) ENGINE=InnoDB AUTO_INCREMENT=7 DEFAULT CHARSET=utf8;
/*!40101 SET character_set_client = @saved_cs_client */;

--
-- Dumping data for table `relationship_details`
--

LOCK TABLES `relationship_details` WRITE;
/*!40000 ALTER TABLE `relationship_details` DISABLE KEYS */;
INSERT INTO `relationship_details` VALUES (0000000001,0000000001,0000000001,'Superior'),(0000000002,0000000001,0000000002,'Supérieur'),(0000000003,0000000002,0000000001,'Coworker'),(0000000004,0000000002,0000000002,'Collaborateur'),(0000000005,0000000003,0000000001,'Subordinate'),(0000000006,0000000003,0000000002,'Subalterne');
/*!40000 ALTER TABLE `relationship_details` ENABLE KEYS */;
UNLOCK TABLES;

--
-- Table structure for table `security_clearance`
--

DROP TABLE IF EXISTS `security_clearance`;
/*!40101 SET @saved_cs_client     = @@character_set_client */;
/*!40101 SET character_set_client = utf8 */;
CREATE TABLE `security_clearance` (
  `security_clearance_id` int(10) unsigned zerofill NOT NULL AUTO_INCREMENT,
  `security_clearance_common_name` varchar(65) NOT NULL,
  PRIMARY KEY (`security_clearance_id`)
) ENGINE=InnoDB AUTO_INCREMENT=4 DEFAULT CHARSET=utf8;
/*!40101 SET character_set_client = @saved_cs_client */;

--
-- Dumping data for table `security_clearance`
--

LOCK TABLES `security_clearance` WRITE;
/*!40000 ALTER TABLE `security_clearance` DISABLE KEYS */;
INSERT INTO `security_clearance` VALUES (0000000001,'Reliability'),(0000000002,'Secret'),(0000000003,'Top Secret');
/*!40000 ALTER TABLE `security_clearance` ENABLE KEYS */;
UNLOCK TABLES;

--
-- Table structure for table `security_clearance_details`
--

DROP TABLE IF EXISTS `security_clearance_details`;
/*!40101 SET @saved_cs_client     = @@character_set_client */;
/*!40101 SET character_set_client = utf8 */;
CREATE TABLE `security_clearance_details` (
  `security_clearance_details_id` int(10) unsigned zerofill NOT NULL AUTO_INCREMENT,
  `security_clearance_details_locale_id` int(10) unsigned zerofill NOT NULL,
  `security_clearance_id` int(10) unsigned zerofill NOT NULL,
  `security_clearance_details_name` varchar(65) CHARACTER SET utf8 COLLATE utf8_unicode_ci NOT NULL,
  PRIMARY KEY (`security_clearance_details_id`),
  KEY `fk_security_clearance_id_idx` (`security_clearance_id`),
  CONSTRAINT `fk_security_clearance_details_security_clearance_id` FOREIGN KEY (`security_clearance_id`) REFERENCES `security_clearance` (`security_clearance_id`) ON DELETE NO ACTION ON UPDATE NO ACTION
) ENGINE=InnoDB AUTO_INCREMENT=7 DEFAULT CHARSET=utf8;
/*!40101 SET character_set_client = @saved_cs_client */;

--
-- Dumping data for table `security_clearance_details`
--

LOCK TABLES `security_clearance_details` WRITE;
/*!40000 ALTER TABLE `security_clearance_details` DISABLE KEYS */;
INSERT INTO `security_clearance_details` VALUES (0000000001,0000000001,0000000001,'Reliability'),(0000000002,0000000002,0000000001,'Fiabilité'),(0000000003,0000000001,0000000002,'Secret'),(0000000004,0000000002,0000000002,'Secret'),(0000000005,0000000001,0000000003,'Top Secret'),(0000000006,0000000002,0000000003,'Très secret');
/*!40000 ALTER TABLE `security_clearance_details` ENABLE KEYS */;
UNLOCK TABLES;

--
-- Table structure for table `skill_declaration`
--

DROP TABLE IF EXISTS `skill_declaration`;
/*!40101 SET @saved_cs_client     = @@character_set_client */;
/*!40101 SET character_set_client = utf8 */;
CREATE TABLE `skill_declaration` (
  `skill_declaration_id` int(10) unsigned zerofill NOT NULL AUTO_INCREMENT,
  `criteria_id` int(10) unsigned zerofill NOT NULL,
  `job_poster_application_id` int(10) unsigned zerofill NOT NULL,
  `experience_level_id` int(10) unsigned zerofill NOT NULL,
  `skill_level_id` int(10) unsigned zerofill NOT NULL,
  `description` mediumtext NOT NULL,
  `is_active` tinyint(4) NOT NULL,
  `last_updated` timestamp NOT NULL DEFAULT CURRENT_TIMESTAMP,
  PRIMARY KEY (`skill_declaration_id`),
  KEY `fk_experience_level_id_idx` (`experience_level_id`),
  KEY `fk_skill_level_id_idx` (`skill_level_id`),
  KEY `fk_skill_declaration_criteria_id_idx` (`criteria_id`),
  KEY `fk_skill_declaration_application_id_idx` (`job_poster_application_id`),
  CONSTRAINT `fk_skill_declaration_application_id` FOREIGN KEY (`job_poster_application_id`) REFERENCES `job_poster_application` (`job_poster_application_id`) ON DELETE NO ACTION ON UPDATE CASCADE,
  CONSTRAINT `fk_skill_declaration_criteria_id` FOREIGN KEY (`criteria_id`) REFERENCES `criteria` (`criteria_id`) ON DELETE NO ACTION ON UPDATE CASCADE,
  CONSTRAINT `fk_skill_declaration_experience_level_id` FOREIGN KEY (`experience_level_id`) REFERENCES `experience_level` (`experience_level_id`) ON DELETE NO ACTION ON UPDATE CASCADE,
  CONSTRAINT `fk_skill_declaration_skill_level_id` FOREIGN KEY (`skill_level_id`) REFERENCES `skill_level` (`skill_level_id`) ON DELETE NO ACTION ON UPDATE CASCADE
) ENGINE=InnoDB AUTO_INCREMENT=12 DEFAULT CHARSET=utf8;
/*!40101 SET character_set_client = @saved_cs_client */;

--
-- Dumping data for table `skill_declaration`
--

LOCK TABLES `skill_declaration` WRITE;
/*!40000 ALTER TABLE `skill_declaration` DISABLE KEYS */;
/*!40000 ALTER TABLE `skill_declaration` ENABLE KEYS */;
UNLOCK TABLES;

--
-- Table structure for table `skill_details`
--

DROP TABLE IF EXISTS `skill_details`;
/*!40101 SET @saved_cs_client     = @@character_set_client */;
/*!40101 SET character_set_client = utf8 */;
CREATE TABLE `skill_details` (
  `skill_details_id` int(10) unsigned zerofill NOT NULL AUTO_INCREMENT,
  `skill_id` int(10) unsigned zerofill NOT NULL,
  `skill_details_locale_id` int(10) unsigned zerofill NOT NULL,
  `skill_details_name` varchar(65) NOT NULL,
  PRIMARY KEY (`skill_details_id`)
) ENGINE=InnoDB DEFAULT CHARSET=utf8;
/*!40101 SET character_set_client = @saved_cs_client */;

--
-- Dumping data for table `skill_details`
--

LOCK TABLES `skill_details` WRITE;
/*!40000 ALTER TABLE `skill_details` DISABLE KEYS */;
/*!40000 ALTER TABLE `skill_details` ENABLE KEYS */;
UNLOCK TABLES;

--
-- Table structure for table `skill_level`
--

DROP TABLE IF EXISTS `skill_level`;
/*!40101 SET @saved_cs_client     = @@character_set_client */;
/*!40101 SET character_set_client = utf8 */;
CREATE TABLE `skill_level` (
  `skill_level_id` int(10) unsigned zerofill NOT NULL AUTO_INCREMENT,
  `skill_level_common_name` varchar(65) NOT NULL,
  PRIMARY KEY (`skill_level_id`)
) ENGINE=InnoDB AUTO_INCREMENT=5 DEFAULT CHARSET=utf8;
/*!40101 SET character_set_client = @saved_cs_client */;

--
-- Dumping data for table `skill_level`
--

LOCK TABLES `skill_level` WRITE;
/*!40000 ALTER TABLE `skill_level` DISABLE KEYS */;
INSERT INTO `skill_level` VALUES (0000000001,'Beginner'),(0000000002,'Intermediate'),(0000000003,'Expert'),(0000000004,'Master');
/*!40000 ALTER TABLE `skill_level` ENABLE KEYS */;
UNLOCK TABLES;

--
-- Table structure for table `skill_level_details`
--

DROP TABLE IF EXISTS `skill_level_details`;
/*!40101 SET @saved_cs_client     = @@character_set_client */;
/*!40101 SET character_set_client = utf8 */;
CREATE TABLE `skill_level_details` (
  `skill_level_details_id` int(10) unsigned zerofill NOT NULL AUTO_INCREMENT,
  `skill_level_id` int(10) unsigned zerofill NOT NULL,
  `skill_level_details_locale_id` int(10) unsigned zerofill NOT NULL,
  `skill_level_details_name` varchar(65) NOT NULL,
  PRIMARY KEY (`skill_level_details_id`),
  KEY `fk_skill_level_id_idx` (`skill_level_id`),
  CONSTRAINT `fk_skill_level_details_skill_level_id` FOREIGN KEY (`skill_level_id`) REFERENCES `skill_level` (`skill_level_id`) ON DELETE CASCADE ON UPDATE CASCADE
) ENGINE=InnoDB AUTO_INCREMENT=9 DEFAULT CHARSET=utf8;
/*!40101 SET character_set_client = @saved_cs_client */;

--
-- Dumping data for table `skill_level_details`
--

LOCK TABLES `skill_level_details` WRITE;
/*!40000 ALTER TABLE `skill_level_details` DISABLE KEYS */;
INSERT INTO `skill_level_details` VALUES (0000000001,0000000001,0000000001,'Beginner'),(0000000002,0000000001,0000000002,'Débutant'),(0000000003,0000000002,0000000001,'Intermediate'),(0000000004,0000000002,0000000002,'Intermédiaire'),(0000000005,0000000003,0000000001,'Expert'),(0000000006,0000000003,0000000002,'Expert'),(0000000007,0000000004,0000000001,'Master'),(0000000008,0000000004,0000000002,'Maître');
/*!40000 ALTER TABLE `skill_level_details` ENABLE KEYS */;
UNLOCK TABLES;

--
-- Table structure for table `team_culture`
--

DROP TABLE IF EXISTS `team_culture`;
/*!40101 SET @saved_cs_client     = @@character_set_client */;
/*!40101 SET character_set_client = utf8 */;
CREATE TABLE `team_culture` (
  `id` int(10) unsigned zerofill NOT NULL AUTO_INCREMENT,
  `team_size` int(10) NOT NULL,
  `gc_directory_url` varchar(255) COLLATE utf8_unicode_ci NOT NULL,
  PRIMARY KEY (`id`)
) ENGINE=InnoDB AUTO_INCREMENT=4 DEFAULT CHARSET=utf8 COLLATE=utf8_unicode_ci;
/*!40101 SET character_set_client = @saved_cs_client */;

--
-- Dumping data for table `team_culture`
--

LOCK TABLES `team_culture` WRITE;
/*!40000 ALTER TABLE `team_culture` DISABLE KEYS */;
INSERT INTO `team_culture` VALUES (0000000003,10,'https://gccollab.ca/groups/profile/19750/talent-cloud-nuage-de-talent');
/*!40000 ALTER TABLE `team_culture` ENABLE KEYS */;
UNLOCK TABLES;

--
-- Table structure for table `team_culture_details`
--

DROP TABLE IF EXISTS `team_culture_details`;
/*!40101 SET @saved_cs_client     = @@character_set_client */;
/*!40101 SET character_set_client = utf8 */;
CREATE TABLE `team_culture_details` (
  `id` int(10) unsigned zerofill NOT NULL AUTO_INCREMENT,
  `team_culture_id` int(10) unsigned zerofill NOT NULL,
  `locale_id` int(10) unsigned zerofill NOT NULL,
  `narrative_text` mediumtext COLLATE utf8_unicode_ci NOT NULL,
  `operating_context` mediumtext COLLATE utf8_unicode_ci NOT NULL,
  `what_we_value` mediumtext COLLATE utf8_unicode_ci NOT NULL,
  `how_we_work` mediumtext COLLATE utf8_unicode_ci NOT NULL,
  PRIMARY KEY (`id`)
) ENGINE=InnoDB AUTO_INCREMENT=7 DEFAULT CHARSET=utf8 COLLATE=utf8_unicode_ci;
/*!40101 SET character_set_client = @saved_cs_client */;

--
-- Dumping data for table `team_culture_details`
--

LOCK TABLES `team_culture_details` WRITE;
/*!40000 ALTER TABLE `team_culture_details` DISABLE KEYS */;
INSERT INTO `team_culture_details` VALUES (0000000005,0000000003,0000000001,'We are driving the Government of Canada into the future of work, kicking and screaming.','I\'m not entirely sure what this means.','We value flexibility, continual development, and a commitment to real-world accomplishments.','We run a distributed development team which meets frequently via teleconfrencing, according to Agile development practices. Meanwhile, the brilliant Research, Design, and Politics team is based in Ottawa.'),(0000000006,0000000003,0000000002,'We are driving the Government of Canada into the future of work, kicking and screaming. In French, sometimes.','Je ne sais pas.','We value flexibility, continual development, and a commitment to real-world accomplishments. (TRANSLATION NEEDED)','Developeurs distribue, les dirigents en Ottawa.');
/*!40000 ALTER TABLE `team_culture_details` ENABLE KEYS */;
UNLOCK TABLES;

--
-- Table structure for table `user`
--

DROP TABLE IF EXISTS `user`;
/*!40101 SET @saved_cs_client     = @@character_set_client */;
/*!40101 SET character_set_client = utf8 */;
CREATE TABLE `user` (
  `user_id` int(10) unsigned zerofill NOT NULL AUTO_INCREMENT,
  `email` varchar(65) COLLATE utf8_unicode_ci NOT NULL,
  `name` varchar(255) COLLATE utf8_unicode_ci DEFAULT NULL,
  `is_confirmed` tinyint(1) DEFAULT '0',
  `user_role_id` int(10) unsigned zerofill NOT NULL,
  `open_id` int(10) NOT NULL,
  PRIMARY KEY (`user_id`,`open_id`),
  UNIQUE KEY `email_UNIQUE` (`email`),
  UNIQUE KEY `open_id_UNIQUE` (`open_id`)
) ENGINE=InnoDB AUTO_INCREMENT=12 DEFAULT CHARSET=utf8 COLLATE=utf8_unicode_ci;
/*!40101 SET character_set_client = @saved_cs_client */;

--
-- Dumping data for table `user`
--

LOCK TABLES `user` WRITE;
/*!40000 ALTER TABLE `user` DISABLE KEYS */;
INSERT INTO `user` VALUES (0000000003,'grant.d.barnes@gmail.com','Grant Barnes',1,0000000003,11959),(0000000004,'tristan.o.rourke@gmail.com','Morgan O\'Rourke',1,0000000001,15544),(0000000005,'talent.cloud-nuage.de.talents@tbs-sct.gc.ca','Talent Cloud Tester',1,0000000001,8644),(0000000006,'obyrne.gray@gmail.com','Gray O\'Byrne',1,0000000001,517),(0000000007,'valerie.thomas@tbs-sct.gc.ca','Valerie Thomas',1,0000000001,729),(0000000008,'imjoshdrink@gmail.com','Josh Beveridge',1,0000000001,3619),(0000000009,'Shelley.Merrifield@tbs-sct.gc.ca','Shelley Merrifield',1,0000000001,4133),(0000000010,'Rosita.Kwok@tbs-sct.gc.ca','Rosita Kwok',1,0000000001,1748),(0000000011,'jerryescandon@gmail.com','Gerardo Escandon',1,0000000001,5732);
/*!40000 ALTER TABLE `user` ENABLE KEYS */;
UNLOCK TABLES;

--
-- Table structure for table `user_job_seeker_profiles`
--

DROP TABLE IF EXISTS `user_job_seeker_profiles`;
/*!40101 SET @saved_cs_client     = @@character_set_client */;
/*!40101 SET character_set_client = utf8 */;
CREATE TABLE `user_job_seeker_profiles` (
  `user_id` int(10) unsigned zerofill NOT NULL,
  `job_seeker_profile_id` int(10) unsigned zerofill NOT NULL,
  PRIMARY KEY (`user_id`,`job_seeker_profile_id`)
) ENGINE=InnoDB DEFAULT CHARSET=utf8 COLLATE=utf8_unicode_ci;
/*!40101 SET character_set_client = @saved_cs_client */;

--
-- Dumping data for table `user_job_seeker_profiles`
--

LOCK TABLES `user_job_seeker_profiles` WRITE;
/*!40000 ALTER TABLE `user_job_seeker_profiles` DISABLE KEYS */;
INSERT INTO `user_job_seeker_profiles` VALUES (0000000004,0000000003),(0000000005,0000000004),(0000000006,0000000005),(0000000007,0000000006),(0000000008,0000000007),(0000000009,0000000008),(0000000010,0000000009),(0000000010,0000000010),(0000000011,0000000011),(0000000011,0000000012),(0000000011,0000000013),(0000000011,0000000014);
/*!40000 ALTER TABLE `user_job_seeker_profiles` ENABLE KEYS */;
UNLOCK TABLES;

--
-- Table structure for table `user_manager_profile`
--

DROP TABLE IF EXISTS `user_manager_profile`;
/*!40101 SET @saved_cs_client     = @@character_set_client */;
/*!40101 SET character_set_client = utf8 */;
CREATE TABLE `user_manager_profile` (
  `user_manager_profile_id` int(10) unsigned zerofill NOT NULL AUTO_INCREMENT,
  `user_manager_profile_department_id` int(10) DEFAULT NULL,
  `user_manager_profile_twitter` varchar(65) COLLATE utf8_unicode_ci DEFAULT NULL,
  `user_manager_profile_linkedin` varchar(65) COLLATE utf8_unicode_ci DEFAULT NULL,
  `user_id` int(10) NOT NULL,
  PRIMARY KEY (`user_manager_profile_id`)
) ENGINE=InnoDB AUTO_INCREMENT=3 DEFAULT CHARSET=utf8 COLLATE=utf8_unicode_ci;
/*!40101 SET character_set_client = @saved_cs_client */;

--
-- Dumping data for table `user_manager_profile`
--

LOCK TABLES `user_manager_profile` WRITE;
/*!40000 ALTER TABLE `user_manager_profile` DISABLE KEYS */;
INSERT INTO `user_manager_profile` VALUES (0000000002,1,'@TalentCloud','',3);
/*!40000 ALTER TABLE `user_manager_profile` ENABLE KEYS */;
UNLOCK TABLES;

--
-- Table structure for table `user_manager_profile_details`
--

DROP TABLE IF EXISTS `user_manager_profile_details`;
/*!40101 SET @saved_cs_client     = @@character_set_client */;
/*!40101 SET character_set_client = utf8 */;
CREATE TABLE `user_manager_profile_details` (
  `user_manager_profile_details_id` int(10) unsigned zerofill NOT NULL AUTO_INCREMENT,
  `locale_id` int(10) NOT NULL,
  `user_manager_profile_details_aboutme` mediumtext COLLATE utf8_unicode_ci,
  `user_manager_profile_details_proud` mediumtext COLLATE utf8_unicode_ci,
  `user_manager_profile_details_branch` varchar(65) COLLATE utf8_unicode_ci DEFAULT NULL,
  `user_manager_profile_details_division` varchar(65) COLLATE utf8_unicode_ci DEFAULT NULL,
  `user_manager_profile_details_position` varchar(65) COLLATE utf8_unicode_ci DEFAULT NULL,
  `user_manager_profile_details_lead_style` mediumtext COLLATE utf8_unicode_ci,
  `user_manager_profile_details_emp_learn` mediumtext COLLATE utf8_unicode_ci,
  `user_manager_profile_details_expectations` mediumtext COLLATE utf8_unicode_ci,
  `user_manager_profile_id` int(10) NOT NULL,
  `user_manager_profile_review_options` varchar(45) COLLATE utf8_unicode_ci DEFAULT NULL,
  `user_manager_profile_staylate` varchar(45) COLLATE utf8_unicode_ci DEFAULT NULL,
  `user_manager_profile_engage` varchar(45) COLLATE utf8_unicode_ci DEFAULT NULL,
  `user_manager_profile_devops` varchar(45) COLLATE utf8_unicode_ci DEFAULT NULL,
  `user_manager_profile_lvwRequests` varchar(45) COLLATE utf8_unicode_ci DEFAULT NULL,
  `user_manager_profile_work_experience` mediumtext COLLATE utf8_unicode_ci,
  `user_manager_profile_education` mediumtext COLLATE utf8_unicode_ci,
  PRIMARY KEY (`user_manager_profile_details_id`)
) ENGINE=InnoDB AUTO_INCREMENT=4 DEFAULT CHARSET=utf8 COLLATE=utf8_unicode_ci;
/*!40101 SET character_set_client = @saved_cs_client */;

--
-- Dumping data for table `user_manager_profile_details`
--

LOCK TABLES `user_manager_profile_details` WRITE;
/*!40000 ALTER TABLE `user_manager_profile_details` DISABLE KEYS */;
INSERT INTO `user_manager_profile_details` VALUES (0000000002,1,'Lorem ipsum dolor sit amet, consectetur adipiscing elit. Quisque et eleifend neque. Maecenas viverra rutrum cursus. Aenean risus arcu, blandit eget dui sed, euismod maximus ex. Nulla sed efficitur nisi. Nunc orci libero, euismod sed placerat non, gravida et eros. Nam sed velit quis mi dapibus tempus sed a augue. Curabitur ac consectetur elit, a bibendum nunc. Nullam finibus a nulla dictum cursus. Aliquam suscipit urna non diam cursus lacinia. Praesent finibus nibh a enim tristique, a dictum orci hendrerit. Aliquam pellentesque sapien justo, a finibus risus euismod in. Integer cursus metus leo, ut porta ante egestas at. Pellentesque luctus odio sit amet euismod dignissim. Vivamus arcu tortor, auctor malesuada auctor et, vulputate a justo. Sed non rhoncus leo, et lobortis nibh. Aenean mollis aliquet magna, a gravida orci aliquet non.','I\'m most proud of helping test Talent Cloud','Technology','Talent Cloud','Dummy Hiring Manager','Donec lobortis odio ut viverra iaculis. Proin nulla felis, iaculis ut odio non, egestas vehicula lectus. Nullam eget tortor a tellus aliquet mattis. Integer vulputate lectus non commodo cursus. Sed bibendum nulla ut dolor lobortis, nec molestie mi luctus. Nullam viverra sapien at mi semper, ac interdum lorem blandit. Pellentesque accumsan purus diam, ut facilisis diam fermentum eu. Praesent scelerisque quis nulla non dictum. Etiam eleifend odio et efficitur varius.','Employees should be the best they can be, and their superiors should help them reach that.','As an artificial being, I expect nothing.',2,'option1','option1','option3','option4','option2','undefined','undefined'),(0000000003,2,'Lorem ipsum dolor sit amet, consectetur adipiscing elit. Quisque et eleifend neque. Maecenas viverra rutrum cursus. Aenean risus arcu, blandit eget dui sed, euismod maximus ex. Nulla sed efficitur nisi. Nunc orci libero, euismod sed placerat non, gravida et eros. Nam sed velit quis mi dapibus tempus sed a augue. Curabitur ac consectetur elit, a bibendum nunc. Nullam finibus a nulla dictum cursus. Aliquam suscipit urna non diam cursus lacinia. Praesent finibus nibh a enim tristique, a dictum orci hendrerit. Aliquam pellentesque sapien justo, a finibus risus euismod in. Integer cursus metus leo, ut porta ante egestas at. Pellentesque luctus odio sit amet euismod dignissim. Vivamus arcu tortor, auctor malesuada auctor et, vulputate a justo. Sed non rhoncus leo, et lobortis nibh. Aenean mollis aliquet magna, a gravida orci aliquet non.','Je suis fier d\'aider en testing de Talent Cloud','Technology','Talent Cloud','Dummy Hiring Manager fr','Donec lobortis odio ut viverra iaculis. Proin nulla felis, iaculis ut odio non, egestas vehicula lectus. Nullam eget tortor a tellus aliquet mattis. Integer vulputate lectus non commodo cursus. Sed bibendum nulla ut dolor lobortis, nec molestie mi luctus. Nullam viverra sapien at mi semper, ac interdum lorem blandit. Pellentesque accumsan purus diam, ut facilisis diam fermentum eu. Praesent scelerisque quis nulla non dictum. Etiam eleifend odio et efficitur varius.','Aproach _fr.','Rien.',2,'option1','option1','option3','option4','option2','undefined','undefined');
/*!40000 ALTER TABLE `user_manager_profile_details` ENABLE KEYS */;
UNLOCK TABLES;

--
-- Table structure for table `user_role`
--

DROP TABLE IF EXISTS `user_role`;
/*!40101 SET @saved_cs_client     = @@character_set_client */;
/*!40101 SET character_set_client = utf8 */;
CREATE TABLE `user_role` (
  `user_role_id` int(10) unsigned zerofill NOT NULL AUTO_INCREMENT,
  `user_role` varchar(45) COLLATE utf8_unicode_ci DEFAULT NULL,
  PRIMARY KEY (`user_role_id`)
) ENGINE=InnoDB AUTO_INCREMENT=4 DEFAULT CHARSET=utf8 COLLATE=utf8_unicode_ci;
/*!40101 SET character_set_client = @saved_cs_client */;

--
-- Dumping data for table `user_role`
--

LOCK TABLES `user_role` WRITE;
/*!40000 ALTER TABLE `user_role` DISABLE KEYS */;
INSERT INTO `user_role` VALUES (0000000001,'jobseeker'),(0000000002,'manager'),(0000000003,'administrator');
/*!40000 ALTER TABLE `user_role` ENABLE KEYS */;
UNLOCK TABLES;

--
-- Table structure for table `user_token`
--

DROP TABLE IF EXISTS `user_token`;
/*!40101 SET @saved_cs_client     = @@character_set_client */;
/*!40101 SET character_set_client = utf8 */;
CREATE TABLE `user_token` (
  `user_token_id` int(10) unsigned zerofill NOT NULL AUTO_INCREMENT,
  `user_id` int(10) unsigned zerofill NOT NULL,
  `access_token` varchar(255) COLLATE utf8_unicode_ci NOT NULL,
  `expires_in` int(5) NOT NULL,
  `token_type` varchar(45) COLLATE utf8_unicode_ci NOT NULL,
  `scope` varchar(45) COLLATE utf8_unicode_ci DEFAULT NULL,
  PRIMARY KEY (`user_token_id`)
) ENGINE=InnoDB DEFAULT CHARSET=utf8 COLLATE=utf8_unicode_ci;
/*!40101 SET character_set_client = @saved_cs_client */;

--
-- Dumping data for table `user_token`
--

LOCK TABLES `user_token` WRITE;
/*!40000 ALTER TABLE `user_token` DISABLE KEYS */;
/*!40000 ALTER TABLE `user_token` ENABLE KEYS */;
UNLOCK TABLES;

--
-- Table structure for table `user_user_manager_profile`
--

DROP TABLE IF EXISTS `user_user_manager_profile`;
/*!40101 SET @saved_cs_client     = @@character_set_client */;
/*!40101 SET character_set_client = utf8 */;
CREATE TABLE `user_user_manager_profile` (
  `user_id` int(10) NOT NULL,
  `user_manager_profile_id` int(10) NOT NULL,
  PRIMARY KEY (`user_id`,`user_manager_profile_id`)
) ENGINE=InnoDB DEFAULT CHARSET=utf8 COLLATE=utf8_unicode_ci;
/*!40101 SET character_set_client = @saved_cs_client */;

--
-- Dumping data for table `user_user_manager_profile`
--

LOCK TABLES `user_user_manager_profile` WRITE;
/*!40000 ALTER TABLE `user_user_manager_profile` DISABLE KEYS */;
/*!40000 ALTER TABLE `user_user_manager_profile` ENABLE KEYS */;
UNLOCK TABLES;

--
-- Table structure for table `work_environment`
--

DROP TABLE IF EXISTS `work_environment`;
/*!40101 SET @saved_cs_client     = @@character_set_client */;
/*!40101 SET character_set_client = utf8 */;
CREATE TABLE `work_environment` (
  `id` int(10) unsigned zerofill NOT NULL AUTO_INCREMENT,
  `remote_allowed` varchar(45) COLLATE utf8_unicode_ci NOT NULL,
  `telework_allowed` varchar(45) COLLATE utf8_unicode_ci NOT NULL,
  `flexible_allowed` varchar(45) COLLATE utf8_unicode_ci NOT NULL,
  PRIMARY KEY (`id`)
) ENGINE=InnoDB AUTO_INCREMENT=3 DEFAULT CHARSET=utf8 COLLATE=utf8_unicode_ci;
/*!40101 SET character_set_client = @saved_cs_client */;

--
-- Dumping data for table `work_environment`
--

LOCK TABLES `work_environment` WRITE;
/*!40000 ALTER TABLE `work_environment` DISABLE KEYS */;
INSERT INTO `work_environment` VALUES (0000000002,'option0','option4','option4');
/*!40000 ALTER TABLE `work_environment` ENABLE KEYS */;
UNLOCK TABLES;

--
-- Table structure for table `work_sample`
--

DROP TABLE IF EXISTS `work_sample`;
/*!40101 SET @saved_cs_client     = @@character_set_client */;
/*!40101 SET character_set_client = utf8 */;
CREATE TABLE `work_sample` (
  `work_sample_id` int(10) unsigned zerofill NOT NULL AUTO_INCREMENT,
  `work_sample_name` varchar(45) NOT NULL,
  `work_sample_date_created` date NOT NULL,
  `file_type_id` int(10) unsigned zerofill NOT NULL,
  `work_sample_url` varchar(65) NOT NULL,
  `work_sample_story` text,
  PRIMARY KEY (`work_sample_id`),
  KEY `fk_work_sample_file_type_id_idx` (`file_type_id`),
  CONSTRAINT `fk_work_sample_file_type_id` FOREIGN KEY (`file_type_id`) REFERENCES `file_type` (`file_type_id`) ON DELETE NO ACTION ON UPDATE CASCADE
) ENGINE=InnoDB DEFAULT CHARSET=utf8;
/*!40101 SET character_set_client = @saved_cs_client */;

--
-- Dumping data for table `work_sample`
--

LOCK TABLES `work_sample` WRITE;
/*!40000 ALTER TABLE `work_sample` DISABLE KEYS */;
/*!40000 ALTER TABLE `work_sample` ENABLE KEYS */;
UNLOCK TABLES;

--
-- Table structure for table `workplace_photo`
--

DROP TABLE IF EXISTS `workplace_photo`;
/*!40101 SET @saved_cs_client     = @@character_set_client */;
/*!40101 SET character_set_client = utf8 */;
CREATE TABLE `workplace_photo` (
  `id` int(10) unsigned zerofill NOT NULL AUTO_INCREMENT,
  `image` longblob NOT NULL,
  `mime_type` varchar(45) COLLATE utf8_unicode_ci NOT NULL,
  `size` int(11) NOT NULL,
  PRIMARY KEY (`id`)
) ENGINE=InnoDB AUTO_INCREMENT=4 DEFAULT CHARSET=utf8 COLLATE=utf8_unicode_ci;
/*!40101 SET character_set_client = @saved_cs_client */;

--
-- Dumping data for table `workplace_photo`
--

LOCK TABLES `workplace_photo` WRITE;
/*!40000 ALTER TABLE `workplace_photo` DISABLE KEYS */;
/*!40000 ALTER TABLE `workplace_photo` ENABLE KEYS */;
UNLOCK TABLES;

--
-- Table structure for table `workplace_photo_caption`
--

DROP TABLE IF EXISTS `workplace_photo_caption`;
/*!40101 SET @saved_cs_client     = @@character_set_client */;
/*!40101 SET character_set_client = utf8 */;
CREATE TABLE `workplace_photo_caption` (
  `work_environment_id` int(10) unsigned zerofill NOT NULL,
  `photo_name` varchar(65) COLLATE utf8_unicode_ci NOT NULL,
  `workplace_photo_id` int(10) unsigned zerofill DEFAULT NULL,
  `description` varchar(120) COLLATE utf8_unicode_ci NOT NULL,
  PRIMARY KEY (`work_environment_id`,`photo_name`)
) ENGINE=InnoDB DEFAULT CHARSET=utf8 COLLATE=utf8_unicode_ci;
/*!40101 SET character_set_client = @saved_cs_client */;

--
-- Dumping data for table `workplace_photo_caption`
--

LOCK TABLES `workplace_photo_caption` WRITE;
/*!40000 ALTER TABLE `workplace_photo_caption` DISABLE KEYS */;
INSERT INTO `workplace_photo_caption` VALUES (0000000002,'workplace_photo_1',NULL,''),(0000000002,'workplace_photo_2',NULL,''),(0000000002,'workplace_photo_3',NULL,'');
/*!40000 ALTER TABLE `workplace_photo_caption` ENABLE KEYS */;
UNLOCK TABLES;
/*!40103 SET TIME_ZONE=@OLD_TIME_ZONE */;

/*!40101 SET SQL_MODE=@OLD_SQL_MODE */;
/*!40014 SET FOREIGN_KEY_CHECKS=@OLD_FOREIGN_KEY_CHECKS */;
/*!40014 SET UNIQUE_CHECKS=@OLD_UNIQUE_CHECKS */;
/*!40101 SET CHARACTER_SET_CLIENT=@OLD_CHARACTER_SET_CLIENT */;
/*!40101 SET CHARACTER_SET_RESULTS=@OLD_CHARACTER_SET_RESULTS */;
/*!40101 SET COLLATION_CONNECTION=@OLD_COLLATION_CONNECTION */;
/*!40111 SET SQL_NOTES=@OLD_SQL_NOTES */;

-- Dump completed on 2018-06-26 11:20:25
